question,ground_truth,answer,contexts,n_contexts,kb_answered,uj_web_answered,full_web_answered,used_deep_retrieval,retrieval_query,route_mode,route_candidates,variant,id,collection,subtopic,difficulty,source_hint,gold_chunks,user_input,retrieved_contexts,response,reference,answer_relevancy,context_precision,faithfulness,context_recall
ما تعريف الخطة الدراسية حسب اللوائح؟,هي مجموعة المقررات الدراسية الإجبارية والاختيارية والحرة، والتي يشكل مجموع وحداتها متطلبات التخرج التي يجب على الطالب اجتيازها بنجاح للحصول على الدرجة العلمية في التخصص المحدد.,"تعريف الخطة الدراسية حسب اللوائح هو أنها ""مجموعة المقررات الدراسية الإلزامية والاختيارية والحرّة، والتي يشكل مجموع وحداتها متطلبات التخرج التي يجب على الطالب اجتيازها بنجاح للحصول على الدرجة العلمية في التخصص المحدد.""","['[page:2|def:5|part:0] (collection=regulations)\nمصطلح: الخطه الدراسيه التعريف: هي مجموعه المقررات الدراسيه الاجباريه والاختياريه والحره، والتي يشكل مجموع وحداتها متطلبات التخرج التي يجب علي الطالب اجتيازها بنجاح للحصول علي الدرجه العلميه في التخصص المحدد.', '[page:2|def:6|part:0] (collection=regulations)\nمصطلح: المقرر الدراسي التعريف: ماده دراسيه يتبع مستوي محدداً ضمن الخطه الدراسيه المعتمده في كل تخصص، ويكون لكل مقرر رقم ورمز ووصف مفردات يميزه من حيث المحتوي والمستوي عما سواه من مقررات، وله ملف خاص يحفظ لاغراض المتابعه والتقييم، ويجوز ان يكون لبعض المقررات متطلبات سابقه او متزامنه معه.', '[page:2|def:4|part:0] (collection=regulations)\nمصطلح: المستوي الدراسي التعريف: هو الدليل علي المرحله الدراسيه، وفقاً للخطط الدراسيه المعتمده.', '[page:2|def:2|part:0] (collection=regulations)\nمصطلح: الفصل الدراسي التعريف: مده زمنيه لا تقل عن خمسه عشر اسبوعاً تدرس علي مداها المقررات الدراسيه، ولا تدخل من ضمنها فترتا التسجيل والاختبارات النهائيه.', '[page:11|article:8.1|part:0] (collection=regulations)\nرقم الصفحه: 11 رقم الماده: 8.1 العنوان: القاعده التنفيذيه للماده الثامنه البنود: ١. التحميل الدراسي ا) لا يُسجل الطالب في مقرر او اكثر يلزم بدراسه متطلباتها اذا ليس في المجموعه الحد الادني من الوحدات الدراسيه. ب) اذا لم يسجل الطالب في مقررات المستوي الواجب عليه اجتيازها بالكامل، يلزم بدراسه مقررات من المستويات التي تليه مستوي او مستوي واحد بشرط الا يتجاوز الحد الادني من الوحدات الدراسيه. ج) لمجلس الكليه النظر في دراسه مقررات اعلي من المستوي هنا ومقارنتها مع مقررات لازمه من المستويات التي تليه مستوي وفقاً لما يستدعيه الجدول. د) ان يكون تسجيل الطالب في المقررات تحت ضوابط قيود الخطه الدراسيه. ٢. الارتباط بالعبء الدراسي ا) لا يرتبط العبء الدراسي للطالب بمعدله التراكمي علي ان لا يقل عن الحد الادني ولا يزيد عن الحد الاقصي حسب قرار اللجنه الدائمه للقبول والتسجيل.', '[page:12|article:8.1|part:0] (collection=regulations)\nرقم الصفحه: 12 رقم الماده: 8.1 العنوان: يتبع القاعده التنفيذيه للماده الثامنه البنود: ٣) ان لا يكون هناك تعارض في جدول الطالب. ٤. عند عجز تحميل الطالب للعبء الدراسي عند عجز تحميل الطالب للعبء الدراسي من مقررات المستوي الذي يلزمه بسبب التعارض، او عدم انهاء المتطلبات السابقه، او انهاء مجموع مقررات ذلك المستوي، يكمل العبء الدراسي من مقررات المستويات التاليه للمستوي الملزم بها. واذا تعذر اكمال وحدات العبء الدراسي بعد ذلك يكتفي بالحد الادني للحد الدراسي الذي يُقرره له حتي لو كان عددها دون الحد الادني، وذلك بالتنسيق بين الكليه المعنيه للطالب وعماده القبول والتسجيل. ٥. تسجيل المقررات والمستويات العاليه ا) يُحدد عدد المقررات العاليه المسموح بتسجيل مقررات منها بمرسوم، ويجوز بموافقه عماده القبول والتسجيل تحديد مستويات اخري للكليات التي تستدعي طبيعه الدراسه فيها خلاف ذلك. ب) تتم عمليه تسجيل الجداول الدراسيه للطالب خلال الفتره الزمنيه المحدده في التقويم الجامعي.', '[page:14|article:8.1|part:0] (collection=regulations)\nرقم الصفحه: 14 رقم الماده: 8.1 العنوان: يتبع القاعده التنفيذيه للماده الثامنه البنود: ٧. شروط عمليات حذف واضافه مقررات للطالب شروط حذف مقرر/مقررات ١) الا يقل عدد الساعات الدراسيه بعد الحذف عن الحد الادني للعبء الدراسي للطالب، ولعماده القبول والتسجيل – او من تفوضه – الاستثناء في ذلك. ٢) لا يحق للطالب حذف مقرر ويكون هذا المقرر مصاحباً لمقرر اخر او من متطلبات مقرر اخر، الا بحذفهِما معاً وتحت شروط الفقره اعلاه. شروط اضافه مقرر/مقررات ١) ان لا يكون هناك تعارض في جدول الطالب. ٢) ان يكون المقرر ضمن الخطه الدراسيه. ٣) توفر شعبه في الشعب المطروحه للمقرر. ٤) اجتياز كل متطلبات المقرر السابقه، او تسجيل المتطلبات المصاحبه. ضوابط للعبء الدراسي للطالب ١) عدم تجاوز الحد الاعلي للعبء الدراسي للطالب. ٢) عدم اضافه مقرر يؤدي الي تجاوز العدد الكلي لساعات الخطه الدراسيه. ٣) لعماده القبول والتسجيل – او من تفوضه – الاستثناء من ذلك. ٨. انتهاء الفتره المحدده لتسجيل الجداول', '[page:4|def:19|part:0] (collection=regulations)\nمصطلح: العبء الدراسي التعريف: مجموع الوحدات الدراسيه التي يسمح للطالب التسجيل فيها في فصل دراسي، ويتحدد الحد الاعلي والادني للعبء الدراسي حسب القواعد التنفيذيه للجامعه.', '[page:13|article:8.1|part:0] (collection=regulations)\nرقم الصفحه: 13 رقم الماده: 8.1 العنوان: يتبع القاعده التنفيذيه للماده الثامنه البنود: ٦. حاله تخرج الطالب في حاله التخرج للطالب، يجوز لعماده القبول والتسجيل – او من تفوضه – الموافقه علي زياده الحد الاعلي للعبء الاكاديمي للطالب باضافه مقرر واحد او اكثر بحيث لا يتجاوز عدد الساعات الدراسيه 24 ساعه، وفي حال عدم تجاوزه 24 ساعه يجب الا يتجاوز 12 ساعه دراسيه للفصل الصيفي بعد موافقه الفئه المختصه. شروط حذف مقرر / مقررات ١) لا ينبغي ان يؤدي حذف مقرر بعد الحذف عن الحد الادني للعبء الدراسي للطالب، ولعماده القبول والتسجيل – او من تفوضه – الاستثناء في ذلك. ٢) لا يحق للطالب حذف مقرر ويكون هذا المقرر متطلب لمقرر اخر او من متطلبات مقرر اخر، الا بحذفهِما معاً وتحت شروط الفقره (اعلاه). شروط اضافه مقرر / مقررات ١) ان لا يكون هناك تعارض بين جدول الطالب. ٢) ان يكون المقرر ضمن الخطه الدراسيه. ٣) ان يكون متوفراً في الشعب المطروحه للمقرر. ٤) اجتياز كل متطلبات المقرر السابقه، او تسجيل المتطلبات المصاحبه. ضوابط الحد الاعلي للعبء الدراسي', '[page:4|def:25|part:0] (collection=regulations)\nمصطلح: الحد الادني للعبء الدراسي التعريف: هو عدد الوحدات الدراسيه التي يسجلها الطالب خلال المستوي الدراسي بما لا يقل عن (12) وحده دراسيه للنظام الفصلي وعن (24) وحده دراسيه للنظام السنوي.']",10,False,False,False,True,ما تعريف الخطة الدراسية حسب اللوائح؟,,[],,Q001,regulations,definitions,easy,STUDENT_RULES definitions,STUDENT_RULES.json | definition: الخطة الدراسية | page 1,ما تعريف الخطة الدراسية حسب اللوائح؟,"['[page:2|def:5|part:0] (collection=regulations)\nمصطلح: الخطه الدراسيه التعريف: هي مجموعه المقررات الدراسيه الاجباريه والاختياريه والحره، والتي يشكل مجموع وحداتها متطلبات التخرج التي يجب علي الطالب اجتيازها بنجاح للحصول علي الدرجه العلميه في التخصص المحدد.', '[page:2|def:6|part:0] (collection=regulations)\nمصطلح: المقرر الدراسي التعريف: ماده دراسيه يتبع مستوي محدداً ضمن الخطه الدراسيه المعتمده في كل تخصص، ويكون لكل مقرر رقم ورمز ووصف مفردات يميزه من حيث المحتوي والمستوي عما سواه من مقررات، وله ملف خاص يحفظ لاغراض المتابعه والتقييم، ويجوز ان يكون لبعض المقررات متطلبات سابقه او متزامنه معه.', '[page:2|def:4|part:0] (collection=regulations)\nمصطلح: المستوي الدراسي التعريف: هو الدليل علي المرحله الدراسيه، وفقاً للخطط الدراسيه المعتمده.', '[page:2|def:2|part:0] (collection=regulations)\nمصطلح: الفصل الدراسي التعريف: مده زمنيه لا تقل عن خمسه عشر اسبوعاً تدرس علي مداها المقررات الدراسيه، ولا تدخل من ضمنها فترتا التسجيل والاختبارات النهائيه.', '[page:11|article:8.1|part:0] (collection=regulations)\nرقم الصفحه: 11 رقم الماده: 8.1 العنوان: القاعده التنفيذيه للماده الثامنه البنود: ١. التحميل الدراسي ا) لا يُسجل الطالب في مقرر او اكثر يلزم بدراسه متطلباتها اذا ليس في المجموعه الحد الادني من الوحدات الدراسيه. ب) اذا لم يسجل الطالب في مقررات المستوي الواجب عليه اجتيازها بالكامل، يلزم بدراسه مقررات من المستويات التي تليه مستوي او مستوي واحد بشرط الا يتجاوز الحد الادني من الوحدات الدراسيه. ج) لمجلس الكليه النظر في دراسه مقررات اعلي من المستوي هنا ومقارنتها مع مقررات لازمه من المستويات التي تليه مستوي وفقاً لما يستدعيه الجدول. د) ان يكون تسجيل الطالب في المقررات تحت ضوابط قيود الخطه الدراسيه. ٢. الارتباط بالعبء الدراسي ا) لا يرتبط العبء الدراسي للطالب بمعدله التراكمي علي ان لا يقل عن الحد الادني ولا يزيد عن الحد الاقصي حسب قرار اللجنه الدائمه للقبول والتسجيل.', '[page:12|article:8.1|part:0] (collection=regulations)\nرقم الصفحه: 12 رقم الماده: 8.1 العنوان: يتبع القاعده التنفيذيه للماده الثامنه البنود: ٣) ان لا يكون هناك تعارض في جدول الطالب. ٤. عند عجز تحميل الطالب للعبء الدراسي عند عجز تحميل الطالب للعبء الدراسي من مقررات المستوي الذي يلزمه بسبب التعارض، او عدم انهاء المتطلبات السابقه، او انهاء مجموع مقررات ذلك المستوي، يكمل العبء الدراسي من مقررات المستويات التاليه للمستوي الملزم بها. واذا تعذر اكمال وحدات العبء الدراسي بعد ذلك يكتفي بالحد الادني للحد الدراسي الذي يُقرره له حتي لو كان عددها دون الحد الادني، وذلك بالتنسيق بين الكليه المعنيه للطالب وعماده القبول والتسجيل. ٥. تسجيل المقررات والمستويات العاليه ا) يُحدد عدد المقررات العاليه المسموح بتسجيل مقررات منها بمرسوم، ويجوز بموافقه عماده القبول والتسجيل تحديد مستويات اخري للكليات التي تستدعي طبيعه الدراسه فيها خلاف ذلك. ب) تتم عمليه تسجيل الجداول الدراسيه للطالب خلال الفتره الزمنيه المحدده في التقويم الجامعي.', '[page:14|article:8.1|part:0] (collection=regulations)\nرقم الصفحه: 14 رقم الماده: 8.1 العنوان: يتبع القاعده التنفيذيه للماده الثامنه البنود: ٧. شروط عمليات حذف واضافه مقررات للطالب شروط حذف مقرر/مقررات ١) الا يقل عدد الساعات الدراسيه بعد الحذف عن الحد الادني للعبء الدراسي للطالب، ولعماده القبول والتسجيل – او من تفوضه – الاستثناء في ذلك. ٢) لا يحق للطالب حذف مقرر ويكون هذا المقرر مصاحباً لمقرر اخر او من متطلبات مقرر اخر، الا بحذفهِما معاً وتحت شروط الفقره اعلاه. شروط اضافه مقرر/مقررات ١) ان لا يكون هناك تعارض في جدول الطالب. ٢) ان يكون المقرر ضمن الخطه الدراسيه. ٣) توفر شعبه في الشعب المطروحه للمقرر. ٤) اجتياز كل متطلبات المقرر السابقه، او تسجيل المتطلبات المصاحبه. ضوابط للعبء الدراسي للطالب ١) عدم تجاوز الحد الاعلي للعبء الدراسي للطالب. ٢) عدم اضافه مقرر يؤدي الي تجاوز العدد الكلي لساعات الخطه الدراسيه. ٣) لعماده القبول والتسجيل – او من تفوضه – الاستثناء من ذلك. ٨. انتهاء الفتره المحدده لتسجيل الجداول', '[page:4|def:19|part:0] (collection=regulations)\nمصطلح: العبء الدراسي التعريف: مجموع الوحدات الدراسيه التي يسمح للطالب التسجيل فيها في فصل دراسي، ويتحدد الحد الاعلي والادني للعبء الدراسي حسب القواعد التنفيذيه للجامعه.', '[page:13|article:8.1|part:0] (collection=regulations)\nرقم الصفحه: 13 رقم الماده: 8.1 العنوان: يتبع القاعده التنفيذيه للماده الثامنه البنود: ٦. حاله تخرج الطالب في حاله التخرج للطالب، يجوز لعماده القبول والتسجيل – او من تفوضه – الموافقه علي زياده الحد الاعلي للعبء الاكاديمي للطالب باضافه مقرر واحد او اكثر بحيث لا يتجاوز عدد الساعات الدراسيه 24 ساعه، وفي حال عدم تجاوزه 24 ساعه يجب الا يتجاوز 12 ساعه دراسيه للفصل الصيفي بعد موافقه الفئه المختصه. شروط حذف مقرر / مقررات ١) لا ينبغي ان يؤدي حذف مقرر بعد الحذف عن الحد الادني للعبء الدراسي للطالب، ولعماده القبول والتسجيل – او من تفوضه – الاستثناء في ذلك. ٢) لا يحق للطالب حذف مقرر ويكون هذا المقرر متطلب لمقرر اخر او من متطلبات مقرر اخر، الا بحذفهِما معاً وتحت شروط الفقره (اعلاه). شروط اضافه مقرر / مقررات ١) ان لا يكون هناك تعارض بين جدول الطالب. ٢) ان يكون المقرر ضمن الخطه الدراسيه. ٣) ان يكون متوفراً في الشعب المطروحه للمقرر. ٤) اجتياز كل متطلبات المقرر السابقه، او تسجيل المتطلبات المصاحبه. ضوابط الحد الاعلي للعبء الدراسي', '[page:4|def:25|part:0] (collection=regulations)\nمصطلح: الحد الادني للعبء الدراسي التعريف: هو عدد الوحدات الدراسيه التي يسجلها الطالب خلال المستوي الدراسي بما لا يقل عن (12) وحده دراسيه للنظام الفصلي وعن (24) وحده دراسيه للنظام السنوي.']","تعريف الخطة الدراسية حسب اللوائح هو أنها ""مجموعة المقررات الدراسية الإلزامية والاختيارية والحرّة، والتي يشكل مجموع وحداتها متطلبات التخرج التي يجب على الطالب اجتيازها بنجاح للحصول على الدرجة العلمية في التخصص المحدد.""",هي مجموعة المقررات الدراسية الإجبارية والاختيارية والحرة، والتي يشكل مجموع وحداتها متطلبات التخرج التي يجب على الطالب اجتيازها بنجاح للحصول على الدرجة العلمية في التخصص المحدد.,0.9760409819132466,0.99999999995,1.0,1.0
ما المقصود بالمقرر الدراسي في اللائحة؟,هو مادة دراسية ضمن الخطة الدراسية المعتمدة في كل برنامج، ويكون لكل مقرر رقم ورمز واسم ووصف مفصل يميزه من حيث المحتوى والمستوى عما سواه من المقررات.,المقرر الدراسي هو مادة دراسية تتبع مستوى محدداً ضمن الخطة الدراسية المعتمدة في كل تخصص. يتميز كل مقرر برقم ورمز ووصف مفردات يميزه من حيث المحتوى والمستوى عن سواه من المقررات. كما أن له ملف خاص يحفظ لأغراض المتابعة والتقييم، وقد يكون لبعض المقررات متطلبات سابقة أو متزامنة معه.,"['[page:2|def:5|part:0] (collection=regulations)\nمصطلح: الخطه الدراسيه التعريف: هي مجموعه المقررات الدراسيه الاجباريه والاختياريه والحره، والتي يشكل مجموع وحداتها متطلبات التخرج التي يجب علي الطالب اجتيازها بنجاح للحصول علي الدرجه العلميه في التخصص المحدد.', '[page:2|def:6|part:0] (collection=regulations)\nمصطلح: المقرر الدراسي التعريف: ماده دراسيه يتبع مستوي محدداً ضمن الخطه الدراسيه المعتمده في كل تخصص، ويكون لكل مقرر رقم ورمز ووصف مفردات يميزه من حيث المحتوي والمستوي عما سواه من مقررات، وله ملف خاص يحفظ لاغراض المتابعه والتقييم، ويجوز ان يكون لبعض المقررات متطلبات سابقه او متزامنه معه.', '[page:11|article:8|part:0] (collection=regulations)\nرقم الصفحه: 11 رقم الماده: 8 العنوان: الماده الثامنه النص الاساسي: يضع مجلس الجامعه قواعد التسجيل، والحذف، والاضافه للمقررات ضمن مستويات الخطه الدراسيه المعتمده، بما يضمن تسجيل الطلاب للحد الادني من العبء الدراسي.', '[program:BS-SOEN-IT|level:BS-SOEN-06|summary] (collection=degree_plans)\nالخطه الدراسيه البرنامج (الكود): BS-SOEN-IT البرنامج (الاسم): هندسه البرمجيات البرنامج (الاسم الكامل): بكالوريوس هندسه البرمجيات المستوي (الكود): BS-SOEN-06 المستوي (الاسم): المستوي 6 اجمالي ساعات البرنامج: 167 مقررات المستوي: - BUBA 100 | الابتكار ورياده الاعمال | 2 ساعات - CECN 381 | شبكات الحاسب | 4 ساعات - CESW 321 | تصميم ومعماريه البرمجيات | 4 ساعات - CESW 322 | تقنيات البرمجه | 4 ساعات - SCST 310 | احتمالات تطبيق. و. عشوائيه | 3 ساعات', '[program:BS-SOEN-IT|level:BS-SOEN-03B|summary] (collection=degree_plans)\nالخطه الدراسيه البرنامج (الكود): BS-SOEN-IT البرنامج (الاسم): هندسه البرمجيات البرنامج (الاسم الكامل): بكالوريوس هندسه البرمجيات المستوي (الكود): BS-SOEN-03B المستوي (الاسم): المستوي 3 - مسار B اجمالي ساعات البرنامج: 167 مقررات المستوي: - CLAL 100 | مهارات لغويه-1 | 2 ساعات - ELPR 220 | الكتابه الاكاديميه الانجليزيه | 2 ساعات - SCMT 211 | تفاضل وتكامل-2 | 3 ساعات - SCMT 221 | جبر خطي | 3 ساعات', '[program:BS-SOEN-IT|level:BS-SOEN-01|summary] (collection=degree_plans)\nالخطه الدراسيه البرنامج (الكود): BS-SOEN-IT البرنامج (الاسم): هندسه البرمجيات البرنامج (الاسم الكامل): بكالوريوس هندسه البرمجيات المستوي (الكود): BS-SOEN-01 المستوي (الاسم): المستوي 1 اجمالي ساعات البرنامج: 167 مقررات المستوي: - CECS 100 | المهارات الرقميه | 3 ساعات - CECS 111 | مقدمه برمجيه | 4 ساعات - ELPR 130 | اللغه الانجليزيه-3 | 2 ساعات - SCMT 102 | تفاضل وتكامل-1 | 3 ساعات - SCPH 101 | فيزياء عامه-1 | 3 ساعات', '[program:BS-SOEN-IT|level:BS-SOEN-09|summary] (collection=degree_plans)\nالخطه الدراسيه البرنامج (الكود): BS-SOEN-IT البرنامج (الاسم): هندسه البرمجيات البرنامج (الاسم الكامل): بكالوريوس هندسه البرمجيات المستوي (الكود): BS-SOEN-09 المستوي (الاسم): المستوي 9 اجمالي ساعات البرنامج: 167 مقررات المستوي: - CESW 495 | مشروع تخرج-1 | 2 ساعات', '[program:BS-SOEN-IT|level:BS-SOEN-04|summary] (collection=degree_plans)\nالخطه الدراسيه البرنامج (الكود): BS-SOEN-IT البرنامج (الاسم): هندسه البرمجيات البرنامج (الاسم الكامل): بكالوريوس هندسه البرمجيات المستوي (الكود): BS-SOEN-04 المستوي (الاسم): المستوي 4 اجمالي ساعات البرنامج: 167 مقررات المستوي: - CECN 283 | معماريه الحاسب | 4 ساعات - CESW 221 | هندسه متطلبات البرمجيات | 4 ساعات - CESW 381 | تطوير الويب | 4 ساعات - ISLM 100 | ثقافه اسلاميه-1 | 2 ساعات - SCPH 211 | فيزياء عامه-2 | 4 ساعات', '[program:BS-ARIN-IT|level:3|summary] (collection=degree_plans)\nالخطه الدراسيه البرنامج (الكود): BS-ARIN-IT البرنامج (الاسم): الذكاء الاصطناعي البرنامج (الاسم الكامل): بكالوريوس الذكاء الاصطناعي المستوي (الكود): 3 المستوي (الاسم): المستوي 3 اجمالي ساعات البرنامج: 164 مقررات المستوي: - CECN 282 | تصميم المنطق الرقمي | 4 ساعات - CECS 281 | تراكيب البيانات | 4 ساعات - ELPR 220 | كتابه اكاديميه انجليزيه | 3 ساعات - ISLM 100 | ثقافه اسلاميه-1 | 2 ساعات - SCMT 211 | تفاضل و تكامل-2 | 3 ساعات - SCST 210 | احصاء عام -1 | 2 ساعات', '[program:BS-SOEN-IT|level:BS-SOEN-10|summary] (collection=degree_plans)\nالخطه الدراسيه البرنامج (الكود): BS-SOEN-IT البرنامج (الاسم): هندسه البرمجيات البرنامج (الاسم الكامل): بكالوريوس هندسه البرمجيات المستوي (الكود): BS-SOEN-10 المستوي (الاسم): المستوي 10 اجمالي ساعات البرنامج: 167 مقررات المستوي: - CECY 383 | اخلاقيات وحوكمه الحاسب | 2 ساعات - CECY 482 | هندسه امن البرمجيات | 3 ساعات - CESW 415 | جوده ومقاييس البرمجيات | 4 ساعات - CESW 496 | مشروع تخرج-2 | 3 ساعات']",10,False,False,False,True,ما المقصود بالمقرر الدراسي في اللائحة؟,,[],,Q002,regulations,definitions,easy,STUDENT_RULES definitions,STUDENT_RULES.json | definition: المقرر الدراسي | page 1,ما المقصود بالمقرر الدراسي في اللائحة؟,"['[page:2|def:5|part:0] (collection=regulations)\nمصطلح: الخطه الدراسيه التعريف: هي مجموعه المقررات الدراسيه الاجباريه والاختياريه والحره، والتي يشكل مجموع وحداتها متطلبات التخرج التي يجب علي الطالب اجتيازها بنجاح للحصول علي الدرجه العلميه في التخصص المحدد.', '[page:2|def:6|part:0] (collection=regulations)\nمصطلح: المقرر الدراسي التعريف: ماده دراسيه يتبع مستوي محدداً ضمن الخطه الدراسيه المعتمده في كل تخصص، ويكون لكل مقرر رقم ورمز ووصف مفردات يميزه من حيث المحتوي والمستوي عما سواه من مقررات، وله ملف خاص يحفظ لاغراض المتابعه والتقييم، ويجوز ان يكون لبعض المقررات متطلبات سابقه او متزامنه معه.', '[page:11|article:8|part:0] (collection=regulations)\nرقم الصفحه: 11 رقم الماده: 8 العنوان: الماده الثامنه النص الاساسي: يضع مجلس الجامعه قواعد التسجيل، والحذف، والاضافه للمقررات ضمن مستويات الخطه الدراسيه المعتمده، بما يضمن تسجيل الطلاب للحد الادني من العبء الدراسي.', '[program:BS-SOEN-IT|level:BS-SOEN-06|summary] (collection=degree_plans)\nالخطه الدراسيه البرنامج (الكود): BS-SOEN-IT البرنامج (الاسم): هندسه البرمجيات البرنامج (الاسم الكامل): بكالوريوس هندسه البرمجيات المستوي (الكود): BS-SOEN-06 المستوي (الاسم): المستوي 6 اجمالي ساعات البرنامج: 167 مقررات المستوي: - BUBA 100 | الابتكار ورياده الاعمال | 2 ساعات - CECN 381 | شبكات الحاسب | 4 ساعات - CESW 321 | تصميم ومعماريه البرمجيات | 4 ساعات - CESW 322 | تقنيات البرمجه | 4 ساعات - SCST 310 | احتمالات تطبيق. و. عشوائيه | 3 ساعات', '[program:BS-SOEN-IT|level:BS-SOEN-03B|summary] (collection=degree_plans)\nالخطه الدراسيه البرنامج (الكود): BS-SOEN-IT البرنامج (الاسم): هندسه البرمجيات البرنامج (الاسم الكامل): بكالوريوس هندسه البرمجيات المستوي (الكود): BS-SOEN-03B المستوي (الاسم): المستوي 3 - مسار B اجمالي ساعات البرنامج: 167 مقررات المستوي: - CLAL 100 | مهارات لغويه-1 | 2 ساعات - ELPR 220 | الكتابه الاكاديميه الانجليزيه | 2 ساعات - SCMT 211 | تفاضل وتكامل-2 | 3 ساعات - SCMT 221 | جبر خطي | 3 ساعات', '[program:BS-SOEN-IT|level:BS-SOEN-01|summary] (collection=degree_plans)\nالخطه الدراسيه البرنامج (الكود): BS-SOEN-IT البرنامج (الاسم): هندسه البرمجيات البرنامج (الاسم الكامل): بكالوريوس هندسه البرمجيات المستوي (الكود): BS-SOEN-01 المستوي (الاسم): المستوي 1 اجمالي ساعات البرنامج: 167 مقررات المستوي: - CECS 100 | المهارات الرقميه | 3 ساعات - CECS 111 | مقدمه برمجيه | 4 ساعات - ELPR 130 | اللغه الانجليزيه-3 | 2 ساعات - SCMT 102 | تفاضل وتكامل-1 | 3 ساعات - SCPH 101 | فيزياء عامه-1 | 3 ساعات', '[program:BS-SOEN-IT|level:BS-SOEN-09|summary] (collection=degree_plans)\nالخطه الدراسيه البرنامج (الكود): BS-SOEN-IT البرنامج (الاسم): هندسه البرمجيات البرنامج (الاسم الكامل): بكالوريوس هندسه البرمجيات المستوي (الكود): BS-SOEN-09 المستوي (الاسم): المستوي 9 اجمالي ساعات البرنامج: 167 مقررات المستوي: - CESW 495 | مشروع تخرج-1 | 2 ساعات', '[program:BS-SOEN-IT|level:BS-SOEN-04|summary] (collection=degree_plans)\nالخطه الدراسيه البرنامج (الكود): BS-SOEN-IT البرنامج (الاسم): هندسه البرمجيات البرنامج (الاسم الكامل): بكالوريوس هندسه البرمجيات المستوي (الكود): BS-SOEN-04 المستوي (الاسم): المستوي 4 اجمالي ساعات البرنامج: 167 مقررات المستوي: - CECN 283 | معماريه الحاسب | 4 ساعات - CESW 221 | هندسه متطلبات البرمجيات | 4 ساعات - CESW 381 | تطوير الويب | 4 ساعات - ISLM 100 | ثقافه اسلاميه-1 | 2 ساعات - SCPH 211 | فيزياء عامه-2 | 4 ساعات', '[program:BS-ARIN-IT|level:3|summary] (collection=degree_plans)\nالخطه الدراسيه البرنامج (الكود): BS-ARIN-IT البرنامج (الاسم): الذكاء الاصطناعي البرنامج (الاسم الكامل): بكالوريوس الذكاء الاصطناعي المستوي (الكود): 3 المستوي (الاسم): المستوي 3 اجمالي ساعات البرنامج: 164 مقررات المستوي: - CECN 282 | تصميم المنطق الرقمي | 4 ساعات - CECS 281 | تراكيب البيانات | 4 ساعات - ELPR 220 | كتابه اكاديميه انجليزيه | 3 ساعات - ISLM 100 | ثقافه اسلاميه-1 | 2 ساعات - SCMT 211 | تفاضل و تكامل-2 | 3 ساعات - SCST 210 | احصاء عام -1 | 2 ساعات', '[program:BS-SOEN-IT|level:BS-SOEN-10|summary] (collection=degree_plans)\nالخطه الدراسيه البرنامج (الكود): BS-SOEN-IT البرنامج (الاسم): هندسه البرمجيات البرنامج (الاسم الكامل): بكالوريوس هندسه البرمجيات المستوي (الكود): BS-SOEN-10 المستوي (الاسم): المستوي 10 اجمالي ساعات البرنامج: 167 مقررات المستوي: - CECY 383 | اخلاقيات وحوكمه الحاسب | 2 ساعات - CECY 482 | هندسه امن البرمجيات | 3 ساعات - CESW 415 | جوده ومقاييس البرمجيات | 4 ساعات - CESW 496 | مشروع تخرج-2 | 3 ساعات']",المقرر الدراسي هو مادة دراسية تتبع مستوى محدداً ضمن الخطة الدراسية المعتمدة في كل تخصص. يتميز كل مقرر برقم ورمز ووصف مفردات يميزه من حيث المحتوى والمستوى عن سواه من المقررات. كما أن له ملف خاص يحفظ لأغراض المتابعة والتقييم، وقد يكون لبعض المقررات متطلبات سابقة أو متزامنة معه.,هو مادة دراسية ضمن الخطة الدراسية المعتمدة في كل برنامج، ويكون لكل مقرر رقم ورمز واسم ووصف مفصل يميزه من حيث المحتوى والمستوى عما سواه من المقررات.,0.6398526535484099,0.99999999999,1.0,1.0
ما الفرق بين الفصل الدراسي والفصل الصيفي؟,الفصل الدراسي مدته لا تقل عن خمسة عشر أسبوعاً، أما الفصل الصيفي فلا يزيد على ثمانية أسابيع وتضاعف فيه المدة المخصصة لكل مقرر.,"الفرق بين الفصل الدراسي والفصل الصيفي هو كما يلي:

- **الفصل الدراسي**: هو مدة زمنية لا تقل عن خمسة عشر أسبوعاً تُدرس خلالها المقررات الدراسية، ولا تشمل فترتي التسجيل والاختبارات النهائية.

- **الفصل الصيفي**: هو مدة زمنية لا تزيد على ثمانية أسابيع، ولا تشمل أيضاً فترتي التسجيل والاختبارات النهائية، وتضاعف خلالها المدة المخصصة لكل مقرر.

بذلك، يمكن القول إن الفصل الدراسي أطول من الفصل الصيفي من حيث المدة الزمنية.","['[page:2|def:3|part:0] (collection=regulations)\nمصطلح: الفصل الصيفي التعريف: مده زمنيه لا تزيد علي ثمانيه اسابيع، ولا تدخل من ضمنها فترتا التسجيل والاختبارات النهائيه، وتضاعف خلالها المده المخصصه لكل مقرر.', '[page:2|def:1|part:0] (collection=regulations)\nمصطلح: السنه الدراسيه التعريف: فصلان رئيسيان وفصل صيفي ان وجد.', '[page:2|def:2|part:0] (collection=regulations)\nمصطلح: الفصل الدراسي التعريف: مده زمنيه لا تقل عن خمسه عشر اسبوعاً تدرس علي مداها المقررات الدراسيه، ولا تدخل من ضمنها فترتا التسجيل والاختبارات النهائيه.', '[page:11|article:7|part:0] (collection=regulations)\nرقم الصفحه: 11 رقم الماده: 7 العنوان: الماده السابعه النص الاساسي: نظام المستويات نظام دراسي يقسم فيه العام الدراسي الي فصلين رئيسين، ويجوز ان يكون هناك فصل دراسي صيفي، علي ان تُحتسب مده نصف مستوي، وتوزع متطلبات التخرج لنيل الدرجه العلميه الي مستويات وفقاً للخطه الدراسيه التي يقرها مجلس الجامعه.', '[section:introduction|summary] (collection=coop_rules)\nقواعد التدريب القسم: introduction - التدريب الصيفي هو برنامج الزامي يوفر للطلاب والطالبات خبره عمليه في بيئه العمل الواقعيه، بهدف تطبيق ما تم تعلمه اكاديمياً واكتساب مهارات تؤهلهم لسوق العمل بعد التخرج.', '[coop_rule:training_intro|part:0] (collection=coop_rules)\nالتدريب الصيفي هو برنامج الزامي يوفر للطلاب والطالبات خبره عمليه في بيئه العمل الواقعيه، بهدف تطبيق ما تم تعلمه اكاديمياً واكتساب مهارات تؤهلهم لسوق العمل بعد التخرج.', '[section:objectives|summary] (collection=coop_rules)\nقواعد التدريب القسم: objectives - يهدف التدريب الصيفي الي تزويد الطالب بالخبره العمليه، مساعدته علي التكيف مع بيئه العمل، تحمل المسؤوليه، ربط الدراسه النظريه بالواقع العملي، واكتساب مهارات التواصل وكتابه التقارير.', '[coop_rule:training_objectives|part:0] (collection=coop_rules)\nيهدف التدريب الصيفي الي تزويد الطالب بالخبره العمليه، مساعدته علي التكيف مع بيئه العمل، تحمل المسؤوليه، ربط الدراسه النظريه بالواقع العملي، واكتساب مهارات التواصل وكتابه التقارير.', '[row:21|part:0] (collection=academic_calendar)\nحدث اكاديمي: بدايه اجازه نهايه العام الدراسي للعام الجامعي 1447ه بدايه: 2026-06-25 نهايه: -------------', '[chunk_006|part:0] (collection=transfer_rules)\nالتحويل الفصلي: التقديم خلال فصل دراسي محدد ويشمل مواد معياريه ان وجدت.']",10,True,False,False,True,ما الفرق بين الفصل الدراسي والفصل الصيفي؟,,[],,Q003,regulations,definitions,medium,STUDENT_RULES definitions,STUDENT_RULES.json | definitions: الفصل الدراسي + الفصل الصيفي | page 1,ما الفرق بين الفصل الدراسي والفصل الصيفي؟,"['[page:2|def:3|part:0] (collection=regulations)\nمصطلح: الفصل الصيفي التعريف: مده زمنيه لا تزيد علي ثمانيه اسابيع، ولا تدخل من ضمنها فترتا التسجيل والاختبارات النهائيه، وتضاعف خلالها المده المخصصه لكل مقرر.', '[page:2|def:1|part:0] (collection=regulations)\nمصطلح: السنه الدراسيه التعريف: فصلان رئيسيان وفصل صيفي ان وجد.', '[page:2|def:2|part:0] (collection=regulations)\nمصطلح: الفصل الدراسي التعريف: مده زمنيه لا تقل عن خمسه عشر اسبوعاً تدرس علي مداها المقررات الدراسيه، ولا تدخل من ضمنها فترتا التسجيل والاختبارات النهائيه.', '[page:11|article:7|part:0] (collection=regulations)\nرقم الصفحه: 11 رقم الماده: 7 العنوان: الماده السابعه النص الاساسي: نظام المستويات نظام دراسي يقسم فيه العام الدراسي الي فصلين رئيسين، ويجوز ان يكون هناك فصل دراسي صيفي، علي ان تُحتسب مده نصف مستوي، وتوزع متطلبات التخرج لنيل الدرجه العلميه الي مستويات وفقاً للخطه الدراسيه التي يقرها مجلس الجامعه.', '[section:introduction|summary] (collection=coop_rules)\nقواعد التدريب القسم: introduction - التدريب الصيفي هو برنامج الزامي يوفر للطلاب والطالبات خبره عمليه في بيئه العمل الواقعيه، بهدف تطبيق ما تم تعلمه اكاديمياً واكتساب مهارات تؤهلهم لسوق العمل بعد التخرج.', '[coop_rule:training_intro|part:0] (collection=coop_rules)\nالتدريب الصيفي هو برنامج الزامي يوفر للطلاب والطالبات خبره عمليه في بيئه العمل الواقعيه، بهدف تطبيق ما تم تعلمه اكاديمياً واكتساب مهارات تؤهلهم لسوق العمل بعد التخرج.', '[section:objectives|summary] (collection=coop_rules)\nقواعد التدريب القسم: objectives - يهدف التدريب الصيفي الي تزويد الطالب بالخبره العمليه، مساعدته علي التكيف مع بيئه العمل، تحمل المسؤوليه، ربط الدراسه النظريه بالواقع العملي، واكتساب مهارات التواصل وكتابه التقارير.', '[coop_rule:training_objectives|part:0] (collection=coop_rules)\nيهدف التدريب الصيفي الي تزويد الطالب بالخبره العمليه، مساعدته علي التكيف مع بيئه العمل، تحمل المسؤوليه، ربط الدراسه النظريه بالواقع العملي، واكتساب مهارات التواصل وكتابه التقارير.', '[row:21|part:0] (collection=academic_calendar)\nحدث اكاديمي: بدايه اجازه نهايه العام الدراسي للعام الجامعي 1447ه بدايه: 2026-06-25 نهايه: -------------', '[chunk_006|part:0] (collection=transfer_rules)\nالتحويل الفصلي: التقديم خلال فصل دراسي محدد ويشمل مواد معياريه ان وجدت.']","الفرق بين الفصل الدراسي والفصل الصيفي هو كما يلي:

- **الفصل الدراسي**: هو مدة زمنية لا تقل عن خمسة عشر أسبوعاً تُدرس خلالها المقررات الدراسية، ولا تشمل فترتي التسجيل والاختبارات النهائية.

- **الفصل الصيفي**: هو مدة زمنية لا تزيد على ثمانية أسابيع، ولا تشمل أيضاً فترتي التسجيل والاختبارات النهائية، وتضاعف خلالها المدة المخصصة لكل مقرر.

بذلك، يمكن القول إن الفصل الدراسي أطول من الفصل الصيفي من حيث المدة الزمنية.",الفصل الدراسي مدته لا تقل عن خمسة عشر أسبوعاً، أما الفصل الصيفي فلا يزيد على ثمانية أسابيع وتضاعف فيه المدة المخصصة لكل مقرر.,0.988925027731985,0.9166666666361111,0.75,0.6666666666666666
كم الحد الأدنى والحد الأعلى للعبء الدراسي في النظام الفصلي؟,اللائحة لا تحدد رقماً ثابتاً للحد الأدنى أو الأعلى في هذه المادة؛ بل تنص على أن مجلس الجامعة يضع قواعد التسجيل والحذف والإضافة بما يضمن تسجيل الطلاب للحد الأدنى من العبء الدراسي.,الحد الأدنى للعبء الدراسي في النظام الفصلي هو 12 وحدة دراسية، بينما الحد الأعلى هو 18 وحدة دراسية.,"['[page:4|def:26|part:0] (collection=regulations)\nمصطلح: الحد الاعلي للعبء الدراسي التعريف: هو عدد الوحدات الدراسيه التي يسجلها الطالب خلال المستوي الدراسي بما لا يزيد علي (18) وحده دراسيه للنظام الفصلي وعلي (36) وحده دراسيه للنظام السنوي.', '[page:4|def:25|part:0] (collection=regulations)\nمصطلح: الحد الادني للعبء الدراسي التعريف: هو عدد الوحدات الدراسيه التي يسجلها الطالب خلال المستوي الدراسي بما لا يقل عن (12) وحده دراسيه للنظام الفصلي وعن (24) وحده دراسيه للنظام السنوي.', '[page:4|def:19|part:0] (collection=regulations)\nمصطلح: العبء الدراسي التعريف: مجموع الوحدات الدراسيه التي يسمح للطالب التسجيل فيها في فصل دراسي، ويتحدد الحد الاعلي والادني للعبء الدراسي حسب القواعد التنفيذيه للجامعه.', '[page:11|article:7.1|part:0] (collection=regulations)\nرقم الصفحه: 11 رقم الماده: 7.1 العنوان: القاعده التنفيذيه للماده السابعه النص الاساسي: اولاً: ينقل الطالب من مستوي الي الذي يليه اذا اجتاز بنجاح جميع مقررات ذلك المستوي. ثانياً: الحد الادني من العبء الدراسي (12 ساعه دراسيه)، والحد الاعلي (18 ساعه دراسيه). ويجوز بموافقه عماده القبول والتسجيل زياده وحدات اخري للكليات التي تستدعي طبيعتها خلاف ذلك.', '[page:13|article:8.1|part:0] (collection=regulations)\nرقم الصفحه: 13 رقم الماده: 8.1 العنوان: يتبع القاعده التنفيذيه للماده الثامنه البنود: ٦. حاله تخرج الطالب في حاله التخرج للطالب، يجوز لعماده القبول والتسجيل – او من تفوضه – الموافقه علي زياده الحد الاعلي للعبء الاكاديمي للطالب باضافه مقرر واحد او اكثر بحيث لا يتجاوز عدد الساعات الدراسيه 24 ساعه، وفي حال عدم تجاوزه 24 ساعه يجب الا يتجاوز 12 ساعه دراسيه للفصل الصيفي بعد موافقه الفئه المختصه. شروط حذف مقرر / مقررات ١) لا ينبغي ان يؤدي حذف مقرر بعد الحذف عن الحد الادني للعبء الدراسي للطالب، ولعماده القبول والتسجيل – او من تفوضه – الاستثناء في ذلك. ٢) لا يحق للطالب حذف مقرر ويكون هذا المقرر متطلب لمقرر اخر او من متطلبات مقرر اخر، الا بحذفهِما معاً وتحت شروط الفقره (اعلاه). شروط اضافه مقرر / مقررات ١) ان لا يكون هناك تعارض بين جدول الطالب. ٢) ان يكون المقرر ضمن الخطه الدراسيه. ٣) ان يكون متوفراً في الشعب المطروحه للمقرر. ٤) اجتياز كل متطلبات المقرر السابقه، او تسجيل المتطلبات المصاحبه. ضوابط الحد الاعلي للعبء الدراسي', '[page:2|def:2|part:0] (collection=regulations)\nمصطلح: الفصل الدراسي التعريف: مده زمنيه لا تقل عن خمسه عشر اسبوعاً تدرس علي مداها المقررات الدراسيه، ولا تدخل من ضمنها فترتا التسجيل والاختبارات النهائيه.', '[page:12|article:8.1|part:0] (collection=regulations)\nرقم الصفحه: 12 رقم الماده: 8.1 العنوان: يتبع القاعده التنفيذيه للماده الثامنه البنود: ٣) ان لا يكون هناك تعارض في جدول الطالب. ٤. عند عجز تحميل الطالب للعبء الدراسي عند عجز تحميل الطالب للعبء الدراسي من مقررات المستوي الذي يلزمه بسبب التعارض، او عدم انهاء المتطلبات السابقه، او انهاء مجموع مقررات ذلك المستوي، يكمل العبء الدراسي من مقررات المستويات التاليه للمستوي الملزم بها. واذا تعذر اكمال وحدات العبء الدراسي بعد ذلك يكتفي بالحد الادني للحد الدراسي الذي يُقرره له حتي لو كان عددها دون الحد الادني، وذلك بالتنسيق بين الكليه المعنيه للطالب وعماده القبول والتسجيل. ٥. تسجيل المقررات والمستويات العاليه ا) يُحدد عدد المقررات العاليه المسموح بتسجيل مقررات منها بمرسوم، ويجوز بموافقه عماده القبول والتسجيل تحديد مستويات اخري للكليات التي تستدعي طبيعه الدراسه فيها خلاف ذلك. ب) تتم عمليه تسجيل الجداول الدراسيه للطالب خلال الفتره الزمنيه المحدده في التقويم الجامعي.', '[page:11|article:8.1|part:0] (collection=regulations)\nرقم الصفحه: 11 رقم الماده: 8.1 العنوان: القاعده التنفيذيه للماده الثامنه البنود: ١. التحميل الدراسي ا) لا يُسجل الطالب في مقرر او اكثر يلزم بدراسه متطلباتها اذا ليس في المجموعه الحد الادني من الوحدات الدراسيه. ب) اذا لم يسجل الطالب في مقررات المستوي الواجب عليه اجتيازها بالكامل، يلزم بدراسه مقررات من المستويات التي تليه مستوي او مستوي واحد بشرط الا يتجاوز الحد الادني من الوحدات الدراسيه. ج) لمجلس الكليه النظر في دراسه مقررات اعلي من المستوي هنا ومقارنتها مع مقررات لازمه من المستويات التي تليه مستوي وفقاً لما يستدعيه الجدول. د) ان يكون تسجيل الطالب في المقررات تحت ضوابط قيود الخطه الدراسيه. ٢. الارتباط بالعبء الدراسي ا) لا يرتبط العبء الدراسي للطالب بمعدله التراكمي علي ان لا يقل عن الحد الادني ولا يزيد عن الحد الاقصي حسب قرار اللجنه الدائمه للقبول والتسجيل.', '[page:3|def:16|part:0] (collection=regulations)\nمصطلح: المعدل الفصلي التعريف: هو حاصل قسمه مجموع النقاط التي حصل عليها الطالب علي مجموع الوحدات المقرره لجميع المقررات التي درسها في فصل دراسي، وتحسب النقاط بضرب الوحده المقرره في وزن التقدير الذي حصل عليه في كل مقرر درسه.', '[page:3|def:9|part:0] (collection=regulations)\nمصطلح: درجه الاعمال الفصليه التعريف: الدرجه الممنوحه للاعمال التي تبين تحصيل الطالب خلال فصل دراسي من اختبارات وبحوث وانشطه تعليميه تتصل بالمقرر الدراسي.']",10,True,False,False,True,كم الحد الأدنى والحد الأعلى للعبء الدراسي في النظام الفصلي؟,,[],,Q004,regulations,study_load,easy,STUDENT_RULES article 7.1 / definitions,STUDENT_RULES.json | article 8,كم الحد الأدنى والحد الأعلى للعبء الدراسي في النظام الفصلي؟,"['[page:4|def:26|part:0] (collection=regulations)\nمصطلح: الحد الاعلي للعبء الدراسي التعريف: هو عدد الوحدات الدراسيه التي يسجلها الطالب خلال المستوي الدراسي بما لا يزيد علي (18) وحده دراسيه للنظام الفصلي وعلي (36) وحده دراسيه للنظام السنوي.', '[page:4|def:25|part:0] (collection=regulations)\nمصطلح: الحد الادني للعبء الدراسي التعريف: هو عدد الوحدات الدراسيه التي يسجلها الطالب خلال المستوي الدراسي بما لا يقل عن (12) وحده دراسيه للنظام الفصلي وعن (24) وحده دراسيه للنظام السنوي.', '[page:4|def:19|part:0] (collection=regulations)\nمصطلح: العبء الدراسي التعريف: مجموع الوحدات الدراسيه التي يسمح للطالب التسجيل فيها في فصل دراسي، ويتحدد الحد الاعلي والادني للعبء الدراسي حسب القواعد التنفيذيه للجامعه.', '[page:11|article:7.1|part:0] (collection=regulations)\nرقم الصفحه: 11 رقم الماده: 7.1 العنوان: القاعده التنفيذيه للماده السابعه النص الاساسي: اولاً: ينقل الطالب من مستوي الي الذي يليه اذا اجتاز بنجاح جميع مقررات ذلك المستوي. ثانياً: الحد الادني من العبء الدراسي (12 ساعه دراسيه)، والحد الاعلي (18 ساعه دراسيه). ويجوز بموافقه عماده القبول والتسجيل زياده وحدات اخري للكليات التي تستدعي طبيعتها خلاف ذلك.', '[page:13|article:8.1|part:0] (collection=regulations)\nرقم الصفحه: 13 رقم الماده: 8.1 العنوان: يتبع القاعده التنفيذيه للماده الثامنه البنود: ٦. حاله تخرج الطالب في حاله التخرج للطالب، يجوز لعماده القبول والتسجيل – او من تفوضه – الموافقه علي زياده الحد الاعلي للعبء الاكاديمي للطالب باضافه مقرر واحد او اكثر بحيث لا يتجاوز عدد الساعات الدراسيه 24 ساعه، وفي حال عدم تجاوزه 24 ساعه يجب الا يتجاوز 12 ساعه دراسيه للفصل الصيفي بعد موافقه الفئه المختصه. شروط حذف مقرر / مقررات ١) لا ينبغي ان يؤدي حذف مقرر بعد الحذف عن الحد الادني للعبء الدراسي للطالب، ولعماده القبول والتسجيل – او من تفوضه – الاستثناء في ذلك. ٢) لا يحق للطالب حذف مقرر ويكون هذا المقرر متطلب لمقرر اخر او من متطلبات مقرر اخر، الا بحذفهِما معاً وتحت شروط الفقره (اعلاه). شروط اضافه مقرر / مقررات ١) ان لا يكون هناك تعارض بين جدول الطالب. ٢) ان يكون المقرر ضمن الخطه الدراسيه. ٣) ان يكون متوفراً في الشعب المطروحه للمقرر. ٤) اجتياز كل متطلبات المقرر السابقه، او تسجيل المتطلبات المصاحبه. ضوابط الحد الاعلي للعبء الدراسي', '[page:2|def:2|part:0] (collection=regulations)\nمصطلح: الفصل الدراسي التعريف: مده زمنيه لا تقل عن خمسه عشر اسبوعاً تدرس علي مداها المقررات الدراسيه، ولا تدخل من ضمنها فترتا التسجيل والاختبارات النهائيه.', '[page:12|article:8.1|part:0] (collection=regulations)\nرقم الصفحه: 12 رقم الماده: 8.1 العنوان: يتبع القاعده التنفيذيه للماده الثامنه البنود: ٣) ان لا يكون هناك تعارض في جدول الطالب. ٤. عند عجز تحميل الطالب للعبء الدراسي عند عجز تحميل الطالب للعبء الدراسي من مقررات المستوي الذي يلزمه بسبب التعارض، او عدم انهاء المتطلبات السابقه، او انهاء مجموع مقررات ذلك المستوي، يكمل العبء الدراسي من مقررات المستويات التاليه للمستوي الملزم بها. واذا تعذر اكمال وحدات العبء الدراسي بعد ذلك يكتفي بالحد الادني للحد الدراسي الذي يُقرره له حتي لو كان عددها دون الحد الادني، وذلك بالتنسيق بين الكليه المعنيه للطالب وعماده القبول والتسجيل. ٥. تسجيل المقررات والمستويات العاليه ا) يُحدد عدد المقررات العاليه المسموح بتسجيل مقررات منها بمرسوم، ويجوز بموافقه عماده القبول والتسجيل تحديد مستويات اخري للكليات التي تستدعي طبيعه الدراسه فيها خلاف ذلك. ب) تتم عمليه تسجيل الجداول الدراسيه للطالب خلال الفتره الزمنيه المحدده في التقويم الجامعي.', '[page:11|article:8.1|part:0] (collection=regulations)\nرقم الصفحه: 11 رقم الماده: 8.1 العنوان: القاعده التنفيذيه للماده الثامنه البنود: ١. التحميل الدراسي ا) لا يُسجل الطالب في مقرر او اكثر يلزم بدراسه متطلباتها اذا ليس في المجموعه الحد الادني من الوحدات الدراسيه. ب) اذا لم يسجل الطالب في مقررات المستوي الواجب عليه اجتيازها بالكامل، يلزم بدراسه مقررات من المستويات التي تليه مستوي او مستوي واحد بشرط الا يتجاوز الحد الادني من الوحدات الدراسيه. ج) لمجلس الكليه النظر في دراسه مقررات اعلي من المستوي هنا ومقارنتها مع مقررات لازمه من المستويات التي تليه مستوي وفقاً لما يستدعيه الجدول. د) ان يكون تسجيل الطالب في المقررات تحت ضوابط قيود الخطه الدراسيه. ٢. الارتباط بالعبء الدراسي ا) لا يرتبط العبء الدراسي للطالب بمعدله التراكمي علي ان لا يقل عن الحد الادني ولا يزيد عن الحد الاقصي حسب قرار اللجنه الدائمه للقبول والتسجيل.', '[page:3|def:16|part:0] (collection=regulations)\nمصطلح: المعدل الفصلي التعريف: هو حاصل قسمه مجموع النقاط التي حصل عليها الطالب علي مجموع الوحدات المقرره لجميع المقررات التي درسها في فصل دراسي، وتحسب النقاط بضرب الوحده المقرره في وزن التقدير الذي حصل عليه في كل مقرر درسه.', '[page:3|def:9|part:0] (collection=regulations)\nمصطلح: درجه الاعمال الفصليه التعريف: الدرجه الممنوحه للاعمال التي تبين تحصيل الطالب خلال فصل دراسي من اختبارات وبحوث وانشطه تعليميه تتصل بالمقرر الدراسي.']",الحد الأدنى للعبء الدراسي في النظام الفصلي هو 12 وحدة دراسية، بينما الحد الأعلى هو 18 وحدة دراسية.,اللائحة لا تحدد رقماً ثابتاً للحد الأدنى أو الأعلى في هذه المادة؛ بل تنص على أن مجلس الجامعة يضع قواعد التسجيل والحذف والإضافة بما يضمن تسجيل الطلاب للحد الأدنى من العبء الدراسي.,0.874034420998623,0.7856701939947976,1.0,0.0
متى يمكن زيادة العبء الدراسي للطالب المتوقع تخرجه؟,يجوز زيادة العبء الدراسي للطالب المتوقع تخرجه وفق القواعد التي يضعها مجلس الجامعة ضمن أنظمة التسجيل.,يمكن زيادة العبء الدراسي للطالب المتوقع تخرجه بموافقة عمادة القبول والتسجيل، حيث يجوز لها الموافقة على زيادة الحد الأعلى للعبء الأكاديمي للطالب بإضافة مقرر واحد أو أكثر، بحيث لا يتجاوز عدد الساعات الدراسية 24 ساعة. وفي حال عدم تجاوز 24 ساعة، يجب ألا يتجاوز 12 ساعة دراسية للفصل الصيفي بعد موافقة الجهة المختصة.,"['[page:13|article:8.1|part:0] (collection=regulations)\nرقم الصفحه: 13 رقم الماده: 8.1 العنوان: يتبع القاعده التنفيذيه للماده الثامنه البنود: ٦. حاله تخرج الطالب في حاله التخرج للطالب، يجوز لعماده القبول والتسجيل – او من تفوضه – الموافقه علي زياده الحد الاعلي للعبء الاكاديمي للطالب باضافه مقرر واحد او اكثر بحيث لا يتجاوز عدد الساعات الدراسيه 24 ساعه، وفي حال عدم تجاوزه 24 ساعه يجب الا يتجاوز 12 ساعه دراسيه للفصل الصيفي بعد موافقه الفئه المختصه. شروط حذف مقرر / مقررات ١) لا ينبغي ان يؤدي حذف مقرر بعد الحذف عن الحد الادني للعبء الدراسي للطالب، ولعماده القبول والتسجيل – او من تفوضه – الاستثناء في ذلك. ٢) لا يحق للطالب حذف مقرر ويكون هذا المقرر متطلب لمقرر اخر او من متطلبات مقرر اخر، الا بحذفهِما معاً وتحت شروط الفقره (اعلاه). شروط اضافه مقرر / مقررات ١) ان لا يكون هناك تعارض بين جدول الطالب. ٢) ان يكون المقرر ضمن الخطه الدراسيه. ٣) ان يكون متوفراً في الشعب المطروحه للمقرر. ٤) اجتياز كل متطلبات المقرر السابقه، او تسجيل المتطلبات المصاحبه. ضوابط الحد الاعلي للعبء الدراسي', '[page:4|def:19|part:0] (collection=regulations)\nمصطلح: العبء الدراسي التعريف: مجموع الوحدات الدراسيه التي يسمح للطالب التسجيل فيها في فصل دراسي، ويتحدد الحد الاعلي والادني للعبء الدراسي حسب القواعد التنفيذيه للجامعه.', '[page:11|article:7.1|part:0] (collection=regulations)\nرقم الصفحه: 11 رقم الماده: 7.1 العنوان: القاعده التنفيذيه للماده السابعه النص الاساسي: اولاً: ينقل الطالب من مستوي الي الذي يليه اذا اجتاز بنجاح جميع مقررات ذلك المستوي. ثانياً: الحد الادني من العبء الدراسي (12 ساعه دراسيه)، والحد الاعلي (18 ساعه دراسيه). ويجوز بموافقه عماده القبول والتسجيل زياده وحدات اخري للكليات التي تستدعي طبيعتها خلاف ذلك.', '[page:4|def:26|part:0] (collection=regulations)\nمصطلح: الحد الاعلي للعبء الدراسي التعريف: هو عدد الوحدات الدراسيه التي يسجلها الطالب خلال المستوي الدراسي بما لا يزيد علي (18) وحده دراسيه للنظام الفصلي وعلي (36) وحده دراسيه للنظام السنوي.', '[page:12|article:8.1|part:0] (collection=regulations)\nرقم الصفحه: 12 رقم الماده: 8.1 العنوان: يتبع القاعده التنفيذيه للماده الثامنه البنود: ٣) ان لا يكون هناك تعارض في جدول الطالب. ٤. عند عجز تحميل الطالب للعبء الدراسي عند عجز تحميل الطالب للعبء الدراسي من مقررات المستوي الذي يلزمه بسبب التعارض، او عدم انهاء المتطلبات السابقه، او انهاء مجموع مقررات ذلك المستوي، يكمل العبء الدراسي من مقررات المستويات التاليه للمستوي الملزم بها. واذا تعذر اكمال وحدات العبء الدراسي بعد ذلك يكتفي بالحد الادني للحد الدراسي الذي يُقرره له حتي لو كان عددها دون الحد الادني، وذلك بالتنسيق بين الكليه المعنيه للطالب وعماده القبول والتسجيل. ٥. تسجيل المقررات والمستويات العاليه ا) يُحدد عدد المقررات العاليه المسموح بتسجيل مقررات منها بمرسوم، ويجوز بموافقه عماده القبول والتسجيل تحديد مستويات اخري للكليات التي تستدعي طبيعه الدراسه فيها خلاف ذلك. ب) تتم عمليه تسجيل الجداول الدراسيه للطالب خلال الفتره الزمنيه المحدده في التقويم الجامعي.', '[page:22|article:19|part:0] (collection=regulations)\nرقم الصفحه: 22 رقم الماده: 19 العنوان: الماده التاسعه عشر النص الاساسي: يتخرج الطالب بعد انهاء متطلبات التخرج بنجاح حسب الخطه الدراسيه، علي الا يقل معدله التراكمي عن المعدل الذي يحدده مجلس الجامعه المعنيه لكل تخصص. علي الا يقل في كل الاحوال عن تقدير (مقبول). يجوز لمجلس الكليه بناءً علي توصيه القسم المختص تحديد مقررات مناسبه يدرسها الطالب لرفع معدله التراكمي، وذلك في حال نجاحه في المقررات ورسوبه في المعدل. القاعده التنفيذيه: القاعده التنفيذيه للماده التاسعه عشر بنود القاعده التنفيذيه: اولاً: يوافق مجلس الجامعه بان يكون معدل التخرج (٢.٠٠ من ٥) (تقدير مقبول كحد ادني) في كل التخصصات باستثناء: تخصصات كليه الهندسه وكليه علوم وهندسه الحاسبات علي ان يكون معدل التخرج (٢.٧٥ من ٥) (تقدير جيد كحد ادني). ثانياً: يراعي مجلس الجامعه علي تطبيق القواعد التاليه لتنفيذ الفقره (اولاً) من هذا القرار: ١) يطبق اللائحه علي الطلاب المستجدين في تخصصات الكليات المذكوره بفقره (١) من كليات واقسام معينه ضروريه توعيه الطلاب بالحد الادني لمعدل التخرج.', '[page:11|article:8.1|part:0] (collection=regulations)\nرقم الصفحه: 11 رقم الماده: 8.1 العنوان: القاعده التنفيذيه للماده الثامنه البنود: ١. التحميل الدراسي ا) لا يُسجل الطالب في مقرر او اكثر يلزم بدراسه متطلباتها اذا ليس في المجموعه الحد الادني من الوحدات الدراسيه. ب) اذا لم يسجل الطالب في مقررات المستوي الواجب عليه اجتيازها بالكامل، يلزم بدراسه مقررات من المستويات التي تليه مستوي او مستوي واحد بشرط الا يتجاوز الحد الادني من الوحدات الدراسيه. ج) لمجلس الكليه النظر في دراسه مقررات اعلي من المستوي هنا ومقارنتها مع مقررات لازمه من المستويات التي تليه مستوي وفقاً لما يستدعيه الجدول. د) ان يكون تسجيل الطالب في المقررات تحت ضوابط قيود الخطه الدراسيه. ٢. الارتباط بالعبء الدراسي ا) لا يرتبط العبء الدراسي للطالب بمعدله التراكمي علي ان لا يقل عن الحد الادني ولا يزيد عن الحد الاقصي حسب قرار اللجنه الدائمه للقبول والتسجيل.', '[page:14|article:8.1|part:0] (collection=regulations)\nرقم الصفحه: 14 رقم الماده: 8.1 العنوان: يتبع القاعده التنفيذيه للماده الثامنه البنود: ٧. شروط عمليات حذف واضافه مقررات للطالب شروط حذف مقرر/مقررات ١) الا يقل عدد الساعات الدراسيه بعد الحذف عن الحد الادني للعبء الدراسي للطالب، ولعماده القبول والتسجيل – او من تفوضه – الاستثناء في ذلك. ٢) لا يحق للطالب حذف مقرر ويكون هذا المقرر مصاحباً لمقرر اخر او من متطلبات مقرر اخر، الا بحذفهِما معاً وتحت شروط الفقره اعلاه. شروط اضافه مقرر/مقررات ١) ان لا يكون هناك تعارض في جدول الطالب. ٢) ان يكون المقرر ضمن الخطه الدراسيه. ٣) توفر شعبه في الشعب المطروحه للمقرر. ٤) اجتياز كل متطلبات المقرر السابقه، او تسجيل المتطلبات المصاحبه. ضوابط للعبء الدراسي للطالب ١) عدم تجاوز الحد الاعلي للعبء الدراسي للطالب. ٢) عدم اضافه مقرر يؤدي الي تجاوز العدد الكلي لساعات الخطه الدراسيه. ٣) لعماده القبول والتسجيل – او من تفوضه – الاستثناء من ذلك. ٨. انتهاء الفتره المحدده لتسجيل الجداول', '[chunk_143|part:0] (collection=transfer_rules)\nقد يؤدي اختلاف الخطط الي زياده عدد الساعات اللازمه للتخرج.', '[page:4|def:25|part:0] (collection=regulations)\nمصطلح: الحد الادني للعبء الدراسي التعريف: هو عدد الوحدات الدراسيه التي يسجلها الطالب خلال المستوي الدراسي بما لا يقل عن (12) وحده دراسيه للنظام الفصلي وعن (24) وحده دراسيه للنظام السنوي.']",10,True,False,False,True,متى يمكن زيادة العبء الدراسي للطالب المتوقع تخرجه؟,,[],,Q005,regulations,study_load,medium,STUDENT_RULES article 8.1,STUDENT_RULES.json | article 8,متى يمكن زيادة العبء الدراسي للطالب المتوقع تخرجه؟,"['[page:13|article:8.1|part:0] (collection=regulations)\nرقم الصفحه: 13 رقم الماده: 8.1 العنوان: يتبع القاعده التنفيذيه للماده الثامنه البنود: ٦. حاله تخرج الطالب في حاله التخرج للطالب، يجوز لعماده القبول والتسجيل – او من تفوضه – الموافقه علي زياده الحد الاعلي للعبء الاكاديمي للطالب باضافه مقرر واحد او اكثر بحيث لا يتجاوز عدد الساعات الدراسيه 24 ساعه، وفي حال عدم تجاوزه 24 ساعه يجب الا يتجاوز 12 ساعه دراسيه للفصل الصيفي بعد موافقه الفئه المختصه. شروط حذف مقرر / مقررات ١) لا ينبغي ان يؤدي حذف مقرر بعد الحذف عن الحد الادني للعبء الدراسي للطالب، ولعماده القبول والتسجيل – او من تفوضه – الاستثناء في ذلك. ٢) لا يحق للطالب حذف مقرر ويكون هذا المقرر متطلب لمقرر اخر او من متطلبات مقرر اخر، الا بحذفهِما معاً وتحت شروط الفقره (اعلاه). شروط اضافه مقرر / مقررات ١) ان لا يكون هناك تعارض بين جدول الطالب. ٢) ان يكون المقرر ضمن الخطه الدراسيه. ٣) ان يكون متوفراً في الشعب المطروحه للمقرر. ٤) اجتياز كل متطلبات المقرر السابقه، او تسجيل المتطلبات المصاحبه. ضوابط الحد الاعلي للعبء الدراسي', '[page:4|def:19|part:0] (collection=regulations)\nمصطلح: العبء الدراسي التعريف: مجموع الوحدات الدراسيه التي يسمح للطالب التسجيل فيها في فصل دراسي، ويتحدد الحد الاعلي والادني للعبء الدراسي حسب القواعد التنفيذيه للجامعه.', '[page:11|article:7.1|part:0] (collection=regulations)\nرقم الصفحه: 11 رقم الماده: 7.1 العنوان: القاعده التنفيذيه للماده السابعه النص الاساسي: اولاً: ينقل الطالب من مستوي الي الذي يليه اذا اجتاز بنجاح جميع مقررات ذلك المستوي. ثانياً: الحد الادني من العبء الدراسي (12 ساعه دراسيه)، والحد الاعلي (18 ساعه دراسيه). ويجوز بموافقه عماده القبول والتسجيل زياده وحدات اخري للكليات التي تستدعي طبيعتها خلاف ذلك.', '[page:4|def:26|part:0] (collection=regulations)\nمصطلح: الحد الاعلي للعبء الدراسي التعريف: هو عدد الوحدات الدراسيه التي يسجلها الطالب خلال المستوي الدراسي بما لا يزيد علي (18) وحده دراسيه للنظام الفصلي وعلي (36) وحده دراسيه للنظام السنوي.', '[page:12|article:8.1|part:0] (collection=regulations)\nرقم الصفحه: 12 رقم الماده: 8.1 العنوان: يتبع القاعده التنفيذيه للماده الثامنه البنود: ٣) ان لا يكون هناك تعارض في جدول الطالب. ٤. عند عجز تحميل الطالب للعبء الدراسي عند عجز تحميل الطالب للعبء الدراسي من مقررات المستوي الذي يلزمه بسبب التعارض، او عدم انهاء المتطلبات السابقه، او انهاء مجموع مقررات ذلك المستوي، يكمل العبء الدراسي من مقررات المستويات التاليه للمستوي الملزم بها. واذا تعذر اكمال وحدات العبء الدراسي بعد ذلك يكتفي بالحد الادني للحد الدراسي الذي يُقرره له حتي لو كان عددها دون الحد الادني، وذلك بالتنسيق بين الكليه المعنيه للطالب وعماده القبول والتسجيل. ٥. تسجيل المقررات والمستويات العاليه ا) يُحدد عدد المقررات العاليه المسموح بتسجيل مقررات منها بمرسوم، ويجوز بموافقه عماده القبول والتسجيل تحديد مستويات اخري للكليات التي تستدعي طبيعه الدراسه فيها خلاف ذلك. ب) تتم عمليه تسجيل الجداول الدراسيه للطالب خلال الفتره الزمنيه المحدده في التقويم الجامعي.', '[page:22|article:19|part:0] (collection=regulations)\nرقم الصفحه: 22 رقم الماده: 19 العنوان: الماده التاسعه عشر النص الاساسي: يتخرج الطالب بعد انهاء متطلبات التخرج بنجاح حسب الخطه الدراسيه، علي الا يقل معدله التراكمي عن المعدل الذي يحدده مجلس الجامعه المعنيه لكل تخصص. علي الا يقل في كل الاحوال عن تقدير (مقبول). يجوز لمجلس الكليه بناءً علي توصيه القسم المختص تحديد مقررات مناسبه يدرسها الطالب لرفع معدله التراكمي، وذلك في حال نجاحه في المقررات ورسوبه في المعدل. القاعده التنفيذيه: القاعده التنفيذيه للماده التاسعه عشر بنود القاعده التنفيذيه: اولاً: يوافق مجلس الجامعه بان يكون معدل التخرج (٢.٠٠ من ٥) (تقدير مقبول كحد ادني) في كل التخصصات باستثناء: تخصصات كليه الهندسه وكليه علوم وهندسه الحاسبات علي ان يكون معدل التخرج (٢.٧٥ من ٥) (تقدير جيد كحد ادني). ثانياً: يراعي مجلس الجامعه علي تطبيق القواعد التاليه لتنفيذ الفقره (اولاً) من هذا القرار: ١) يطبق اللائحه علي الطلاب المستجدين في تخصصات الكليات المذكوره بفقره (١) من كليات واقسام معينه ضروريه توعيه الطلاب بالحد الادني لمعدل التخرج.', '[page:11|article:8.1|part:0] (collection=regulations)\nرقم الصفحه: 11 رقم الماده: 8.1 العنوان: القاعده التنفيذيه للماده الثامنه البنود: ١. التحميل الدراسي ا) لا يُسجل الطالب في مقرر او اكثر يلزم بدراسه متطلباتها اذا ليس في المجموعه الحد الادني من الوحدات الدراسيه. ب) اذا لم يسجل الطالب في مقررات المستوي الواجب عليه اجتيازها بالكامل، يلزم بدراسه مقررات من المستويات التي تليه مستوي او مستوي واحد بشرط الا يتجاوز الحد الادني من الوحدات الدراسيه. ج) لمجلس الكليه النظر في دراسه مقررات اعلي من المستوي هنا ومقارنتها مع مقررات لازمه من المستويات التي تليه مستوي وفقاً لما يستدعيه الجدول. د) ان يكون تسجيل الطالب في المقررات تحت ضوابط قيود الخطه الدراسيه. ٢. الارتباط بالعبء الدراسي ا) لا يرتبط العبء الدراسي للطالب بمعدله التراكمي علي ان لا يقل عن الحد الادني ولا يزيد عن الحد الاقصي حسب قرار اللجنه الدائمه للقبول والتسجيل.', '[page:14|article:8.1|part:0] (collection=regulations)\nرقم الصفحه: 14 رقم الماده: 8.1 العنوان: يتبع القاعده التنفيذيه للماده الثامنه البنود: ٧. شروط عمليات حذف واضافه مقررات للطالب شروط حذف مقرر/مقررات ١) الا يقل عدد الساعات الدراسيه بعد الحذف عن الحد الادني للعبء الدراسي للطالب، ولعماده القبول والتسجيل – او من تفوضه – الاستثناء في ذلك. ٢) لا يحق للطالب حذف مقرر ويكون هذا المقرر مصاحباً لمقرر اخر او من متطلبات مقرر اخر، الا بحذفهِما معاً وتحت شروط الفقره اعلاه. شروط اضافه مقرر/مقررات ١) ان لا يكون هناك تعارض في جدول الطالب. ٢) ان يكون المقرر ضمن الخطه الدراسيه. ٣) توفر شعبه في الشعب المطروحه للمقرر. ٤) اجتياز كل متطلبات المقرر السابقه، او تسجيل المتطلبات المصاحبه. ضوابط للعبء الدراسي للطالب ١) عدم تجاوز الحد الاعلي للعبء الدراسي للطالب. ٢) عدم اضافه مقرر يؤدي الي تجاوز العدد الكلي لساعات الخطه الدراسيه. ٣) لعماده القبول والتسجيل – او من تفوضه – الاستثناء من ذلك. ٨. انتهاء الفتره المحدده لتسجيل الجداول', '[chunk_143|part:0] (collection=transfer_rules)\nقد يؤدي اختلاف الخطط الي زياده عدد الساعات اللازمه للتخرج.', '[page:4|def:25|part:0] (collection=regulations)\nمصطلح: الحد الادني للعبء الدراسي التعريف: هو عدد الوحدات الدراسيه التي يسجلها الطالب خلال المستوي الدراسي بما لا يقل عن (12) وحده دراسيه للنظام الفصلي وعن (24) وحده دراسيه للنظام السنوي.']",يمكن زيادة العبء الدراسي للطالب المتوقع تخرجه بموافقة عمادة القبول والتسجيل، حيث يجوز لها الموافقة على زيادة الحد الأعلى للعبء الأكاديمي للطالب بإضافة مقرر واحد أو أكثر، بحيث لا يتجاوز عدد الساعات الدراسية 24 ساعة. وفي حال عدم تجاوز 24 ساعة، يجب ألا يتجاوز 12 ساعة دراسية للفصل الصيفي بعد موافقة الجهة المختصة.,يجوز زيادة العبء الدراسي للطالب المتوقع تخرجه وفق القواعد التي يضعها مجلس الجامعة ضمن أنظمة التسجيل.,0.8347981435562307,0.9888888888779013,0.8333333333333334,1.0
ما شروط إضافة مقرر ضمن الجدول الدراسي؟,تتم إضافة المقرر ضمن قواعد التسجيل والحذف والإضافة التي يضعها مجلس الجامعة، على أن يكون ذلك ضمن مستويات الخطة الدراسية المعتمدة وبما يضمن الحد الأدنى من العبء الدراسي.,"شروط إضافة مقرر ضمن الجدول الدراسي هي:

1. أن لا يكون هناك تعارض في جدول الطالب.
2. أن يكون المقرر ضمن الخطة الدراسية.
3. أن يكون متوفراً في الشعب المطروحة للمقرر.
4. اجتياز كل متطلبات المقرر السابقة، أو تسجيل المتطلبات المصاحبة. 

هذه الشروط مستندة إلى المقاطع المقدمة من قاعدة المعرفة.","['[page:13|article:8.1|part:0] (collection=regulations)\nرقم الصفحه: 13 رقم الماده: 8.1 العنوان: يتبع القاعده التنفيذيه للماده الثامنه البنود: ٦. حاله تخرج الطالب في حاله التخرج للطالب، يجوز لعماده القبول والتسجيل – او من تفوضه – الموافقه علي زياده الحد الاعلي للعبء الاكاديمي للطالب باضافه مقرر واحد او اكثر بحيث لا يتجاوز عدد الساعات الدراسيه 24 ساعه، وفي حال عدم تجاوزه 24 ساعه يجب الا يتجاوز 12 ساعه دراسيه للفصل الصيفي بعد موافقه الفئه المختصه. شروط حذف مقرر / مقررات ١) لا ينبغي ان يؤدي حذف مقرر بعد الحذف عن الحد الادني للعبء الدراسي للطالب، ولعماده القبول والتسجيل – او من تفوضه – الاستثناء في ذلك. ٢) لا يحق للطالب حذف مقرر ويكون هذا المقرر متطلب لمقرر اخر او من متطلبات مقرر اخر، الا بحذفهِما معاً وتحت شروط الفقره (اعلاه). شروط اضافه مقرر / مقررات ١) ان لا يكون هناك تعارض بين جدول الطالب. ٢) ان يكون المقرر ضمن الخطه الدراسيه. ٣) ان يكون متوفراً في الشعب المطروحه للمقرر. ٤) اجتياز كل متطلبات المقرر السابقه، او تسجيل المتطلبات المصاحبه. ضوابط الحد الاعلي للعبء الدراسي', '[page:14|article:8.1|part:0] (collection=regulations)\nرقم الصفحه: 14 رقم الماده: 8.1 العنوان: يتبع القاعده التنفيذيه للماده الثامنه البنود: ٧. شروط عمليات حذف واضافه مقررات للطالب شروط حذف مقرر/مقررات ١) الا يقل عدد الساعات الدراسيه بعد الحذف عن الحد الادني للعبء الدراسي للطالب، ولعماده القبول والتسجيل – او من تفوضه – الاستثناء في ذلك. ٢) لا يحق للطالب حذف مقرر ويكون هذا المقرر مصاحباً لمقرر اخر او من متطلبات مقرر اخر، الا بحذفهِما معاً وتحت شروط الفقره اعلاه. شروط اضافه مقرر/مقررات ١) ان لا يكون هناك تعارض في جدول الطالب. ٢) ان يكون المقرر ضمن الخطه الدراسيه. ٣) توفر شعبه في الشعب المطروحه للمقرر. ٤) اجتياز كل متطلبات المقرر السابقه، او تسجيل المتطلبات المصاحبه. ضوابط للعبء الدراسي للطالب ١) عدم تجاوز الحد الاعلي للعبء الدراسي للطالب. ٢) عدم اضافه مقرر يؤدي الي تجاوز العدد الكلي لساعات الخطه الدراسيه. ٣) لعماده القبول والتسجيل – او من تفوضه – الاستثناء من ذلك. ٨. انتهاء الفتره المحدده لتسجيل الجداول', '[page:12|article:8.1|part:0] (collection=regulations)\nرقم الصفحه: 12 رقم الماده: 8.1 العنوان: يتبع القاعده التنفيذيه للماده الثامنه البنود: ٣) ان لا يكون هناك تعارض في جدول الطالب. ٤. عند عجز تحميل الطالب للعبء الدراسي عند عجز تحميل الطالب للعبء الدراسي من مقررات المستوي الذي يلزمه بسبب التعارض، او عدم انهاء المتطلبات السابقه، او انهاء مجموع مقررات ذلك المستوي، يكمل العبء الدراسي من مقررات المستويات التاليه للمستوي الملزم بها. واذا تعذر اكمال وحدات العبء الدراسي بعد ذلك يكتفي بالحد الادني للحد الدراسي الذي يُقرره له حتي لو كان عددها دون الحد الادني، وذلك بالتنسيق بين الكليه المعنيه للطالب وعماده القبول والتسجيل. ٥. تسجيل المقررات والمستويات العاليه ا) يُحدد عدد المقررات العاليه المسموح بتسجيل مقررات منها بمرسوم، ويجوز بموافقه عماده القبول والتسجيل تحديد مستويات اخري للكليات التي تستدعي طبيعه الدراسه فيها خلاف ذلك. ب) تتم عمليه تسجيل الجداول الدراسيه للطالب خلال الفتره الزمنيه المحدده في التقويم الجامعي.', '[page:17|article:13|part:0] (collection=regulations)\nرقم الصفحه: 17 رقم الماده: 13 العنوان: الماده الثالثه عشر النص الاساسي: يجوز للطالب الاعتذار عن الاستمرار في دراسه فصل دراسي دون ان يعد راسباً، اذا تقدم بعذر مقبول لدي الجهه التي يحددها مجلس الجامعه، وذلك خلال فتره زمنيه تحددها القواعد التنفيذيه التي يقرها مجلس الجامعه، ويرصد للطالب تقدير (ع) او (W) ويحسب هذا الفصل من المده اللازمه لانهاء متطلبات التخرج. يجوز الانسحاب من مقرر او اكثر في الفصل الدراسي وفق القواعد التنفيذيه التي يقرها مجلس الجامعه. القاعده التنفيذيه: القاعده التنفيذيه للماده الثالثه عشر بنود القاعده التنفيذيه: (1) للاعتذار عن الاستمرار في الدراسه: لا يقل المعدل التراكمي للطالب عن (2). (2) تحتسب فتره الاعتذار عن الدراسه من عدد الفصول التي يسمح للطالب التاجيل فيها طبقاً للماده الرابعه عشر من اللائحه، وهي فصلان دراسيان متتاليان او ثلاثه فصول دراسيه غير متتاليه.', '[page:26|article:2|part:0] (collection=regulations)\nرقم الصفحه: 26 العنوان: الماده الخامسه والعشرون المحتوي: يجوز لمجلس القسم الذي يتولي تدريس المقرر – بناءً علي توصيه مدرس الماده – السماح للطالب باستكمال متطلبات مقرر غير مكتمل (ل) او (IC) في الفصل الدراسي التالي، ويرصد للطالب في سجله الاكاديمي تقدير غير مكتمل (ل) او (IC)، ولا يُحسب ضمن المعدل الفصلي او التراكمي. التقدير الذي يحصل عليه الطالب بعد استكمال متطلبات ذلك المقرر يحل محل التقدير السابق. واذا مضي فصل دراسي كامل ولم يستكمل الطالب متطلبات المقرر الذي رصد له تقدير غير مكتمل (ل) او (IC)، فيسجل للطالب تقدير (ه) او (F)، ويحسب ضمن المعدل الفصلي والتراكمي.', '[page:22|article:19|part:0] (collection=regulations)\nرقم الصفحه: 22 رقم الماده: 19 العنوان: الماده التاسعه عشر النص الاساسي: يتخرج الطالب بعد انهاء متطلبات التخرج بنجاح حسب الخطه الدراسيه، علي الا يقل معدله التراكمي عن المعدل الذي يحدده مجلس الجامعه المعنيه لكل تخصص. علي الا يقل في كل الاحوال عن تقدير (مقبول). يجوز لمجلس الكليه بناءً علي توصيه القسم المختص تحديد مقررات مناسبه يدرسها الطالب لرفع معدله التراكمي، وذلك في حال نجاحه في المقررات ورسوبه في المعدل. القاعده التنفيذيه: القاعده التنفيذيه للماده التاسعه عشر بنود القاعده التنفيذيه: اولاً: يوافق مجلس الجامعه بان يكون معدل التخرج (٢.٠٠ من ٥) (تقدير مقبول كحد ادني) في كل التخصصات باستثناء: تخصصات كليه الهندسه وكليه علوم وهندسه الحاسبات علي ان يكون معدل التخرج (٢.٧٥ من ٥) (تقدير جيد كحد ادني). ثانياً: يراعي مجلس الجامعه علي تطبيق القواعد التاليه لتنفيذ الفقره (اولاً) من هذا القرار: ١) يطبق اللائحه علي الطلاب المستجدين في تخصصات الكليات المذكوره بفقره (١) من كليات واقسام معينه ضروريه توعيه الطلاب بالحد الادني لمعدل التخرج.', '[page:10|article:6.1|part:0] (collection=regulations)\nرقم الصفحه: 10 رقم الماده: 6.1 العنوان: القاعده التنفيذيه للماده السادسه البنود: ١. تقدم المقررات الدراسيه تقدم المقررات الدراسيه في الكليات التي تطبق نظام السنوات الدراسيه في مده زمنيه لا تقل عن ٣٠ اسبوعاً، ولا تدخل ضمنها فترات التسجيل والحذف والاضافه والاختبارات النهائيه. ٢. الاختبار النهائي ا) يعقد اختبار نهائي لكل مقرر في نهايه السنه الدراسيه، ويجوز للمقررات العمليه والسريريه ذات الطبيعه التدريبيه ان يعقد الاختبار النهائي فيها في نهايه الفتره التدريبيه. ب) يعقد اختبار نهائي دور ثانٍ قبل بدء العام الدراسي لمده لا تقل عن اسبوعين. ج) في الاختبار النهائي للدور الثاني يسمح بدخول الطالب الذي لم ينجح في مقررات محدده، ويحدد مجلس الكليه نسبتها ومجموع عدد وحداتها. د) لا يسمح للطالب الذي لم ينجح في مقررات اكثر من المحدده حسب الفقره (ج) الدخول لاختبار الدور الثاني. ه) يحق للطالب الذي يرسب في بعض المقررات في نهايه السنه الدراسيه، ويلزم باعاده دراسه تلك المقررات التي لم ينجح في اختباراتها. ٣. تقدير الطالب في الدور الثاني', '[page:16|article:12|part:0] (collection=regulations)\nرقم الصفحه: 16 رقم الماده: 12 العنوان: الماده الثانيه عشر النص الاساسي: اذا لم يتمكن الطالب من حضور الاختبار النهائي في ايٍ من مواد الفصل لعذرٍ قهريٍ جاز لمجلس الكليه، في حالات الضروره القصوي، قبول عذره والسماح باعطائه اختباراً بديلاً خلال مده لا تتجاوز نهايه الفصل الدراسي التالي، ويعطي التقدير الذي يحصل عليه بعد ادائه الاختبار البديل. القاعده التنفيذيه: القاعده التنفيذيه للماده الثانيه عشر بنود القاعده التنفيذيه: (1) اذا لم يتمكن الطالب من حضور الاختبار النهائي في ايٍ من مقررات الفصل الدراسي لعذر قهري، يجوز لمجلس كليه الطالب في حال الضروره القصوي الموافقه علي منحه اختباراً بديلاً خلال مده لا تتجاوز نهايه الفصل الدراسي التالي، ويعطي التقدير الذي يحصل عليه بعد ادائه للاختبار البديل. (2) اذا مضي فصل دراسي واحد ولم يتغير تقدير البديل (بد) في سجل الطالب ولم يكن الطالب معتذراً او مؤجلاً لذلك الفصل الدراسي، فيسجل له تقدير راسب (ه) ويحسب ضمن المعدل الفصلي والتراكمي.', '[page:11|article:8.1|part:0] (collection=regulations)\nرقم الصفحه: 11 رقم الماده: 8.1 العنوان: القاعده التنفيذيه للماده الثامنه البنود: ١. التحميل الدراسي ا) لا يُسجل الطالب في مقرر او اكثر يلزم بدراسه متطلباتها اذا ليس في المجموعه الحد الادني من الوحدات الدراسيه. ب) اذا لم يسجل الطالب في مقررات المستوي الواجب عليه اجتيازها بالكامل، يلزم بدراسه مقررات من المستويات التي تليه مستوي او مستوي واحد بشرط الا يتجاوز الحد الادني من الوحدات الدراسيه. ج) لمجلس الكليه النظر في دراسه مقررات اعلي من المستوي هنا ومقارنتها مع مقررات لازمه من المستويات التي تليه مستوي وفقاً لما يستدعيه الجدول. د) ان يكون تسجيل الطالب في المقررات تحت ضوابط قيود الخطه الدراسيه. ٢. الارتباط بالعبء الدراسي ا) لا يرتبط العبء الدراسي للطالب بمعدله التراكمي علي ان لا يقل عن الحد الادني ولا يزيد عن الحد الاقصي حسب قرار اللجنه الدائمه للقبول والتسجيل.', '[page:11|article:8|part:0] (collection=regulations)\nرقم الصفحه: 11 رقم الماده: 8 العنوان: الماده الثامنه النص الاساسي: يضع مجلس الجامعه قواعد التسجيل، والحذف، والاضافه للمقررات ضمن مستويات الخطه الدراسيه المعتمده، بما يضمن تسجيل الطلاب للحد الادني من العبء الدراسي.']",10,True,False,False,True,ما شروط إضافة مقرر ضمن الجدول الدراسي؟,,[],,Q006,regulations,registration,medium,STUDENT_RULES article 8.1,STUDENT_RULES.json | article 8,ما شروط إضافة مقرر ضمن الجدول الدراسي؟,"['[page:13|article:8.1|part:0] (collection=regulations)\nرقم الصفحه: 13 رقم الماده: 8.1 العنوان: يتبع القاعده التنفيذيه للماده الثامنه البنود: ٦. حاله تخرج الطالب في حاله التخرج للطالب، يجوز لعماده القبول والتسجيل – او من تفوضه – الموافقه علي زياده الحد الاعلي للعبء الاكاديمي للطالب باضافه مقرر واحد او اكثر بحيث لا يتجاوز عدد الساعات الدراسيه 24 ساعه، وفي حال عدم تجاوزه 24 ساعه يجب الا يتجاوز 12 ساعه دراسيه للفصل الصيفي بعد موافقه الفئه المختصه. شروط حذف مقرر / مقررات ١) لا ينبغي ان يؤدي حذف مقرر بعد الحذف عن الحد الادني للعبء الدراسي للطالب، ولعماده القبول والتسجيل – او من تفوضه – الاستثناء في ذلك. ٢) لا يحق للطالب حذف مقرر ويكون هذا المقرر متطلب لمقرر اخر او من متطلبات مقرر اخر، الا بحذفهِما معاً وتحت شروط الفقره (اعلاه). شروط اضافه مقرر / مقررات ١) ان لا يكون هناك تعارض بين جدول الطالب. ٢) ان يكون المقرر ضمن الخطه الدراسيه. ٣) ان يكون متوفراً في الشعب المطروحه للمقرر. ٤) اجتياز كل متطلبات المقرر السابقه، او تسجيل المتطلبات المصاحبه. ضوابط الحد الاعلي للعبء الدراسي', '[page:14|article:8.1|part:0] (collection=regulations)\nرقم الصفحه: 14 رقم الماده: 8.1 العنوان: يتبع القاعده التنفيذيه للماده الثامنه البنود: ٧. شروط عمليات حذف واضافه مقررات للطالب شروط حذف مقرر/مقررات ١) الا يقل عدد الساعات الدراسيه بعد الحذف عن الحد الادني للعبء الدراسي للطالب، ولعماده القبول والتسجيل – او من تفوضه – الاستثناء في ذلك. ٢) لا يحق للطالب حذف مقرر ويكون هذا المقرر مصاحباً لمقرر اخر او من متطلبات مقرر اخر، الا بحذفهِما معاً وتحت شروط الفقره اعلاه. شروط اضافه مقرر/مقررات ١) ان لا يكون هناك تعارض في جدول الطالب. ٢) ان يكون المقرر ضمن الخطه الدراسيه. ٣) توفر شعبه في الشعب المطروحه للمقرر. ٤) اجتياز كل متطلبات المقرر السابقه، او تسجيل المتطلبات المصاحبه. ضوابط للعبء الدراسي للطالب ١) عدم تجاوز الحد الاعلي للعبء الدراسي للطالب. ٢) عدم اضافه مقرر يؤدي الي تجاوز العدد الكلي لساعات الخطه الدراسيه. ٣) لعماده القبول والتسجيل – او من تفوضه – الاستثناء من ذلك. ٨. انتهاء الفتره المحدده لتسجيل الجداول', '[page:12|article:8.1|part:0] (collection=regulations)\nرقم الصفحه: 12 رقم الماده: 8.1 العنوان: يتبع القاعده التنفيذيه للماده الثامنه البنود: ٣) ان لا يكون هناك تعارض في جدول الطالب. ٤. عند عجز تحميل الطالب للعبء الدراسي عند عجز تحميل الطالب للعبء الدراسي من مقررات المستوي الذي يلزمه بسبب التعارض، او عدم انهاء المتطلبات السابقه، او انهاء مجموع مقررات ذلك المستوي، يكمل العبء الدراسي من مقررات المستويات التاليه للمستوي الملزم بها. واذا تعذر اكمال وحدات العبء الدراسي بعد ذلك يكتفي بالحد الادني للحد الدراسي الذي يُقرره له حتي لو كان عددها دون الحد الادني، وذلك بالتنسيق بين الكليه المعنيه للطالب وعماده القبول والتسجيل. ٥. تسجيل المقررات والمستويات العاليه ا) يُحدد عدد المقررات العاليه المسموح بتسجيل مقررات منها بمرسوم، ويجوز بموافقه عماده القبول والتسجيل تحديد مستويات اخري للكليات التي تستدعي طبيعه الدراسه فيها خلاف ذلك. ب) تتم عمليه تسجيل الجداول الدراسيه للطالب خلال الفتره الزمنيه المحدده في التقويم الجامعي.', '[page:17|article:13|part:0] (collection=regulations)\nرقم الصفحه: 17 رقم الماده: 13 العنوان: الماده الثالثه عشر النص الاساسي: يجوز للطالب الاعتذار عن الاستمرار في دراسه فصل دراسي دون ان يعد راسباً، اذا تقدم بعذر مقبول لدي الجهه التي يحددها مجلس الجامعه، وذلك خلال فتره زمنيه تحددها القواعد التنفيذيه التي يقرها مجلس الجامعه، ويرصد للطالب تقدير (ع) او (W) ويحسب هذا الفصل من المده اللازمه لانهاء متطلبات التخرج. يجوز الانسحاب من مقرر او اكثر في الفصل الدراسي وفق القواعد التنفيذيه التي يقرها مجلس الجامعه. القاعده التنفيذيه: القاعده التنفيذيه للماده الثالثه عشر بنود القاعده التنفيذيه: (1) للاعتذار عن الاستمرار في الدراسه: لا يقل المعدل التراكمي للطالب عن (2). (2) تحتسب فتره الاعتذار عن الدراسه من عدد الفصول التي يسمح للطالب التاجيل فيها طبقاً للماده الرابعه عشر من اللائحه، وهي فصلان دراسيان متتاليان او ثلاثه فصول دراسيه غير متتاليه.', '[page:26|article:2|part:0] (collection=regulations)\nرقم الصفحه: 26 العنوان: الماده الخامسه والعشرون المحتوي: يجوز لمجلس القسم الذي يتولي تدريس المقرر – بناءً علي توصيه مدرس الماده – السماح للطالب باستكمال متطلبات مقرر غير مكتمل (ل) او (IC) في الفصل الدراسي التالي، ويرصد للطالب في سجله الاكاديمي تقدير غير مكتمل (ل) او (IC)، ولا يُحسب ضمن المعدل الفصلي او التراكمي. التقدير الذي يحصل عليه الطالب بعد استكمال متطلبات ذلك المقرر يحل محل التقدير السابق. واذا مضي فصل دراسي كامل ولم يستكمل الطالب متطلبات المقرر الذي رصد له تقدير غير مكتمل (ل) او (IC)، فيسجل للطالب تقدير (ه) او (F)، ويحسب ضمن المعدل الفصلي والتراكمي.', '[page:22|article:19|part:0] (collection=regulations)\nرقم الصفحه: 22 رقم الماده: 19 العنوان: الماده التاسعه عشر النص الاساسي: يتخرج الطالب بعد انهاء متطلبات التخرج بنجاح حسب الخطه الدراسيه، علي الا يقل معدله التراكمي عن المعدل الذي يحدده مجلس الجامعه المعنيه لكل تخصص. علي الا يقل في كل الاحوال عن تقدير (مقبول). يجوز لمجلس الكليه بناءً علي توصيه القسم المختص تحديد مقررات مناسبه يدرسها الطالب لرفع معدله التراكمي، وذلك في حال نجاحه في المقررات ورسوبه في المعدل. القاعده التنفيذيه: القاعده التنفيذيه للماده التاسعه عشر بنود القاعده التنفيذيه: اولاً: يوافق مجلس الجامعه بان يكون معدل التخرج (٢.٠٠ من ٥) (تقدير مقبول كحد ادني) في كل التخصصات باستثناء: تخصصات كليه الهندسه وكليه علوم وهندسه الحاسبات علي ان يكون معدل التخرج (٢.٧٥ من ٥) (تقدير جيد كحد ادني). ثانياً: يراعي مجلس الجامعه علي تطبيق القواعد التاليه لتنفيذ الفقره (اولاً) من هذا القرار: ١) يطبق اللائحه علي الطلاب المستجدين في تخصصات الكليات المذكوره بفقره (١) من كليات واقسام معينه ضروريه توعيه الطلاب بالحد الادني لمعدل التخرج.', '[page:10|article:6.1|part:0] (collection=regulations)\nرقم الصفحه: 10 رقم الماده: 6.1 العنوان: القاعده التنفيذيه للماده السادسه البنود: ١. تقدم المقررات الدراسيه تقدم المقررات الدراسيه في الكليات التي تطبق نظام السنوات الدراسيه في مده زمنيه لا تقل عن ٣٠ اسبوعاً، ولا تدخل ضمنها فترات التسجيل والحذف والاضافه والاختبارات النهائيه. ٢. الاختبار النهائي ا) يعقد اختبار نهائي لكل مقرر في نهايه السنه الدراسيه، ويجوز للمقررات العمليه والسريريه ذات الطبيعه التدريبيه ان يعقد الاختبار النهائي فيها في نهايه الفتره التدريبيه. ب) يعقد اختبار نهائي دور ثانٍ قبل بدء العام الدراسي لمده لا تقل عن اسبوعين. ج) في الاختبار النهائي للدور الثاني يسمح بدخول الطالب الذي لم ينجح في مقررات محدده، ويحدد مجلس الكليه نسبتها ومجموع عدد وحداتها. د) لا يسمح للطالب الذي لم ينجح في مقررات اكثر من المحدده حسب الفقره (ج) الدخول لاختبار الدور الثاني. ه) يحق للطالب الذي يرسب في بعض المقررات في نهايه السنه الدراسيه، ويلزم باعاده دراسه تلك المقررات التي لم ينجح في اختباراتها. ٣. تقدير الطالب في الدور الثاني', '[page:16|article:12|part:0] (collection=regulations)\nرقم الصفحه: 16 رقم الماده: 12 العنوان: الماده الثانيه عشر النص الاساسي: اذا لم يتمكن الطالب من حضور الاختبار النهائي في ايٍ من مواد الفصل لعذرٍ قهريٍ جاز لمجلس الكليه، في حالات الضروره القصوي، قبول عذره والسماح باعطائه اختباراً بديلاً خلال مده لا تتجاوز نهايه الفصل الدراسي التالي، ويعطي التقدير الذي يحصل عليه بعد ادائه الاختبار البديل. القاعده التنفيذيه: القاعده التنفيذيه للماده الثانيه عشر بنود القاعده التنفيذيه: (1) اذا لم يتمكن الطالب من حضور الاختبار النهائي في ايٍ من مقررات الفصل الدراسي لعذر قهري، يجوز لمجلس كليه الطالب في حال الضروره القصوي الموافقه علي منحه اختباراً بديلاً خلال مده لا تتجاوز نهايه الفصل الدراسي التالي، ويعطي التقدير الذي يحصل عليه بعد ادائه للاختبار البديل. (2) اذا مضي فصل دراسي واحد ولم يتغير تقدير البديل (بد) في سجل الطالب ولم يكن الطالب معتذراً او مؤجلاً لذلك الفصل الدراسي، فيسجل له تقدير راسب (ه) ويحسب ضمن المعدل الفصلي والتراكمي.', '[page:11|article:8.1|part:0] (collection=regulations)\nرقم الصفحه: 11 رقم الماده: 8.1 العنوان: القاعده التنفيذيه للماده الثامنه البنود: ١. التحميل الدراسي ا) لا يُسجل الطالب في مقرر او اكثر يلزم بدراسه متطلباتها اذا ليس في المجموعه الحد الادني من الوحدات الدراسيه. ب) اذا لم يسجل الطالب في مقررات المستوي الواجب عليه اجتيازها بالكامل، يلزم بدراسه مقررات من المستويات التي تليه مستوي او مستوي واحد بشرط الا يتجاوز الحد الادني من الوحدات الدراسيه. ج) لمجلس الكليه النظر في دراسه مقررات اعلي من المستوي هنا ومقارنتها مع مقررات لازمه من المستويات التي تليه مستوي وفقاً لما يستدعيه الجدول. د) ان يكون تسجيل الطالب في المقررات تحت ضوابط قيود الخطه الدراسيه. ٢. الارتباط بالعبء الدراسي ا) لا يرتبط العبء الدراسي للطالب بمعدله التراكمي علي ان لا يقل عن الحد الادني ولا يزيد عن الحد الاقصي حسب قرار اللجنه الدائمه للقبول والتسجيل.', '[page:11|article:8|part:0] (collection=regulations)\nرقم الصفحه: 11 رقم الماده: 8 العنوان: الماده الثامنه النص الاساسي: يضع مجلس الجامعه قواعد التسجيل، والحذف، والاضافه للمقررات ضمن مستويات الخطه الدراسيه المعتمده، بما يضمن تسجيل الطلاب للحد الادني من العبء الدراسي.']","شروط إضافة مقرر ضمن الجدول الدراسي هي:

1. أن لا يكون هناك تعارض في جدول الطالب.
2. أن يكون المقرر ضمن الخطة الدراسية.
3. أن يكون متوفراً في الشعب المطروحة للمقرر.
4. اجتياز كل متطلبات المقرر السابقة، أو تسجيل المتطلبات المصاحبة. 

هذه الشروط مستندة إلى المقاطع المقدمة من قاعدة المعرفة.",تتم إضافة المقرر ضمن قواعد التسجيل والحذف والإضافة التي يضعها مجلس الجامعة، على أن يكون ذلك ضمن مستويات الخطة الدراسية المعتمدة وبما يضمن الحد الأدنى من العبء الدراسي.,0.9803030852081599,0.9765432098656928,0.8,1.0
ما الذي يحدث إذا انتهت فترة التسجيل ولم يسجل الطالب مقرراته؟,إذا انتهت فترة التسجيل ولم يسجل الطالب مقرراته فتطبق عليه قواعد التسجيل التي يضعها مجلس الجامعة، ويلتزم الطالب بالتسجيل ضمن الخطة المعتمدة.,إذا انتهت الفترة المحددة لتسجيل الجداول الدراسية ولم يسجل الطالب أي مقررات، فإنه يعتبر منقطعاً عن الدراسة. ويترتب على ذلك للطلاب الجدد تقييدهم بكامل المقررات التي حملوها على درجة غير مكتمل (IC).,"['[page:20|article:17|part:0] (collection=regulations)\nرقم الصفحه: 20 رقم الماده: 17 العنوان: الماده السابعه عشر النص الاساسي: يمكن للطالب المطوي قيده، التقدم بطلب اعاده قيده برقمه وسجله قبل الانقطاع ووفق الضوابط الاتيه: (1) ان يتقدم بطلب اعاده القيد خلال اربعه فصول دراسيه من تاريخ طي القيد. (2) ان توافق الكليه المعنيه والجهات ذات العلاقه علي اعاده قيد الطالب. (3) اذا مضي علي طي قيد الطالب اربعه فصول دراسيه فاكثر (او سنتين دراسيتين للطالب المنتسب) فيعامل معامله المتقدم للجامعه طالباً مستجداً دون الرجوع الي سجله الدراسي السابق، علي ان تنطبق عليه كافه شروط القبول المطبقه في حينه، ولمجلس الجامعه منح الاستثناء من ذلك وفقاً للضوابط التي يصدرها المجلس. (4) لا يجوز اعاده قيد الطالب اكثر من مره واحده، ولمجلس الجامعه في حال الضروره الاستثناء من ذلك. (5) لا يجوز اعاده قيد الطالب المطوي قيده اذا كان مفصولاً اكاديمياً. القاعده التنفيذيه: القاعده التنفيذيه للماده السابعه عشر بنود القاعده التنفيذيه:', '[page:12|article:8.1|part:0] (collection=regulations)\nرقم الصفحه: 12 رقم الماده: 8.1 العنوان: يتبع القاعده التنفيذيه للماده الثامنه البنود: ٣) ان لا يكون هناك تعارض في جدول الطالب. ٤. عند عجز تحميل الطالب للعبء الدراسي عند عجز تحميل الطالب للعبء الدراسي من مقررات المستوي الذي يلزمه بسبب التعارض، او عدم انهاء المتطلبات السابقه، او انهاء مجموع مقررات ذلك المستوي، يكمل العبء الدراسي من مقررات المستويات التاليه للمستوي الملزم بها. واذا تعذر اكمال وحدات العبء الدراسي بعد ذلك يكتفي بالحد الادني للحد الدراسي الذي يُقرره له حتي لو كان عددها دون الحد الادني، وذلك بالتنسيق بين الكليه المعنيه للطالب وعماده القبول والتسجيل. ٥. تسجيل المقررات والمستويات العاليه ا) يُحدد عدد المقررات العاليه المسموح بتسجيل مقررات منها بمرسوم، ويجوز بموافقه عماده القبول والتسجيل تحديد مستويات اخري للكليات التي تستدعي طبيعه الدراسه فيها خلاف ذلك. ب) تتم عمليه تسجيل الجداول الدراسيه للطالب خلال الفتره الزمنيه المحدده في التقويم الجامعي.', '[page:26|article:2|part:0] (collection=regulations)\nرقم الصفحه: 26 العنوان: الماده الخامسه والعشرون المحتوي: يجوز لمجلس القسم الذي يتولي تدريس المقرر – بناءً علي توصيه مدرس الماده – السماح للطالب باستكمال متطلبات مقرر غير مكتمل (ل) او (IC) في الفصل الدراسي التالي، ويرصد للطالب في سجله الاكاديمي تقدير غير مكتمل (ل) او (IC)، ولا يُحسب ضمن المعدل الفصلي او التراكمي. التقدير الذي يحصل عليه الطالب بعد استكمال متطلبات ذلك المقرر يحل محل التقدير السابق. واذا مضي فصل دراسي كامل ولم يستكمل الطالب متطلبات المقرر الذي رصد له تقدير غير مكتمل (ل) او (IC)، فيسجل للطالب تقدير (ه) او (F)، ويحسب ضمن المعدل الفصلي والتراكمي.', '[page:13|article:8.1|part:0] (collection=regulations)\nرقم الصفحه: 13 رقم الماده: 8.1 العنوان: يتبع القاعده التنفيذيه للماده الثامنه البنود: ٦. حاله تخرج الطالب في حاله التخرج للطالب، يجوز لعماده القبول والتسجيل – او من تفوضه – الموافقه علي زياده الحد الاعلي للعبء الاكاديمي للطالب باضافه مقرر واحد او اكثر بحيث لا يتجاوز عدد الساعات الدراسيه 24 ساعه، وفي حال عدم تجاوزه 24 ساعه يجب الا يتجاوز 12 ساعه دراسيه للفصل الصيفي بعد موافقه الفئه المختصه. شروط حذف مقرر / مقررات ١) لا ينبغي ان يؤدي حذف مقرر بعد الحذف عن الحد الادني للعبء الدراسي للطالب، ولعماده القبول والتسجيل – او من تفوضه – الاستثناء في ذلك. ٢) لا يحق للطالب حذف مقرر ويكون هذا المقرر متطلب لمقرر اخر او من متطلبات مقرر اخر، الا بحذفهِما معاً وتحت شروط الفقره (اعلاه). شروط اضافه مقرر / مقررات ١) ان لا يكون هناك تعارض بين جدول الطالب. ٢) ان يكون المقرر ضمن الخطه الدراسيه. ٣) ان يكون متوفراً في الشعب المطروحه للمقرر. ٤) اجتياز كل متطلبات المقرر السابقه، او تسجيل المتطلبات المصاحبه. ضوابط الحد الاعلي للعبء الدراسي', '[page:4|def:23|part:0] (collection=regulations)\nمصطلح: الانقطاع التعريف: وفقاً للماده (15) وعدم تسجيل الطالب اي مقررات دراسيه لاي سنه او فصل دراسي دون اشعار الجامعه بذلك.', '[page:17|article:13|part:0] (collection=regulations)\nرقم الصفحه: 17 رقم الماده: 13 العنوان: الماده الثالثه عشر النص الاساسي: يجوز للطالب الاعتذار عن الاستمرار في دراسه فصل دراسي دون ان يعد راسباً، اذا تقدم بعذر مقبول لدي الجهه التي يحددها مجلس الجامعه، وذلك خلال فتره زمنيه تحددها القواعد التنفيذيه التي يقرها مجلس الجامعه، ويرصد للطالب تقدير (ع) او (W) ويحسب هذا الفصل من المده اللازمه لانهاء متطلبات التخرج. يجوز الانسحاب من مقرر او اكثر في الفصل الدراسي وفق القواعد التنفيذيه التي يقرها مجلس الجامعه. القاعده التنفيذيه: القاعده التنفيذيه للماده الثالثه عشر بنود القاعده التنفيذيه: (1) للاعتذار عن الاستمرار في الدراسه: لا يقل المعدل التراكمي للطالب عن (2). (2) تحتسب فتره الاعتذار عن الدراسه من عدد الفصول التي يسمح للطالب التاجيل فيها طبقاً للماده الرابعه عشر من اللائحه، وهي فصلان دراسيان متتاليان او ثلاثه فصول دراسيه غير متتاليه.', '[page:14|article:8.1|part:0] (collection=regulations)\nرقم الصفحه: 14 رقم الماده: 8.1 العنوان: يتبع القاعده التنفيذيه للماده الثامنه البنود: ٧. شروط عمليات حذف واضافه مقررات للطالب شروط حذف مقرر/مقررات ١) الا يقل عدد الساعات الدراسيه بعد الحذف عن الحد الادني للعبء الدراسي للطالب، ولعماده القبول والتسجيل – او من تفوضه – الاستثناء في ذلك. ٢) لا يحق للطالب حذف مقرر ويكون هذا المقرر مصاحباً لمقرر اخر او من متطلبات مقرر اخر، الا بحذفهِما معاً وتحت شروط الفقره اعلاه. شروط اضافه مقرر/مقررات ١) ان لا يكون هناك تعارض في جدول الطالب. ٢) ان يكون المقرر ضمن الخطه الدراسيه. ٣) توفر شعبه في الشعب المطروحه للمقرر. ٤) اجتياز كل متطلبات المقرر السابقه، او تسجيل المتطلبات المصاحبه. ضوابط للعبء الدراسي للطالب ١) عدم تجاوز الحد الاعلي للعبء الدراسي للطالب. ٢) عدم اضافه مقرر يؤدي الي تجاوز العدد الكلي لساعات الخطه الدراسيه. ٣) لعماده القبول والتسجيل – او من تفوضه – الاستثناء من ذلك. ٨. انتهاء الفتره المحدده لتسجيل الجداول', '[page:10|article:6.1|part:0] (collection=regulations)\nرقم الصفحه: 10 رقم الماده: 6.1 العنوان: القاعده التنفيذيه للماده السادسه البنود: ١. تقدم المقررات الدراسيه تقدم المقررات الدراسيه في الكليات التي تطبق نظام السنوات الدراسيه في مده زمنيه لا تقل عن ٣٠ اسبوعاً، ولا تدخل ضمنها فترات التسجيل والحذف والاضافه والاختبارات النهائيه. ٢. الاختبار النهائي ا) يعقد اختبار نهائي لكل مقرر في نهايه السنه الدراسيه، ويجوز للمقررات العمليه والسريريه ذات الطبيعه التدريبيه ان يعقد الاختبار النهائي فيها في نهايه الفتره التدريبيه. ب) يعقد اختبار نهائي دور ثانٍ قبل بدء العام الدراسي لمده لا تقل عن اسبوعين. ج) في الاختبار النهائي للدور الثاني يسمح بدخول الطالب الذي لم ينجح في مقررات محدده، ويحدد مجلس الكليه نسبتها ومجموع عدد وحداتها. د) لا يسمح للطالب الذي لم ينجح في مقررات اكثر من المحدده حسب الفقره (ج) الدخول لاختبار الدور الثاني. ه) يحق للطالب الذي يرسب في بعض المقررات في نهايه السنه الدراسيه، ويلزم باعاده دراسه تلك المقررات التي لم ينجح في اختباراتها. ٣. تقدير الطالب في الدور الثاني', '[page:27|article:2|part:0] (collection=regulations)\nرقم الصفحه: 27 العنوان: الماده السابعه والعشرون المحتوي: اذا كانت دراسه مقررات الابحاث تتطلب اكثر من فصل دراسي فيُرصد للطالب تقدير مستمر (م) او (IP)، وبعد انتهائها يمنح الطالب من دراسه المقرر التقدير الذي حصل عليه. واذا لم يستكمل المقرر في الوقت المحدد، فيجوز لمجلس القسم الذي يتولي تدريسه الموافقه علي رصد تقدير غير مكتمل (ل) او (IC) في سجل الطالب، ويُعامل وفق ما نصت عليه الماده الخامسه والعشرون.', '[chunk_150|part:0] (collection=transfer_rules)\nبعد قبول التحويل، يتم تثبيت الجدول الدراسي حسب الخطه الجديده تلقائياً.']",10,True,False,False,True,ما الذي يحدث إذا انتهت فترة التسجيل ولم يسجل الطالب مقرراته؟,,[],,Q007,regulations,registration,medium,STUDENT_RULES article 8.1,STUDENT_RULES.json | article 8,ما الذي يحدث إذا انتهت فترة التسجيل ولم يسجل الطالب مقرراته؟,"['[page:20|article:17|part:0] (collection=regulations)\nرقم الصفحه: 20 رقم الماده: 17 العنوان: الماده السابعه عشر النص الاساسي: يمكن للطالب المطوي قيده، التقدم بطلب اعاده قيده برقمه وسجله قبل الانقطاع ووفق الضوابط الاتيه: (1) ان يتقدم بطلب اعاده القيد خلال اربعه فصول دراسيه من تاريخ طي القيد. (2) ان توافق الكليه المعنيه والجهات ذات العلاقه علي اعاده قيد الطالب. (3) اذا مضي علي طي قيد الطالب اربعه فصول دراسيه فاكثر (او سنتين دراسيتين للطالب المنتسب) فيعامل معامله المتقدم للجامعه طالباً مستجداً دون الرجوع الي سجله الدراسي السابق، علي ان تنطبق عليه كافه شروط القبول المطبقه في حينه، ولمجلس الجامعه منح الاستثناء من ذلك وفقاً للضوابط التي يصدرها المجلس. (4) لا يجوز اعاده قيد الطالب اكثر من مره واحده، ولمجلس الجامعه في حال الضروره الاستثناء من ذلك. (5) لا يجوز اعاده قيد الطالب المطوي قيده اذا كان مفصولاً اكاديمياً. القاعده التنفيذيه: القاعده التنفيذيه للماده السابعه عشر بنود القاعده التنفيذيه:', '[page:12|article:8.1|part:0] (collection=regulations)\nرقم الصفحه: 12 رقم الماده: 8.1 العنوان: يتبع القاعده التنفيذيه للماده الثامنه البنود: ٣) ان لا يكون هناك تعارض في جدول الطالب. ٤. عند عجز تحميل الطالب للعبء الدراسي عند عجز تحميل الطالب للعبء الدراسي من مقررات المستوي الذي يلزمه بسبب التعارض، او عدم انهاء المتطلبات السابقه، او انهاء مجموع مقررات ذلك المستوي، يكمل العبء الدراسي من مقررات المستويات التاليه للمستوي الملزم بها. واذا تعذر اكمال وحدات العبء الدراسي بعد ذلك يكتفي بالحد الادني للحد الدراسي الذي يُقرره له حتي لو كان عددها دون الحد الادني، وذلك بالتنسيق بين الكليه المعنيه للطالب وعماده القبول والتسجيل. ٥. تسجيل المقررات والمستويات العاليه ا) يُحدد عدد المقررات العاليه المسموح بتسجيل مقررات منها بمرسوم، ويجوز بموافقه عماده القبول والتسجيل تحديد مستويات اخري للكليات التي تستدعي طبيعه الدراسه فيها خلاف ذلك. ب) تتم عمليه تسجيل الجداول الدراسيه للطالب خلال الفتره الزمنيه المحدده في التقويم الجامعي.', '[page:26|article:2|part:0] (collection=regulations)\nرقم الصفحه: 26 العنوان: الماده الخامسه والعشرون المحتوي: يجوز لمجلس القسم الذي يتولي تدريس المقرر – بناءً علي توصيه مدرس الماده – السماح للطالب باستكمال متطلبات مقرر غير مكتمل (ل) او (IC) في الفصل الدراسي التالي، ويرصد للطالب في سجله الاكاديمي تقدير غير مكتمل (ل) او (IC)، ولا يُحسب ضمن المعدل الفصلي او التراكمي. التقدير الذي يحصل عليه الطالب بعد استكمال متطلبات ذلك المقرر يحل محل التقدير السابق. واذا مضي فصل دراسي كامل ولم يستكمل الطالب متطلبات المقرر الذي رصد له تقدير غير مكتمل (ل) او (IC)، فيسجل للطالب تقدير (ه) او (F)، ويحسب ضمن المعدل الفصلي والتراكمي.', '[page:13|article:8.1|part:0] (collection=regulations)\nرقم الصفحه: 13 رقم الماده: 8.1 العنوان: يتبع القاعده التنفيذيه للماده الثامنه البنود: ٦. حاله تخرج الطالب في حاله التخرج للطالب، يجوز لعماده القبول والتسجيل – او من تفوضه – الموافقه علي زياده الحد الاعلي للعبء الاكاديمي للطالب باضافه مقرر واحد او اكثر بحيث لا يتجاوز عدد الساعات الدراسيه 24 ساعه، وفي حال عدم تجاوزه 24 ساعه يجب الا يتجاوز 12 ساعه دراسيه للفصل الصيفي بعد موافقه الفئه المختصه. شروط حذف مقرر / مقررات ١) لا ينبغي ان يؤدي حذف مقرر بعد الحذف عن الحد الادني للعبء الدراسي للطالب، ولعماده القبول والتسجيل – او من تفوضه – الاستثناء في ذلك. ٢) لا يحق للطالب حذف مقرر ويكون هذا المقرر متطلب لمقرر اخر او من متطلبات مقرر اخر، الا بحذفهِما معاً وتحت شروط الفقره (اعلاه). شروط اضافه مقرر / مقررات ١) ان لا يكون هناك تعارض بين جدول الطالب. ٢) ان يكون المقرر ضمن الخطه الدراسيه. ٣) ان يكون متوفراً في الشعب المطروحه للمقرر. ٤) اجتياز كل متطلبات المقرر السابقه، او تسجيل المتطلبات المصاحبه. ضوابط الحد الاعلي للعبء الدراسي', '[page:4|def:23|part:0] (collection=regulations)\nمصطلح: الانقطاع التعريف: وفقاً للماده (15) وعدم تسجيل الطالب اي مقررات دراسيه لاي سنه او فصل دراسي دون اشعار الجامعه بذلك.', '[page:17|article:13|part:0] (collection=regulations)\nرقم الصفحه: 17 رقم الماده: 13 العنوان: الماده الثالثه عشر النص الاساسي: يجوز للطالب الاعتذار عن الاستمرار في دراسه فصل دراسي دون ان يعد راسباً، اذا تقدم بعذر مقبول لدي الجهه التي يحددها مجلس الجامعه، وذلك خلال فتره زمنيه تحددها القواعد التنفيذيه التي يقرها مجلس الجامعه، ويرصد للطالب تقدير (ع) او (W) ويحسب هذا الفصل من المده اللازمه لانهاء متطلبات التخرج. يجوز الانسحاب من مقرر او اكثر في الفصل الدراسي وفق القواعد التنفيذيه التي يقرها مجلس الجامعه. القاعده التنفيذيه: القاعده التنفيذيه للماده الثالثه عشر بنود القاعده التنفيذيه: (1) للاعتذار عن الاستمرار في الدراسه: لا يقل المعدل التراكمي للطالب عن (2). (2) تحتسب فتره الاعتذار عن الدراسه من عدد الفصول التي يسمح للطالب التاجيل فيها طبقاً للماده الرابعه عشر من اللائحه، وهي فصلان دراسيان متتاليان او ثلاثه فصول دراسيه غير متتاليه.', '[page:14|article:8.1|part:0] (collection=regulations)\nرقم الصفحه: 14 رقم الماده: 8.1 العنوان: يتبع القاعده التنفيذيه للماده الثامنه البنود: ٧. شروط عمليات حذف واضافه مقررات للطالب شروط حذف مقرر/مقررات ١) الا يقل عدد الساعات الدراسيه بعد الحذف عن الحد الادني للعبء الدراسي للطالب، ولعماده القبول والتسجيل – او من تفوضه – الاستثناء في ذلك. ٢) لا يحق للطالب حذف مقرر ويكون هذا المقرر مصاحباً لمقرر اخر او من متطلبات مقرر اخر، الا بحذفهِما معاً وتحت شروط الفقره اعلاه. شروط اضافه مقرر/مقررات ١) ان لا يكون هناك تعارض في جدول الطالب. ٢) ان يكون المقرر ضمن الخطه الدراسيه. ٣) توفر شعبه في الشعب المطروحه للمقرر. ٤) اجتياز كل متطلبات المقرر السابقه، او تسجيل المتطلبات المصاحبه. ضوابط للعبء الدراسي للطالب ١) عدم تجاوز الحد الاعلي للعبء الدراسي للطالب. ٢) عدم اضافه مقرر يؤدي الي تجاوز العدد الكلي لساعات الخطه الدراسيه. ٣) لعماده القبول والتسجيل – او من تفوضه – الاستثناء من ذلك. ٨. انتهاء الفتره المحدده لتسجيل الجداول', '[page:10|article:6.1|part:0] (collection=regulations)\nرقم الصفحه: 10 رقم الماده: 6.1 العنوان: القاعده التنفيذيه للماده السادسه البنود: ١. تقدم المقررات الدراسيه تقدم المقررات الدراسيه في الكليات التي تطبق نظام السنوات الدراسيه في مده زمنيه لا تقل عن ٣٠ اسبوعاً، ولا تدخل ضمنها فترات التسجيل والحذف والاضافه والاختبارات النهائيه. ٢. الاختبار النهائي ا) يعقد اختبار نهائي لكل مقرر في نهايه السنه الدراسيه، ويجوز للمقررات العمليه والسريريه ذات الطبيعه التدريبيه ان يعقد الاختبار النهائي فيها في نهايه الفتره التدريبيه. ب) يعقد اختبار نهائي دور ثانٍ قبل بدء العام الدراسي لمده لا تقل عن اسبوعين. ج) في الاختبار النهائي للدور الثاني يسمح بدخول الطالب الذي لم ينجح في مقررات محدده، ويحدد مجلس الكليه نسبتها ومجموع عدد وحداتها. د) لا يسمح للطالب الذي لم ينجح في مقررات اكثر من المحدده حسب الفقره (ج) الدخول لاختبار الدور الثاني. ه) يحق للطالب الذي يرسب في بعض المقررات في نهايه السنه الدراسيه، ويلزم باعاده دراسه تلك المقررات التي لم ينجح في اختباراتها. ٣. تقدير الطالب في الدور الثاني', '[page:27|article:2|part:0] (collection=regulations)\nرقم الصفحه: 27 العنوان: الماده السابعه والعشرون المحتوي: اذا كانت دراسه مقررات الابحاث تتطلب اكثر من فصل دراسي فيُرصد للطالب تقدير مستمر (م) او (IP)، وبعد انتهائها يمنح الطالب من دراسه المقرر التقدير الذي حصل عليه. واذا لم يستكمل المقرر في الوقت المحدد، فيجوز لمجلس القسم الذي يتولي تدريسه الموافقه علي رصد تقدير غير مكتمل (ل) او (IC) في سجل الطالب، ويُعامل وفق ما نصت عليه الماده الخامسه والعشرون.', '[chunk_150|part:0] (collection=transfer_rules)\nبعد قبول التحويل، يتم تثبيت الجدول الدراسي حسب الخطه الجديده تلقائياً.']",إذا انتهت الفترة المحددة لتسجيل الجداول الدراسية ولم يسجل الطالب أي مقررات، فإنه يعتبر منقطعاً عن الدراسة. ويترتب على ذلك للطلاب الجدد تقييدهم بكامل المقررات التي حملوها على درجة غير مكتمل (IC).,إذا انتهت فترة التسجيل ولم يسجل الطالب مقرراته فتطبق عليه قواعد التسجيل التي يضعها مجلس الجامعة، ويلتزم الطالب بالتسجيل ضمن الخطة المعتمدة.,0.8905670423566452,0.9999999999888889,0.5,1.0
ما الشروط الأساسية لقبول الطالب المستجد في الجامعة؟,من الشروط الأساسية: شهادة الثانوية أو ما يعادلها، وألا يكون قد مضى عليها أكثر من خمس سنوات إلا باستثناء، وحسن السيرة والسلوك، واجتياز أي اختبار أو مقابلة، واللياقة الطبية، مع استيفاء أي شروط أخرى يحددها مجلس الجامعة.,"تشترط الجامعة لقبول الطالب المستجد ما يلي:

1. أن يكون حاصلاً على شهادة الثانوية العامة أو ما يعادلها من داخل المملكة أو من خارجها.
2. ألا يكون قد مضى على حصوله على الثانوية العامة أو ما يعادلها مدة تزيد على خمس سنوات، ويجوز لمجلس الجامعة الاستثناء من هذا الشرط إذا توفرت أسباب مقنعة.
3. أن يكون حسن السيرة والسلوك.
4. أن يجتاز بنجاح أي اختبار أو مقابلة شخصية يراها مجلس الجامعة.
5. أن يكون لائقاً طبياً.
6. ألا يكون الطالب مسجلاً لدرجة جامعية أخرى في الجامعة نفسها أو في جامعة أخرى أو حاصلاً عليها ويرغب في إعادة الحصول عليها مرة أخرى منتظماً، سواء كان ذلك في نفس التخصص أو في تخصص آخر.
7. أن يحصل على موافقة من مرجعه بالدراسة إذا كان يعمل في أي جهة حكومية أو خاصة.
8. في حالة الانتظام، لابد أن يكون الطالب متفرغاً تفرغاً كاملاً للدراسة.
9. أن يستوفي أي شروط أخرى تحددها عمادة القبول والتسجيل وتعلن وقت التقديم.
10. ألا يكون مفصولاً من جامعة","['[page:7|article:3|part:0] (collection=regulations)\nرقم الصفحه: 7 رقم الماده: 3 العنوان: الماده الثالثه النص الاساسي: يشترط لقبول الطالب المستجد في الجامعه الاتي: الشروط: ١) ان يكون حاصلاً علي شهاده الثانويه العامه او ما يعادلها من داخل المملكه او من خارجها. ٢) الا يكون قد مضي علي حصوله علي الثانويه العامه او ما يعادلها مده تزيد علي خمس سنوات، ويجوز لمجلس الجامعه الاستثناء من هذا الشرط اذا توفرت اسباب مقنعه. ٣) ان يكون حسن السيره والسلوك. ٤) ان يجتاز بنجاح اي اختبار او مقابله شخصيه يراها مجلس الجامعه. ٥) ان يكون لائقاً طبياً.', '[page:7|article:3.1|part:0] (collection=regulations)\nرقم الصفحه: 7 رقم الماده: 3.1 العنوان: القاعده التنفيذيه للماده الثالثه النص الاساسي: يشترط لقبول الطالب المستجد في الجامعه الاتي: الشروط: ١) ان يكون حاصلاً علي شهاده الثانويه العامه او ما يعادلها من داخل المملكه او من خارجها. ٢) الا يكون قد مضي علي حصوله علي الثانويه العامه او ما يعادلها لمده تزيد علي ثلاث سنوات، ويجوز لمدير الجامعه او من يفوضه الاستثناء من هذا الشرط اذا توفرت اسباب مقنعه. ٣) في حال حصول المتقدم علي شهاده اعلي من الثانويه العامه، يجوز النظر في قبوله في حال وجود مقاعد شاغره.', '[page:8|article:3.1|part:0] (collection=regulations)\nرقم الصفحه: 8 رقم الماده: 3.1 العنوان: يتبع القاعده التنفيذيه للماده الثالثه الشروط: ٤) ان لا يكون الطالب مسجلاً لدرجه جامعيه اخري في الجامعه نفسها او في جامعه اخري او حاصلاً عليها ويرغب اعاده الحصول عليها مره اخري منتظماً، سواء كان ذلك في نفس التخصص او في تخصص اخر. ٥) ان يكون حسن السيره والسلوك. ٦) ان يكون لائقاً طبياً. ٧) ان يحصل علي موافقه من مرجعه بالدراسه اذا كان يعمل في اي جهه حكوميه او خاصه. ٨) في حاله الانتظام لابد ان يكون الطالب متفرغاً تفرغاً كاملاً للدراسه. ٩) ان يستوفي اي شروط اخري تحددها عماده القبول والتسجيل وتعلن وقت التقديم. ١٠) ان لا يكون مفصولاً من جامعه اخري لاسباب تاديبيه او طلابيه او اكاديميه.', '[chunk_052|part:0] (collection=transfer_rules)\nيشترط ان يكون الطالب في وضع اكاديمي جيد وغير موقوف او مفصول اكادياً.', '[page:20|article:17|part:0] (collection=regulations)\nرقم الصفحه: 20 رقم الماده: 17 العنوان: الماده السابعه عشر النص الاساسي: يمكن للطالب المطوي قيده، التقدم بطلب اعاده قيده برقمه وسجله قبل الانقطاع ووفق الضوابط الاتيه: (1) ان يتقدم بطلب اعاده القيد خلال اربعه فصول دراسيه من تاريخ طي القيد. (2) ان توافق الكليه المعنيه والجهات ذات العلاقه علي اعاده قيد الطالب. (3) اذا مضي علي طي قيد الطالب اربعه فصول دراسيه فاكثر (او سنتين دراسيتين للطالب المنتسب) فيعامل معامله المتقدم للجامعه طالباً مستجداً دون الرجوع الي سجله الدراسي السابق، علي ان تنطبق عليه كافه شروط القبول المطبقه في حينه، ولمجلس الجامعه منح الاستثناء من ذلك وفقاً للضوابط التي يصدرها المجلس. (4) لا يجوز اعاده قيد الطالب اكثر من مره واحده، ولمجلس الجامعه في حال الضروره الاستثناء من ذلك. (5) لا يجوز اعاده قيد الطالب المطوي قيده اذا كان مفصولاً اكاديمياً. القاعده التنفيذيه: القاعده التنفيذيه للماده السابعه عشر بنود القاعده التنفيذيه:', '[page:35|article:1|part:0] (collection=regulations)\nرقم الصفحه: 35 العنوان: القاعده التنفيذيه للماده الثانيه و الاربعون المحتوي: بناءً علي الماده الثانيه والاربعين فقره (ج) من اللائحه، تُحدد الشروط الاضافيه التاليه للتحويل من جامعه اخري الي جامعه جده: 1) موافقه عميد القبول والتسجيل وفق ضوابط التحويل التي تقرها الجامعه. 2) ان يكون التحويل من جامعه معترف بها اكاديمياً في وزاره التعليم، وضروره ارفاق خطاب الاعتراف بالنسبه للجامعات والكليات الاهليه او الخارجيه. 3) ان لا يقل المعدل التراكمي للطالب المحول عن (3 من 5) او (2 من 4). 4) الا يكون الطالب مفصولاً او منقطعاً من جامعه لاي سبب كان، واذا اتضح بعد فتح ملفه غير ذلك فيعتبر قبوله لاغياً. 5) ان يكون التحويل الي نفس التخصص المحول منه في الجامعه السابقه. 6) دراسه ما لا يقل عن 50% من متطلبات التخرج في جامعه جده. 7) ان تستكمل اجراءات التحويل حسب المواعيد المحدده في التقويم الجامعي. 8) ان يستوفي اي شروط اخري تحددها عماده القبول والتسجيل.', '[chunk_180|part:0] (collection=transfer_rules)\nيجب ان يكون الطالب في وضع اكاديمي جيد وغير موقوف عن الدراسه.', '[page:40|article:1|part:0] (collection=regulations)\nرقم الصفحه: 40 العنوان: ثانياً: لطلاب جامعه اخري ويرغب الدراسه طالباً زائراً في جامعه جده المحتوي: 1) ان يكون للطالب سجل دراسي (معدل تراكمي) لفصلين دراسيين علي الاقل من جامعته التي قبل فيها. 2) ان يكون الطالب منتظماً لا اسباب تاديبيه او تعليميه. 3) ان يحصل علي موافقه خطيه مسبقه من جامعته للدراسه طالباً زائراً في جامعه جده، ويجب ان يُذكر في الخطاب مقررات جامعه جده التي سيقوم الطالب بدراستها. 4) ان يحصل علي موافقه الكليه التي يرغب الطالب الدراسه بها زائراً. 5) الحد الاقصي للقبول الدراسي الذي يسمح للطالب دراستها زائراً فصلان دراسيان. 6) لا يسمح للطالب بدراسه كطالب زائر في جامعه جده او في اي من فروعها اذا سبق له الحرمان في احد المقررات التي درسها زائراً في جامعه جده.', '[chunk_053|part:0] (collection=transfer_rules)\nيجب ان يكون الطالب قد انهي علي الاقل فصل دراسي واحد في الجامعه.', '[chunk_078|part:0] (collection=transfer_rules)\nيجب رفع السجل الاكاديمي الصحيح والحديث عند التقديم.']",10,True,False,False,True,ما الشروط الأساسية لقبول الطالب المستجد في الجامعة؟,,[],,Q008,regulations,admission,easy,STUDENT_RULES article 3,STUDENT_RULES.json | article 3,ما الشروط الأساسية لقبول الطالب المستجد في الجامعة؟,"['[page:7|article:3|part:0] (collection=regulations)\nرقم الصفحه: 7 رقم الماده: 3 العنوان: الماده الثالثه النص الاساسي: يشترط لقبول الطالب المستجد في الجامعه الاتي: الشروط: ١) ان يكون حاصلاً علي شهاده الثانويه العامه او ما يعادلها من داخل المملكه او من خارجها. ٢) الا يكون قد مضي علي حصوله علي الثانويه العامه او ما يعادلها مده تزيد علي خمس سنوات، ويجوز لمجلس الجامعه الاستثناء من هذا الشرط اذا توفرت اسباب مقنعه. ٣) ان يكون حسن السيره والسلوك. ٤) ان يجتاز بنجاح اي اختبار او مقابله شخصيه يراها مجلس الجامعه. ٥) ان يكون لائقاً طبياً.', '[page:7|article:3.1|part:0] (collection=regulations)\nرقم الصفحه: 7 رقم الماده: 3.1 العنوان: القاعده التنفيذيه للماده الثالثه النص الاساسي: يشترط لقبول الطالب المستجد في الجامعه الاتي: الشروط: ١) ان يكون حاصلاً علي شهاده الثانويه العامه او ما يعادلها من داخل المملكه او من خارجها. ٢) الا يكون قد مضي علي حصوله علي الثانويه العامه او ما يعادلها لمده تزيد علي ثلاث سنوات، ويجوز لمدير الجامعه او من يفوضه الاستثناء من هذا الشرط اذا توفرت اسباب مقنعه. ٣) في حال حصول المتقدم علي شهاده اعلي من الثانويه العامه، يجوز النظر في قبوله في حال وجود مقاعد شاغره.', '[page:8|article:3.1|part:0] (collection=regulations)\nرقم الصفحه: 8 رقم الماده: 3.1 العنوان: يتبع القاعده التنفيذيه للماده الثالثه الشروط: ٤) ان لا يكون الطالب مسجلاً لدرجه جامعيه اخري في الجامعه نفسها او في جامعه اخري او حاصلاً عليها ويرغب اعاده الحصول عليها مره اخري منتظماً، سواء كان ذلك في نفس التخصص او في تخصص اخر. ٥) ان يكون حسن السيره والسلوك. ٦) ان يكون لائقاً طبياً. ٧) ان يحصل علي موافقه من مرجعه بالدراسه اذا كان يعمل في اي جهه حكوميه او خاصه. ٨) في حاله الانتظام لابد ان يكون الطالب متفرغاً تفرغاً كاملاً للدراسه. ٩) ان يستوفي اي شروط اخري تحددها عماده القبول والتسجيل وتعلن وقت التقديم. ١٠) ان لا يكون مفصولاً من جامعه اخري لاسباب تاديبيه او طلابيه او اكاديميه.', '[chunk_052|part:0] (collection=transfer_rules)\nيشترط ان يكون الطالب في وضع اكاديمي جيد وغير موقوف او مفصول اكادياً.', '[page:20|article:17|part:0] (collection=regulations)\nرقم الصفحه: 20 رقم الماده: 17 العنوان: الماده السابعه عشر النص الاساسي: يمكن للطالب المطوي قيده، التقدم بطلب اعاده قيده برقمه وسجله قبل الانقطاع ووفق الضوابط الاتيه: (1) ان يتقدم بطلب اعاده القيد خلال اربعه فصول دراسيه من تاريخ طي القيد. (2) ان توافق الكليه المعنيه والجهات ذات العلاقه علي اعاده قيد الطالب. (3) اذا مضي علي طي قيد الطالب اربعه فصول دراسيه فاكثر (او سنتين دراسيتين للطالب المنتسب) فيعامل معامله المتقدم للجامعه طالباً مستجداً دون الرجوع الي سجله الدراسي السابق، علي ان تنطبق عليه كافه شروط القبول المطبقه في حينه، ولمجلس الجامعه منح الاستثناء من ذلك وفقاً للضوابط التي يصدرها المجلس. (4) لا يجوز اعاده قيد الطالب اكثر من مره واحده، ولمجلس الجامعه في حال الضروره الاستثناء من ذلك. (5) لا يجوز اعاده قيد الطالب المطوي قيده اذا كان مفصولاً اكاديمياً. القاعده التنفيذيه: القاعده التنفيذيه للماده السابعه عشر بنود القاعده التنفيذيه:', '[page:35|article:1|part:0] (collection=regulations)\nرقم الصفحه: 35 العنوان: القاعده التنفيذيه للماده الثانيه و الاربعون المحتوي: بناءً علي الماده الثانيه والاربعين فقره (ج) من اللائحه، تُحدد الشروط الاضافيه التاليه للتحويل من جامعه اخري الي جامعه جده: 1) موافقه عميد القبول والتسجيل وفق ضوابط التحويل التي تقرها الجامعه. 2) ان يكون التحويل من جامعه معترف بها اكاديمياً في وزاره التعليم، وضروره ارفاق خطاب الاعتراف بالنسبه للجامعات والكليات الاهليه او الخارجيه. 3) ان لا يقل المعدل التراكمي للطالب المحول عن (3 من 5) او (2 من 4). 4) الا يكون الطالب مفصولاً او منقطعاً من جامعه لاي سبب كان، واذا اتضح بعد فتح ملفه غير ذلك فيعتبر قبوله لاغياً. 5) ان يكون التحويل الي نفس التخصص المحول منه في الجامعه السابقه. 6) دراسه ما لا يقل عن 50% من متطلبات التخرج في جامعه جده. 7) ان تستكمل اجراءات التحويل حسب المواعيد المحدده في التقويم الجامعي. 8) ان يستوفي اي شروط اخري تحددها عماده القبول والتسجيل.', '[chunk_180|part:0] (collection=transfer_rules)\nيجب ان يكون الطالب في وضع اكاديمي جيد وغير موقوف عن الدراسه.', '[page:40|article:1|part:0] (collection=regulations)\nرقم الصفحه: 40 العنوان: ثانياً: لطلاب جامعه اخري ويرغب الدراسه طالباً زائراً في جامعه جده المحتوي: 1) ان يكون للطالب سجل دراسي (معدل تراكمي) لفصلين دراسيين علي الاقل من جامعته التي قبل فيها. 2) ان يكون الطالب منتظماً لا اسباب تاديبيه او تعليميه. 3) ان يحصل علي موافقه خطيه مسبقه من جامعته للدراسه طالباً زائراً في جامعه جده، ويجب ان يُذكر في الخطاب مقررات جامعه جده التي سيقوم الطالب بدراستها. 4) ان يحصل علي موافقه الكليه التي يرغب الطالب الدراسه بها زائراً. 5) الحد الاقصي للقبول الدراسي الذي يسمح للطالب دراستها زائراً فصلان دراسيان. 6) لا يسمح للطالب بدراسه كطالب زائر في جامعه جده او في اي من فروعها اذا سبق له الحرمان في احد المقررات التي درسها زائراً في جامعه جده.', '[chunk_053|part:0] (collection=transfer_rules)\nيجب ان يكون الطالب قد انهي علي الاقل فصل دراسي واحد في الجامعه.', '[chunk_078|part:0] (collection=transfer_rules)\nيجب رفع السجل الاكاديمي الصحيح والحديث عند التقديم.']","تشترط الجامعة لقبول الطالب المستجد ما يلي:

1. أن يكون حاصلاً على شهادة الثانوية العامة أو ما يعادلها من داخل المملكة أو من خارجها.
2. ألا يكون قد مضى على حصوله على الثانوية العامة أو ما يعادلها مدة تزيد على خمس سنوات، ويجوز لمجلس الجامعة الاستثناء من هذا الشرط إذا توفرت أسباب مقنعة.
3. أن يكون حسن السيرة والسلوك.
4. أن يجتاز بنجاح أي اختبار أو مقابلة شخصية يراها مجلس الجامعة.
5. أن يكون لائقاً طبياً.
6. ألا يكون الطالب مسجلاً لدرجة جامعية أخرى في الجامعة نفسها أو في جامعة أخرى أو حاصلاً عليها ويرغب في إعادة الحصول عليها مرة أخرى منتظماً، سواء كان ذلك في نفس التخصص أو في تخصص آخر.
7. أن يحصل على موافقة من مرجعه بالدراسة إذا كان يعمل في أي جهة حكومية أو خاصة.
8. في حالة الانتظام، لابد أن يكون الطالب متفرغاً تفرغاً كاملاً للدراسة.
9. أن يستوفي أي شروط أخرى تحددها عمادة القبول والتسجيل وتعلن وقت التقديم.
10. ألا يكون مفصولاً من جامعة",من الشروط الأساسية: شهادة الثانوية أو ما يعادلها، وألا يكون قد مضى عليها أكثر من خمس سنوات إلا باستثناء، وحسن السيرة والسلوك، واجتياز أي اختبار أو مقابلة، واللياقة الطبية، مع استيفاء أي شروط أخرى يحددها مجلس الجامعة.,0.9505980223128847,0.94999999997625,1.0,1.0
هل يمكن قبول طالب مضى على شهادته الثانوية أكثر من ثلاث سنوات؟,نعم، يمكن استثناء من مضى على شهادته أكثر من خمس سنوات إذا توفرت أسباب مقنعة ووافق مجلس الجامعة.,نعم، يمكن قبول طالب مضى على شهادته الثانوية أكثر من ثلاث سنوات، ولكن يشترط أن يتم الاستثناء من هذا الشرط من قبل مدير الجامعة أو من يفوضه، وذلك إذا توفرت أسباب مقنعة.,"['[page:7|article:3.1|part:0] (collection=regulations)\nرقم الصفحه: 7 رقم الماده: 3.1 العنوان: القاعده التنفيذيه للماده الثالثه النص الاساسي: يشترط لقبول الطالب المستجد في الجامعه الاتي: الشروط: ١) ان يكون حاصلاً علي شهاده الثانويه العامه او ما يعادلها من داخل المملكه او من خارجها. ٢) الا يكون قد مضي علي حصوله علي الثانويه العامه او ما يعادلها لمده تزيد علي ثلاث سنوات، ويجوز لمدير الجامعه او من يفوضه الاستثناء من هذا الشرط اذا توفرت اسباب مقنعه. ٣) في حال حصول المتقدم علي شهاده اعلي من الثانويه العامه، يجوز النظر في قبوله في حال وجود مقاعد شاغره.', '[page:7|article:3|part:0] (collection=regulations)\nرقم الصفحه: 7 رقم الماده: 3 العنوان: الماده الثالثه النص الاساسي: يشترط لقبول الطالب المستجد في الجامعه الاتي: الشروط: ١) ان يكون حاصلاً علي شهاده الثانويه العامه او ما يعادلها من داخل المملكه او من خارجها. ٢) الا يكون قد مضي علي حصوله علي الثانويه العامه او ما يعادلها مده تزيد علي خمس سنوات، ويجوز لمجلس الجامعه الاستثناء من هذا الشرط اذا توفرت اسباب مقنعه. ٣) ان يكون حسن السيره والسلوك. ٤) ان يجتاز بنجاح اي اختبار او مقابله شخصيه يراها مجلس الجامعه. ٥) ان يكون لائقاً طبياً.', '[page:8|article:3.1|part:0] (collection=regulations)\nرقم الصفحه: 8 رقم الماده: 3.1 العنوان: يتبع القاعده التنفيذيه للماده الثالثه الشروط: ٤) ان لا يكون الطالب مسجلاً لدرجه جامعيه اخري في الجامعه نفسها او في جامعه اخري او حاصلاً عليها ويرغب اعاده الحصول عليها مره اخري منتظماً، سواء كان ذلك في نفس التخصص او في تخصص اخر. ٥) ان يكون حسن السيره والسلوك. ٦) ان يكون لائقاً طبياً. ٧) ان يحصل علي موافقه من مرجعه بالدراسه اذا كان يعمل في اي جهه حكوميه او خاصه. ٨) في حاله الانتظام لابد ان يكون الطالب متفرغاً تفرغاً كاملاً للدراسه. ٩) ان يستوفي اي شروط اخري تحددها عماده القبول والتسجيل وتعلن وقت التقديم. ١٠) ان لا يكون مفصولاً من جامعه اخري لاسباب تاديبيه او طلابيه او اكاديميه.', '[page:20|article:17|part:0] (collection=regulations)\nرقم الصفحه: 20 رقم الماده: 17 العنوان: الماده السابعه عشر النص الاساسي: يمكن للطالب المطوي قيده، التقدم بطلب اعاده قيده برقمه وسجله قبل الانقطاع ووفق الضوابط الاتيه: (1) ان يتقدم بطلب اعاده القيد خلال اربعه فصول دراسيه من تاريخ طي القيد. (2) ان توافق الكليه المعنيه والجهات ذات العلاقه علي اعاده قيد الطالب. (3) اذا مضي علي طي قيد الطالب اربعه فصول دراسيه فاكثر (او سنتين دراسيتين للطالب المنتسب) فيعامل معامله المتقدم للجامعه طالباً مستجداً دون الرجوع الي سجله الدراسي السابق، علي ان تنطبق عليه كافه شروط القبول المطبقه في حينه، ولمجلس الجامعه منح الاستثناء من ذلك وفقاً للضوابط التي يصدرها المجلس. (4) لا يجوز اعاده قيد الطالب اكثر من مره واحده، ولمجلس الجامعه في حال الضروره الاستثناء من ذلك. (5) لا يجوز اعاده قيد الطالب المطوي قيده اذا كان مفصولاً اكاديمياً. القاعده التنفيذيه: القاعده التنفيذيه للماده السابعه عشر بنود القاعده التنفيذيه:', '[chunk_052|part:0] (collection=transfer_rules)\nيشترط ان يكون الطالب في وضع اكاديمي جيد وغير موقوف او مفصول اكادياً.', '[chunk_180|part:0] (collection=transfer_rules)\nيجب ان يكون الطالب في وضع اكاديمي جيد وغير موقوف عن الدراسه.', '[chunk_145|part:0] (collection=transfer_rules)\nقد يُرفض الطلب حتي لو حقق الطالب الشروط بسبب امتلاء البرنامج.', '[page:8|article:3|part:0] (collection=regulations)\nرقم الصفحه: 8 رقم الماده: 3 العنوان: يتبع الماده الثالثه الشروط: ٦) ان يحصل علي موافقه من مرجعه بالدراسه اذا كان يعمل في اي جهه حكوميه او خاصه. ٧) ان يستوفي اي شروط اخري يحددها مجلس الجامعه وتعلن وقت التقديم.', '[section:general_requirements|part:0] (collection=specialization)\ngeneral_requirements: - ان يكون الطالب/ه قد انهي فصول الخطه الدراسيه المحدده له - استيفاء جميع الشروط الخاصه بالتخصص - يكون التخصيص مفاضله حسب المعدلات والمقاعد المتاحه', '[page:18|article:14|part:0] (collection=regulations)\nرقم الصفحه: 18 رقم الماده: 14 العنوان: الماده الرابعه عشر النص الاساسي: يجوز للطالب المتقدم بطلب تاجيل الدراسه لعذر تقبله الجهه التي يحددها مجلس الجامعه علي الا يتجاوز مده التاجيل فصلين دراسيين متتاليين او ثلاثه فصول دراسيه غير متتاليه، كحد اقصي لطالب يبقي في الجامعه ثم يطوي قيده، بعد ذلك. ويجوز لمجلس الجامعه في حال الضروره الاستثناء من ذلك، ولا تحتسب مده التاجيل ضمن المده اللازمه لانهاء متطلبات التخرج. القاعده التنفيذيه: القاعده التنفيذيه للماده الرابعه عشر بنود القاعده التنفيذيه: (1) يجوز للطالب المتقدم بطلب تاجيل الدراسه، قبل نهايه الفصل الذي يسمي فصل التاجيل حسب التقويم الاكاديمي، ويمكن ان يكون الطلب الكترونياً او يدوياً علي ان لا يتجاوز التاجيل مده فصلين دراسيين متتاليين، او ثلاثه فصول غير متتاليه، كحد اقصي لطالب مده دراسته في الجامعه، ثم يطوي قيده بعد ذلك. (2) يجوز لمجلس الجامعه او من يفوضه في حال الضروره الاستثناء من ذلك، ولا تحتسب مده التاجيل ضمن المده اللازمه لانهاء متطلبات التخرج.']",10,True,False,False,True,هل يمكن قبول طالب مضى على شهادته الثانوية أكثر من ثلاث سنوات؟,,[],,Q009,regulations,admission,hard,STUDENT_RULES article 3.1,"STUDENT_RULES.json | article 3, condition 2",هل يمكن قبول طالب مضى على شهادته الثانوية أكثر من ثلاث سنوات؟,"['[page:7|article:3.1|part:0] (collection=regulations)\nرقم الصفحه: 7 رقم الماده: 3.1 العنوان: القاعده التنفيذيه للماده الثالثه النص الاساسي: يشترط لقبول الطالب المستجد في الجامعه الاتي: الشروط: ١) ان يكون حاصلاً علي شهاده الثانويه العامه او ما يعادلها من داخل المملكه او من خارجها. ٢) الا يكون قد مضي علي حصوله علي الثانويه العامه او ما يعادلها لمده تزيد علي ثلاث سنوات، ويجوز لمدير الجامعه او من يفوضه الاستثناء من هذا الشرط اذا توفرت اسباب مقنعه. ٣) في حال حصول المتقدم علي شهاده اعلي من الثانويه العامه، يجوز النظر في قبوله في حال وجود مقاعد شاغره.', '[page:7|article:3|part:0] (collection=regulations)\nرقم الصفحه: 7 رقم الماده: 3 العنوان: الماده الثالثه النص الاساسي: يشترط لقبول الطالب المستجد في الجامعه الاتي: الشروط: ١) ان يكون حاصلاً علي شهاده الثانويه العامه او ما يعادلها من داخل المملكه او من خارجها. ٢) الا يكون قد مضي علي حصوله علي الثانويه العامه او ما يعادلها مده تزيد علي خمس سنوات، ويجوز لمجلس الجامعه الاستثناء من هذا الشرط اذا توفرت اسباب مقنعه. ٣) ان يكون حسن السيره والسلوك. ٤) ان يجتاز بنجاح اي اختبار او مقابله شخصيه يراها مجلس الجامعه. ٥) ان يكون لائقاً طبياً.', '[page:8|article:3.1|part:0] (collection=regulations)\nرقم الصفحه: 8 رقم الماده: 3.1 العنوان: يتبع القاعده التنفيذيه للماده الثالثه الشروط: ٤) ان لا يكون الطالب مسجلاً لدرجه جامعيه اخري في الجامعه نفسها او في جامعه اخري او حاصلاً عليها ويرغب اعاده الحصول عليها مره اخري منتظماً، سواء كان ذلك في نفس التخصص او في تخصص اخر. ٥) ان يكون حسن السيره والسلوك. ٦) ان يكون لائقاً طبياً. ٧) ان يحصل علي موافقه من مرجعه بالدراسه اذا كان يعمل في اي جهه حكوميه او خاصه. ٨) في حاله الانتظام لابد ان يكون الطالب متفرغاً تفرغاً كاملاً للدراسه. ٩) ان يستوفي اي شروط اخري تحددها عماده القبول والتسجيل وتعلن وقت التقديم. ١٠) ان لا يكون مفصولاً من جامعه اخري لاسباب تاديبيه او طلابيه او اكاديميه.', '[page:20|article:17|part:0] (collection=regulations)\nرقم الصفحه: 20 رقم الماده: 17 العنوان: الماده السابعه عشر النص الاساسي: يمكن للطالب المطوي قيده، التقدم بطلب اعاده قيده برقمه وسجله قبل الانقطاع ووفق الضوابط الاتيه: (1) ان يتقدم بطلب اعاده القيد خلال اربعه فصول دراسيه من تاريخ طي القيد. (2) ان توافق الكليه المعنيه والجهات ذات العلاقه علي اعاده قيد الطالب. (3) اذا مضي علي طي قيد الطالب اربعه فصول دراسيه فاكثر (او سنتين دراسيتين للطالب المنتسب) فيعامل معامله المتقدم للجامعه طالباً مستجداً دون الرجوع الي سجله الدراسي السابق، علي ان تنطبق عليه كافه شروط القبول المطبقه في حينه، ولمجلس الجامعه منح الاستثناء من ذلك وفقاً للضوابط التي يصدرها المجلس. (4) لا يجوز اعاده قيد الطالب اكثر من مره واحده، ولمجلس الجامعه في حال الضروره الاستثناء من ذلك. (5) لا يجوز اعاده قيد الطالب المطوي قيده اذا كان مفصولاً اكاديمياً. القاعده التنفيذيه: القاعده التنفيذيه للماده السابعه عشر بنود القاعده التنفيذيه:', '[chunk_052|part:0] (collection=transfer_rules)\nيشترط ان يكون الطالب في وضع اكاديمي جيد وغير موقوف او مفصول اكادياً.', '[chunk_180|part:0] (collection=transfer_rules)\nيجب ان يكون الطالب في وضع اكاديمي جيد وغير موقوف عن الدراسه.', '[chunk_145|part:0] (collection=transfer_rules)\nقد يُرفض الطلب حتي لو حقق الطالب الشروط بسبب امتلاء البرنامج.', '[page:8|article:3|part:0] (collection=regulations)\nرقم الصفحه: 8 رقم الماده: 3 العنوان: يتبع الماده الثالثه الشروط: ٦) ان يحصل علي موافقه من مرجعه بالدراسه اذا كان يعمل في اي جهه حكوميه او خاصه. ٧) ان يستوفي اي شروط اخري يحددها مجلس الجامعه وتعلن وقت التقديم.', '[section:general_requirements|part:0] (collection=specialization)\ngeneral_requirements: - ان يكون الطالب/ه قد انهي فصول الخطه الدراسيه المحدده له - استيفاء جميع الشروط الخاصه بالتخصص - يكون التخصيص مفاضله حسب المعدلات والمقاعد المتاحه', '[page:18|article:14|part:0] (collection=regulations)\nرقم الصفحه: 18 رقم الماده: 14 العنوان: الماده الرابعه عشر النص الاساسي: يجوز للطالب المتقدم بطلب تاجيل الدراسه لعذر تقبله الجهه التي يحددها مجلس الجامعه علي الا يتجاوز مده التاجيل فصلين دراسيين متتاليين او ثلاثه فصول دراسيه غير متتاليه، كحد اقصي لطالب يبقي في الجامعه ثم يطوي قيده، بعد ذلك. ويجوز لمجلس الجامعه في حال الضروره الاستثناء من ذلك، ولا تحتسب مده التاجيل ضمن المده اللازمه لانهاء متطلبات التخرج. القاعده التنفيذيه: القاعده التنفيذيه للماده الرابعه عشر بنود القاعده التنفيذيه: (1) يجوز للطالب المتقدم بطلب تاجيل الدراسه، قبل نهايه الفصل الذي يسمي فصل التاجيل حسب التقويم الاكاديمي، ويمكن ان يكون الطلب الكترونياً او يدوياً علي ان لا يتجاوز التاجيل مده فصلين دراسيين متتاليين، او ثلاثه فصول غير متتاليه، كحد اقصي لطالب مده دراسته في الجامعه، ثم يطوي قيده بعد ذلك. (2) يجوز لمجلس الجامعه او من يفوضه في حال الضروره الاستثناء من ذلك، ولا تحتسب مده التاجيل ضمن المده اللازمه لانهاء متطلبات التخرج.']",نعم، يمكن قبول طالب مضى على شهادته الثانوية أكثر من ثلاث سنوات، ولكن يشترط أن يتم الاستثناء من هذا الشرط من قبل مدير الجامعة أو من يفوضه، وذلك إذا توفرت أسباب مقنعة.,نعم، يمكن استثناء من مضى على شهادته أكثر من خمس سنوات إذا توفرت أسباب مقنعة ووافق مجلس الجامعة.,0.0,0.8708333333188194,0.6666666666666666,0.0
ما دور المرشد الأكاديمي حسب اللائحة؟,المرشد الأكاديمي يتابع الطالب ويساعده في التسجيل واختيار المقررات وفهم الخطة الدراسية وفق القواعد المعتمدة.,دور المرشد الأكاديمي حسب اللائحة هو الإشراف على الطالب وتوجيهه ومتابعة دراسته أثناء فترة دراسته في الجامعة. يُعتبر المرشد الأكاديمي عضو هيئة التدريس أو من في حكمه، ويقوم بتقديم الدعم الأكاديمي للطلاب، بما في ذلك مساعدتهم في تحديد المسار الأنسب لهم وتعديل جداولهم الدراسية عند الحاجة.,"['[page:4|def:20|part:0] (collection=regulations)\nمصطلح: المرشد الاكاديمي التعريف: عضو هيئه التدريس ومن في حكمه المكلف بالاشراف علي الطالب وتوجيهه ومتابعه دراسته اثناء دراسته بالجامعه.', '[page:14|article:8.1|part:0] (collection=regulations)\nرقم الصفحه: 14 رقم الماده: 8.1 العنوان: يتبع القاعده التنفيذيه للماده الثامنه البنود: ٧. شروط عمليات حذف واضافه مقررات للطالب شروط حذف مقرر/مقررات ١) الا يقل عدد الساعات الدراسيه بعد الحذف عن الحد الادني للعبء الدراسي للطالب، ولعماده القبول والتسجيل – او من تفوضه – الاستثناء في ذلك. ٢) لا يحق للطالب حذف مقرر ويكون هذا المقرر مصاحباً لمقرر اخر او من متطلبات مقرر اخر، الا بحذفهِما معاً وتحت شروط الفقره اعلاه. شروط اضافه مقرر/مقررات ١) ان لا يكون هناك تعارض في جدول الطالب. ٢) ان يكون المقرر ضمن الخطه الدراسيه. ٣) توفر شعبه في الشعب المطروحه للمقرر. ٤) اجتياز كل متطلبات المقرر السابقه، او تسجيل المتطلبات المصاحبه. ضوابط للعبء الدراسي للطالب ١) عدم تجاوز الحد الاعلي للعبء الدراسي للطالب. ٢) عدم اضافه مقرر يؤدي الي تجاوز العدد الكلي لساعات الخطه الدراسيه. ٣) لعماده القبول والتسجيل – او من تفوضه – الاستثناء من ذلك. ٨. انتهاء الفتره المحدده لتسجيل الجداول', '[page:13|article:8.1|part:0] (collection=regulations)\nرقم الصفحه: 13 رقم الماده: 8.1 العنوان: يتبع القاعده التنفيذيه للماده الثامنه البنود: ٦. حاله تخرج الطالب في حاله التخرج للطالب، يجوز لعماده القبول والتسجيل – او من تفوضه – الموافقه علي زياده الحد الاعلي للعبء الاكاديمي للطالب باضافه مقرر واحد او اكثر بحيث لا يتجاوز عدد الساعات الدراسيه 24 ساعه، وفي حال عدم تجاوزه 24 ساعه يجب الا يتجاوز 12 ساعه دراسيه للفصل الصيفي بعد موافقه الفئه المختصه. شروط حذف مقرر / مقررات ١) لا ينبغي ان يؤدي حذف مقرر بعد الحذف عن الحد الادني للعبء الدراسي للطالب، ولعماده القبول والتسجيل – او من تفوضه – الاستثناء في ذلك. ٢) لا يحق للطالب حذف مقرر ويكون هذا المقرر متطلب لمقرر اخر او من متطلبات مقرر اخر، الا بحذفهِما معاً وتحت شروط الفقره (اعلاه). شروط اضافه مقرر / مقررات ١) ان لا يكون هناك تعارض بين جدول الطالب. ٢) ان يكون المقرر ضمن الخطه الدراسيه. ٣) ان يكون متوفراً في الشعب المطروحه للمقرر. ٤) اجتياز كل متطلبات المقرر السابقه، او تسجيل المتطلبات المصاحبه. ضوابط الحد الاعلي للعبء الدراسي', '[chunk_230|part:0] (collection=transfer_rules)\nالتواصل مع مرشد اكاديمي يساعد علي تحديد المسار الانسب.', '[page:12|article:8.1|part:0] (collection=regulations)\nرقم الصفحه: 12 رقم الماده: 8.1 العنوان: يتبع القاعده التنفيذيه للماده الثامنه البنود: ٣) ان لا يكون هناك تعارض في جدول الطالب. ٤. عند عجز تحميل الطالب للعبء الدراسي عند عجز تحميل الطالب للعبء الدراسي من مقررات المستوي الذي يلزمه بسبب التعارض، او عدم انهاء المتطلبات السابقه، او انهاء مجموع مقررات ذلك المستوي، يكمل العبء الدراسي من مقررات المستويات التاليه للمستوي الملزم بها. واذا تعذر اكمال وحدات العبء الدراسي بعد ذلك يكتفي بالحد الادني للحد الدراسي الذي يُقرره له حتي لو كان عددها دون الحد الادني، وذلك بالتنسيق بين الكليه المعنيه للطالب وعماده القبول والتسجيل. ٥. تسجيل المقررات والمستويات العاليه ا) يُحدد عدد المقررات العاليه المسموح بتسجيل مقررات منها بمرسوم، ويجوز بموافقه عماده القبول والتسجيل تحديد مستويات اخري للكليات التي تستدعي طبيعه الدراسه فيها خلاف ذلك. ب) تتم عمليه تسجيل الجداول الدراسيه للطالب خلال الفتره الزمنيه المحدده في التقويم الجامعي.', '[page:24|section:0|part:0] (collection=regulations)\nعنوان الصفحه: الماده الحاديه والعشرون القسم: النص النظامي يجوز لمجلس الجامعه بناءً علي اقتراح الكليات اخذ الدراسه عن طريق الانتساب في بعض الكليات والتخصصات التي تسمح طبيعه الدراسه فيها بذلك. ويضع مجلس الجامعه القواعد والاجراءات المنظمه لذلك وفق الضوابط الاتيه: ا- الا يقل عدد الوحدات الدراسيه المطلوبه للتخرج للطالب المنتسب عن عدد الوحدات الدراسيه المطلوبه لتخرج الطالب المنتظم في التخصصات المتاحه للانتساب. ب- يعامل الطالب المنتسب من حيث القبول ورصد التقديرات والتحويل والفصل واعاده القيد وغيرها معامله الطالب المنتظم عدا حضور المحاضرات. ج- لمجلس الجامعه بناءً علي اقتراح مجالس الكليات وضع الضوابط اللازمه لتقييم اداء الطلاب المنتسبين. د- يثبت في السجل الاكاديمي ووثيقه التخرج والشهاده ما يفيد بان دراسه الطالب بالانتساب.', '[page:23|article:20|part:0] (collection=regulations)\nرقم الصفحه: 23 رقم الماده: 20 العنوان: الماده العشرون النص الاساسي: يفصل الطالب من الجامعه في الحالات الاتيه: (1) اذا حصل علي ثلاثه انذارات متتاليه علي الاكاديم، لانخفاض معدله التراكمي عن المعدل المحدد للتخرج وفقاً للماده (19) من هذه اللائحه، ولمجلس الجامعه بناءً علي توصيه مجلس الكليه اعطاء فرصه رابعه لمن يمكنه رفع معدله التراكمي بدراسته للمقررات المتاحه. (2) اذا لم ينهِ متطلبات التخرج خلال مده اقصاها ضعف المده المقرره لتخرجه، علاوه علي مده البرنامج. ولمجلس الجامعه اعطاء، فرصه استثنائيه للطالب لانهاء متطلبات التخرج بحد اقصي لا يتجاوز ضعف المده الاصليه المقرره للتخرج. (3) يجوز لمجلس الجامعه في الحالات الاستثنائيه معالجه اوضاع الطلاب الذين تنطبق عليهم احكام الفقرتين السابقتين باعطائهم فرصه استثنائيه لا تتجاوز فصلين دراسيين علي الاكثر. القاعده التنفيذيه: القاعده التنفيذيه للماده العشرون بنود القاعده التنفيذيه:', '[page:15|article:10|part:0] (collection=regulations)\nرقم الصفحه: 15 رقم الماده: 10 العنوان: الماده العاشره النص الاساسي: يجوز لمجلس الجامعه او من يفوضه – استثناءً – رفع الحرمان والسماح للطالب بدخول الاختبار، شريطه ان يقدم الطالب عذراً يقبله المجلس، ويحدد مجلس الجامعه نسبه الحضور علي الا تقل عن (50٪) من المحاضرات والدروس العلميه المحدده للمقرر. القاعده التنفيذيه: القاعده التنفيذيه للماده العاشره بنود القاعده التنفيذيه: الحرمان من المقرر يجوز لمجلس الكليه، او من يفوضه – استثناءً – رفع الحرمان والسماح للطالب بدخول الاختبار، شريطه ان يقدم الطالب عذراً مقبولاً للمجلس، ويحدد مجلس الجامعه الحد الادني لنسبه الحضور علي الا تقل عن (50٪) من المحاضرات والتمارين والدروس العمليه والسريريه الفعليه لكل مقرر.', '[chunk_161|part:0] (collection=transfer_rules)\nالتحويل بين الفروع يتطلب موافقه العماده والمسار الاكاديمي للكليه المستقبله.', '[chunk_234|part:0] (collection=transfer_rules)\nقد يحتاج الطالب لمراجعه المرشد لتعديل جدوله الدراسي.']",10,False,False,False,True,ما دور المرشد الأكاديمي حسب اللائحة؟,,[],,Q010,regulations,advising,easy,STUDENT_RULES definitions / article 8.1,STUDENT_RULES.json | definition/article reference: المرشد الأكاديمي + article 8 context,ما دور المرشد الأكاديمي حسب اللائحة؟,"['[page:4|def:20|part:0] (collection=regulations)\nمصطلح: المرشد الاكاديمي التعريف: عضو هيئه التدريس ومن في حكمه المكلف بالاشراف علي الطالب وتوجيهه ومتابعه دراسته اثناء دراسته بالجامعه.', '[page:14|article:8.1|part:0] (collection=regulations)\nرقم الصفحه: 14 رقم الماده: 8.1 العنوان: يتبع القاعده التنفيذيه للماده الثامنه البنود: ٧. شروط عمليات حذف واضافه مقررات للطالب شروط حذف مقرر/مقررات ١) الا يقل عدد الساعات الدراسيه بعد الحذف عن الحد الادني للعبء الدراسي للطالب، ولعماده القبول والتسجيل – او من تفوضه – الاستثناء في ذلك. ٢) لا يحق للطالب حذف مقرر ويكون هذا المقرر مصاحباً لمقرر اخر او من متطلبات مقرر اخر، الا بحذفهِما معاً وتحت شروط الفقره اعلاه. شروط اضافه مقرر/مقررات ١) ان لا يكون هناك تعارض في جدول الطالب. ٢) ان يكون المقرر ضمن الخطه الدراسيه. ٣) توفر شعبه في الشعب المطروحه للمقرر. ٤) اجتياز كل متطلبات المقرر السابقه، او تسجيل المتطلبات المصاحبه. ضوابط للعبء الدراسي للطالب ١) عدم تجاوز الحد الاعلي للعبء الدراسي للطالب. ٢) عدم اضافه مقرر يؤدي الي تجاوز العدد الكلي لساعات الخطه الدراسيه. ٣) لعماده القبول والتسجيل – او من تفوضه – الاستثناء من ذلك. ٨. انتهاء الفتره المحدده لتسجيل الجداول', '[page:13|article:8.1|part:0] (collection=regulations)\nرقم الصفحه: 13 رقم الماده: 8.1 العنوان: يتبع القاعده التنفيذيه للماده الثامنه البنود: ٦. حاله تخرج الطالب في حاله التخرج للطالب، يجوز لعماده القبول والتسجيل – او من تفوضه – الموافقه علي زياده الحد الاعلي للعبء الاكاديمي للطالب باضافه مقرر واحد او اكثر بحيث لا يتجاوز عدد الساعات الدراسيه 24 ساعه، وفي حال عدم تجاوزه 24 ساعه يجب الا يتجاوز 12 ساعه دراسيه للفصل الصيفي بعد موافقه الفئه المختصه. شروط حذف مقرر / مقررات ١) لا ينبغي ان يؤدي حذف مقرر بعد الحذف عن الحد الادني للعبء الدراسي للطالب، ولعماده القبول والتسجيل – او من تفوضه – الاستثناء في ذلك. ٢) لا يحق للطالب حذف مقرر ويكون هذا المقرر متطلب لمقرر اخر او من متطلبات مقرر اخر، الا بحذفهِما معاً وتحت شروط الفقره (اعلاه). شروط اضافه مقرر / مقررات ١) ان لا يكون هناك تعارض بين جدول الطالب. ٢) ان يكون المقرر ضمن الخطه الدراسيه. ٣) ان يكون متوفراً في الشعب المطروحه للمقرر. ٤) اجتياز كل متطلبات المقرر السابقه، او تسجيل المتطلبات المصاحبه. ضوابط الحد الاعلي للعبء الدراسي', '[chunk_230|part:0] (collection=transfer_rules)\nالتواصل مع مرشد اكاديمي يساعد علي تحديد المسار الانسب.', '[page:12|article:8.1|part:0] (collection=regulations)\nرقم الصفحه: 12 رقم الماده: 8.1 العنوان: يتبع القاعده التنفيذيه للماده الثامنه البنود: ٣) ان لا يكون هناك تعارض في جدول الطالب. ٤. عند عجز تحميل الطالب للعبء الدراسي عند عجز تحميل الطالب للعبء الدراسي من مقررات المستوي الذي يلزمه بسبب التعارض، او عدم انهاء المتطلبات السابقه، او انهاء مجموع مقررات ذلك المستوي، يكمل العبء الدراسي من مقررات المستويات التاليه للمستوي الملزم بها. واذا تعذر اكمال وحدات العبء الدراسي بعد ذلك يكتفي بالحد الادني للحد الدراسي الذي يُقرره له حتي لو كان عددها دون الحد الادني، وذلك بالتنسيق بين الكليه المعنيه للطالب وعماده القبول والتسجيل. ٥. تسجيل المقررات والمستويات العاليه ا) يُحدد عدد المقررات العاليه المسموح بتسجيل مقررات منها بمرسوم، ويجوز بموافقه عماده القبول والتسجيل تحديد مستويات اخري للكليات التي تستدعي طبيعه الدراسه فيها خلاف ذلك. ب) تتم عمليه تسجيل الجداول الدراسيه للطالب خلال الفتره الزمنيه المحدده في التقويم الجامعي.', '[page:24|section:0|part:0] (collection=regulations)\nعنوان الصفحه: الماده الحاديه والعشرون القسم: النص النظامي يجوز لمجلس الجامعه بناءً علي اقتراح الكليات اخذ الدراسه عن طريق الانتساب في بعض الكليات والتخصصات التي تسمح طبيعه الدراسه فيها بذلك. ويضع مجلس الجامعه القواعد والاجراءات المنظمه لذلك وفق الضوابط الاتيه: ا- الا يقل عدد الوحدات الدراسيه المطلوبه للتخرج للطالب المنتسب عن عدد الوحدات الدراسيه المطلوبه لتخرج الطالب المنتظم في التخصصات المتاحه للانتساب. ب- يعامل الطالب المنتسب من حيث القبول ورصد التقديرات والتحويل والفصل واعاده القيد وغيرها معامله الطالب المنتظم عدا حضور المحاضرات. ج- لمجلس الجامعه بناءً علي اقتراح مجالس الكليات وضع الضوابط اللازمه لتقييم اداء الطلاب المنتسبين. د- يثبت في السجل الاكاديمي ووثيقه التخرج والشهاده ما يفيد بان دراسه الطالب بالانتساب.', '[page:23|article:20|part:0] (collection=regulations)\nرقم الصفحه: 23 رقم الماده: 20 العنوان: الماده العشرون النص الاساسي: يفصل الطالب من الجامعه في الحالات الاتيه: (1) اذا حصل علي ثلاثه انذارات متتاليه علي الاكاديم، لانخفاض معدله التراكمي عن المعدل المحدد للتخرج وفقاً للماده (19) من هذه اللائحه، ولمجلس الجامعه بناءً علي توصيه مجلس الكليه اعطاء فرصه رابعه لمن يمكنه رفع معدله التراكمي بدراسته للمقررات المتاحه. (2) اذا لم ينهِ متطلبات التخرج خلال مده اقصاها ضعف المده المقرره لتخرجه، علاوه علي مده البرنامج. ولمجلس الجامعه اعطاء، فرصه استثنائيه للطالب لانهاء متطلبات التخرج بحد اقصي لا يتجاوز ضعف المده الاصليه المقرره للتخرج. (3) يجوز لمجلس الجامعه في الحالات الاستثنائيه معالجه اوضاع الطلاب الذين تنطبق عليهم احكام الفقرتين السابقتين باعطائهم فرصه استثنائيه لا تتجاوز فصلين دراسيين علي الاكثر. القاعده التنفيذيه: القاعده التنفيذيه للماده العشرون بنود القاعده التنفيذيه:', '[page:15|article:10|part:0] (collection=regulations)\nرقم الصفحه: 15 رقم الماده: 10 العنوان: الماده العاشره النص الاساسي: يجوز لمجلس الجامعه او من يفوضه – استثناءً – رفع الحرمان والسماح للطالب بدخول الاختبار، شريطه ان يقدم الطالب عذراً يقبله المجلس، ويحدد مجلس الجامعه نسبه الحضور علي الا تقل عن (50٪) من المحاضرات والدروس العلميه المحدده للمقرر. القاعده التنفيذيه: القاعده التنفيذيه للماده العاشره بنود القاعده التنفيذيه: الحرمان من المقرر يجوز لمجلس الكليه، او من يفوضه – استثناءً – رفع الحرمان والسماح للطالب بدخول الاختبار، شريطه ان يقدم الطالب عذراً مقبولاً للمجلس، ويحدد مجلس الجامعه الحد الادني لنسبه الحضور علي الا تقل عن (50٪) من المحاضرات والتمارين والدروس العمليه والسريريه الفعليه لكل مقرر.', '[chunk_161|part:0] (collection=transfer_rules)\nالتحويل بين الفروع يتطلب موافقه العماده والمسار الاكاديمي للكليه المستقبله.', '[chunk_234|part:0] (collection=transfer_rules)\nقد يحتاج الطالب لمراجعه المرشد لتعديل جدوله الدراسي.']",دور المرشد الأكاديمي حسب اللائحة هو الإشراف على الطالب وتوجيهه ومتابعة دراسته أثناء فترة دراسته في الجامعة. يُعتبر المرشد الأكاديمي عضو هيئة التدريس أو من في حكمه، ويقوم بتقديم الدعم الأكاديمي للطلاب، بما في ذلك مساعدتهم في تحديد المسار الأنسب لهم وتعديل جداولهم الدراسية عند الحاجة.,المرشد الأكاديمي يتابع الطالب ويساعده في التسجيل واختيار المقررات وفهم الخطة الدراسية وفق القواعد المعتمدة.,0.5638417398503189,0.94999999997625,0.7142857142857143,1.0
هل يمكن تعديل رغبات التحويل بعد انتهاء فترة التقديم؟,لا، لا يمكن تعديل الرغبات أو إلغاؤها بعد انتهاء فترة التقديم وإغلاق النظام.,لا يمكن تعديل رغبات التحويل أو إلغاؤها بعد انتهاء فترة التقديم، ولا يمكن التراجع بعد إعلان النتائج.,"['[chunk_003|part:0] (collection=transfer_rules)\nلا يمكن للطالب تعديل الرغبات او الغاؤها بعد انتهاء فتره التقديم، ولا يمكن التراجع بعد اعلان النتائج.', '[section:important_notes|part:0] (collection=specialization)\nimportant_notes: - يجب التاكد من ترتيب الرغبات حسب الاولويه - يمكن تعديل الرغبات حتي اخر يوم من الفتره المحدده - لا يمكن طلب ترقيه رغبه بعد اعلان النتائج', '[chunk_182|part:0] (collection=transfer_rules)\nاختفاء خيار التحويل في النظام قد يعني انتهاء فتره التقديم.', '[chunk_002|part:0] (collection=transfer_rules)\nيحق للطالب او الطالبه التقديم علي التحويل وفق المواعيد المحدده في التقويم الاكاديمي من خلال نظام الخدمات الذاتيه ODUS.', '[chunk_193|part:0] (collection=transfer_rules)\nيمكن التواصل مع الارشاد الاكاديمي للاستفسارات عن التحويل.', '[chunk_114|part:0] (collection=transfer_rules)\nاختفاء زر التحويل يعني انتهاء فتره التقديم او عدم الاهليه.', '[row:7|part:0] (collection=academic_calendar)\nحدث اكاديمي: تقديم طلبات التخصيص والتحويل في الكليات (ODUS PLUS) بدايه: 2026-02-24 نهايه: 2026-05-16', '[chunk_120|part:0] (collection=transfer_rules)\nبعض المواد قد تُحتسب اختياريه فقط بعد التحويل.', '[chunk_065|part:0] (collection=transfer_rules)\nبعد الارسال، لا يمكن تعديل او حذف الطلب.', '[page:37|article:1|part:0] (collection=regulations)\nرقم الصفحه: 37 العنوان: القاعده التنفيذيه للماده السادسه و الاربعون المحتوي: بناءً علي الماده السادسه والاربعين من اللائحه، تُحدد الشروط الاضافيه التاليه للتحويل من كليه الي اخري داخل الجامعه: 1) ان يكون الطالب مستوفياً لشروط التحويل في الكليه المحول اليها. 2) ان تكون حاله الطالب فعال في السجل الاكاديمي، ولا يقبل التحويل للطالب المعتذر او المؤجل او المنقطع. 3) ان يكون التحويل لمره واحده فقط. 4) الا يكون قد درس في تخصصه ما يزيد عن نصف متطلبات التخرج، ويُستثني من ذلك الطالب المحول من الكليات التي يشترط المعدل التراكمي 3 من 5 جيد كحد ادني للتخرج. 5) تتم معالجه طلبات التحويل في الفتره المحدده في التقويم الجامعي لدي عماده القبول والتسجيل، وتعلن نتائج المقبولين طبقاً للمعايير والشروط التي تحددها الكليه للمفاضله بين الطلاب، والسعه التي تحددها الكليه.']",10,True,False,False,True,هل يمكن تعديل رغبات التحويل بعد انتهاء فترة التقديم؟,,[],,Q012,transfer_rules,general,easy,Tahweelchunks transform_rules_general,Tahweelchunks.json | transform_rules_general / application_portal,هل يمكن تعديل رغبات التحويل بعد انتهاء فترة التقديم؟,"['[chunk_003|part:0] (collection=transfer_rules)\nلا يمكن للطالب تعديل الرغبات او الغاؤها بعد انتهاء فتره التقديم، ولا يمكن التراجع بعد اعلان النتائج.', '[section:important_notes|part:0] (collection=specialization)\nimportant_notes: - يجب التاكد من ترتيب الرغبات حسب الاولويه - يمكن تعديل الرغبات حتي اخر يوم من الفتره المحدده - لا يمكن طلب ترقيه رغبه بعد اعلان النتائج', '[chunk_182|part:0] (collection=transfer_rules)\nاختفاء خيار التحويل في النظام قد يعني انتهاء فتره التقديم.', '[chunk_002|part:0] (collection=transfer_rules)\nيحق للطالب او الطالبه التقديم علي التحويل وفق المواعيد المحدده في التقويم الاكاديمي من خلال نظام الخدمات الذاتيه ODUS.', '[chunk_193|part:0] (collection=transfer_rules)\nيمكن التواصل مع الارشاد الاكاديمي للاستفسارات عن التحويل.', '[chunk_114|part:0] (collection=transfer_rules)\nاختفاء زر التحويل يعني انتهاء فتره التقديم او عدم الاهليه.', '[row:7|part:0] (collection=academic_calendar)\nحدث اكاديمي: تقديم طلبات التخصيص والتحويل في الكليات (ODUS PLUS) بدايه: 2026-02-24 نهايه: 2026-05-16', '[chunk_120|part:0] (collection=transfer_rules)\nبعض المواد قد تُحتسب اختياريه فقط بعد التحويل.', '[chunk_065|part:0] (collection=transfer_rules)\nبعد الارسال، لا يمكن تعديل او حذف الطلب.', '[page:37|article:1|part:0] (collection=regulations)\nرقم الصفحه: 37 العنوان: القاعده التنفيذيه للماده السادسه و الاربعون المحتوي: بناءً علي الماده السادسه والاربعين من اللائحه، تُحدد الشروط الاضافيه التاليه للتحويل من كليه الي اخري داخل الجامعه: 1) ان يكون الطالب مستوفياً لشروط التحويل في الكليه المحول اليها. 2) ان تكون حاله الطالب فعال في السجل الاكاديمي، ولا يقبل التحويل للطالب المعتذر او المؤجل او المنقطع. 3) ان يكون التحويل لمره واحده فقط. 4) الا يكون قد درس في تخصصه ما يزيد عن نصف متطلبات التخرج، ويُستثني من ذلك الطالب المحول من الكليات التي يشترط المعدل التراكمي 3 من 5 جيد كحد ادني للتخرج. 5) تتم معالجه طلبات التحويل في الفتره المحدده في التقويم الجامعي لدي عماده القبول والتسجيل، وتعلن نتائج المقبولين طبقاً للمعايير والشروط التي تحددها الكليه للمفاضله بين الطلاب، والسعه التي تحددها الكليه.']",لا يمكن تعديل رغبات التحويل أو إلغاؤها بعد انتهاء فترة التقديم، ولا يمكن التراجع بعد إعلان النتائج.,لا، لا يمكن تعديل الرغبات أو إلغاؤها بعد انتهاء فترة التقديم وإغلاق النظام.,0.0,0.737755102030277,1.0,1.0
ما الشروط العامة التي تمنع الطالب من التقديم على التحويل؟,من أبرز الموانع: أن يكون الطالب موقوفاً أو معاقباً أكاديمياً، أو غير منتظم وقت تقديم الطلب، أو غير مستوفٍ للشروط العامة للبرنامج.,"الشروط العامة التي تمنع الطالب من التقديم على التحويل هي:

1. لا يحق للطالب الموقوف أو المعاقب أكاديمياً التقديم على التحويل.
2. لا يسمح للطالب بالتحويل أكثر من مرة واحدة خلال فترة الدراسة الجامعية.
3. يجب أن يكون الطالب فعالاً في السجل الأكاديمي، ولا يقبل التحويل للطالب المعتذر أو المؤجل أو المنقطع.
4. لا يقبل التحويل للطلاب الذين عليهم عقوبات أكاديمية غير معالجة.","['[chunk_068|part:0] (collection=transfer_rules)\nلا يحق للطالب الموقوف او المعاقب اكاديمياً التقديم علي التحويل.', '[chunk_139|part:0] (collection=transfer_rules)\nلا يسمح للطالب بالتحويل اكثر من مره واحده خلال فتره الدراسه الجامعيه.', '[page:38|article:1|part:0] (collection=regulations)\nرقم الصفحه: 38 العنوان: القاعده التنفيذيه للماده الثامنه و الاربعون المحتوي: بناءً علي الماده الثامنه والاربعين من اللائحه، تُحدد الشروط الاضافيه التاليه للتحويل من تخصص الي اخر داخل الكليه: 1) ان لا يقل المعدل التراكمي للطالب عن (3 من 5). 2) ان يكون التحويل مره واحده فقط. 3) ان لا يكون قد درس في تخصصه ما يزيد عن نصف متطلبات التخرج. 4) لعماده القبول والتسجيل بالتنسيق مع الكليه النظر في الحالات الاستثنائيه. 5) تقدم طلبات التحويل في الفتره المحدده في التقويم الجامعي لدي عماده القبول والتسجيل، وتعلن نتائج المقبولين طبقاً للمعايير والشروط والسعه التي تحددها الاقسام. 6) الا يكون الانتقال من قسم يتطلب السنه التحضيريه للعلوم الطبيعيه الي قسم يتطلب السنه التحضيريه للعلوم الانسانيه والعكس صحيح، ويُستثني من ذلك الاقسام التي تقبل المسارين المعتمدين في الخطط الدراسيه.', '[page:37|article:1|part:0] (collection=regulations)\nرقم الصفحه: 37 العنوان: القاعده التنفيذيه للماده السادسه و الاربعون المحتوي: بناءً علي الماده السادسه والاربعين من اللائحه، تُحدد الشروط الاضافيه التاليه للتحويل من كليه الي اخري داخل الجامعه: 1) ان يكون الطالب مستوفياً لشروط التحويل في الكليه المحول اليها. 2) ان تكون حاله الطالب فعال في السجل الاكاديمي، ولا يقبل التحويل للطالب المعتذر او المؤجل او المنقطع. 3) ان يكون التحويل لمره واحده فقط. 4) الا يكون قد درس في تخصصه ما يزيد عن نصف متطلبات التخرج، ويُستثني من ذلك الطالب المحول من الكليات التي يشترط المعدل التراكمي 3 من 5 جيد كحد ادني للتخرج. 5) تتم معالجه طلبات التحويل في الفتره المحدده في التقويم الجامعي لدي عماده القبول والتسجيل، وتعلن نتائج المقبولين طبقاً للمعايير والشروط التي تحددها الكليه للمفاضله بين الطلاب، والسعه التي تحددها الكليه.', '[page:35|article:0|part:0] (collection=regulations)\nرقم الصفحه: 35 العنوان: الماده الثانيه و الاربعون المحتوي: يجوز قبول تحويل الطالب من خارج الجامعه وفق الضوابط الاتيه: ا- ان يكون الطالب قد درس في كليه او جامعه معترف بها. ب- الا يكون مفصولاً من الجامعه المحول منها لاسباب تاديبيه. ج- ان تنطبق عليه شروط التحويل التي يحددها مجلس الجامعه.', '[chunk_066|part:0] (collection=transfer_rules)\nلا يسمح بالتحويل اكثر من مره واحده خلال مسيره الطالب الجامعيه.', '[chunk_177|part:0] (collection=transfer_rules)\nلا يحق للطلبه من خارج جامعه جده التقديم علي التحويل الداخلي.', '[page:35|article:1|part:0] (collection=regulations)\nرقم الصفحه: 35 العنوان: القاعده التنفيذيه للماده الثانيه و الاربعون المحتوي: بناءً علي الماده الثانيه والاربعين فقره (ج) من اللائحه، تُحدد الشروط الاضافيه التاليه للتحويل من جامعه اخري الي جامعه جده: 1) موافقه عميد القبول والتسجيل وفق ضوابط التحويل التي تقرها الجامعه. 2) ان يكون التحويل من جامعه معترف بها اكاديمياً في وزاره التعليم، وضروره ارفاق خطاب الاعتراف بالنسبه للجامعات والكليات الاهليه او الخارجيه. 3) ان لا يقل المعدل التراكمي للطالب المحول عن (3 من 5) او (2 من 4). 4) الا يكون الطالب مفصولاً او منقطعاً من جامعه لاي سبب كان، واذا اتضح بعد فتح ملفه غير ذلك فيعتبر قبوله لاغياً. 5) ان يكون التحويل الي نفس التخصص المحول منه في الجامعه السابقه. 6) دراسه ما لا يقل عن 50% من متطلبات التخرج في جامعه جده. 7) ان تستكمل اجراءات التحويل حسب المواعيد المحدده في التقويم الجامعي. 8) ان يستوفي اي شروط اخري تحددها عماده القبول والتسجيل.', '[chunk_179|part:0] (collection=transfer_rules)\nلا يقبل التحويل للطلبه الذين عليهم عقوبات اكاديميه غير معالجه.', '[chunk_002|part:0] (collection=transfer_rules)\nيحق للطالب او الطالبه التقديم علي التحويل وفق المواعيد المحدده في التقويم الاكاديمي من خلال نظام الخدمات الذاتيه ODUS.']",10,True,False,False,True,ما الشروط العامة التي تمنع الطالب من التقديم على التحويل؟,,[],,Q013,transfer_rules,eligibility,medium,Tahweelchunks general_rules/eligibility,Tahweelchunks.json | eligibility / general_rules,ما الشروط العامة التي تمنع الطالب من التقديم على التحويل؟,"['[chunk_068|part:0] (collection=transfer_rules)\nلا يحق للطالب الموقوف او المعاقب اكاديمياً التقديم علي التحويل.', '[chunk_139|part:0] (collection=transfer_rules)\nلا يسمح للطالب بالتحويل اكثر من مره واحده خلال فتره الدراسه الجامعيه.', '[page:38|article:1|part:0] (collection=regulations)\nرقم الصفحه: 38 العنوان: القاعده التنفيذيه للماده الثامنه و الاربعون المحتوي: بناءً علي الماده الثامنه والاربعين من اللائحه، تُحدد الشروط الاضافيه التاليه للتحويل من تخصص الي اخر داخل الكليه: 1) ان لا يقل المعدل التراكمي للطالب عن (3 من 5). 2) ان يكون التحويل مره واحده فقط. 3) ان لا يكون قد درس في تخصصه ما يزيد عن نصف متطلبات التخرج. 4) لعماده القبول والتسجيل بالتنسيق مع الكليه النظر في الحالات الاستثنائيه. 5) تقدم طلبات التحويل في الفتره المحدده في التقويم الجامعي لدي عماده القبول والتسجيل، وتعلن نتائج المقبولين طبقاً للمعايير والشروط والسعه التي تحددها الاقسام. 6) الا يكون الانتقال من قسم يتطلب السنه التحضيريه للعلوم الطبيعيه الي قسم يتطلب السنه التحضيريه للعلوم الانسانيه والعكس صحيح، ويُستثني من ذلك الاقسام التي تقبل المسارين المعتمدين في الخطط الدراسيه.', '[page:37|article:1|part:0] (collection=regulations)\nرقم الصفحه: 37 العنوان: القاعده التنفيذيه للماده السادسه و الاربعون المحتوي: بناءً علي الماده السادسه والاربعين من اللائحه، تُحدد الشروط الاضافيه التاليه للتحويل من كليه الي اخري داخل الجامعه: 1) ان يكون الطالب مستوفياً لشروط التحويل في الكليه المحول اليها. 2) ان تكون حاله الطالب فعال في السجل الاكاديمي، ولا يقبل التحويل للطالب المعتذر او المؤجل او المنقطع. 3) ان يكون التحويل لمره واحده فقط. 4) الا يكون قد درس في تخصصه ما يزيد عن نصف متطلبات التخرج، ويُستثني من ذلك الطالب المحول من الكليات التي يشترط المعدل التراكمي 3 من 5 جيد كحد ادني للتخرج. 5) تتم معالجه طلبات التحويل في الفتره المحدده في التقويم الجامعي لدي عماده القبول والتسجيل، وتعلن نتائج المقبولين طبقاً للمعايير والشروط التي تحددها الكليه للمفاضله بين الطلاب، والسعه التي تحددها الكليه.', '[page:35|article:0|part:0] (collection=regulations)\nرقم الصفحه: 35 العنوان: الماده الثانيه و الاربعون المحتوي: يجوز قبول تحويل الطالب من خارج الجامعه وفق الضوابط الاتيه: ا- ان يكون الطالب قد درس في كليه او جامعه معترف بها. ب- الا يكون مفصولاً من الجامعه المحول منها لاسباب تاديبيه. ج- ان تنطبق عليه شروط التحويل التي يحددها مجلس الجامعه.', '[chunk_066|part:0] (collection=transfer_rules)\nلا يسمح بالتحويل اكثر من مره واحده خلال مسيره الطالب الجامعيه.', '[chunk_177|part:0] (collection=transfer_rules)\nلا يحق للطلبه من خارج جامعه جده التقديم علي التحويل الداخلي.', '[page:35|article:1|part:0] (collection=regulations)\nرقم الصفحه: 35 العنوان: القاعده التنفيذيه للماده الثانيه و الاربعون المحتوي: بناءً علي الماده الثانيه والاربعين فقره (ج) من اللائحه، تُحدد الشروط الاضافيه التاليه للتحويل من جامعه اخري الي جامعه جده: 1) موافقه عميد القبول والتسجيل وفق ضوابط التحويل التي تقرها الجامعه. 2) ان يكون التحويل من جامعه معترف بها اكاديمياً في وزاره التعليم، وضروره ارفاق خطاب الاعتراف بالنسبه للجامعات والكليات الاهليه او الخارجيه. 3) ان لا يقل المعدل التراكمي للطالب المحول عن (3 من 5) او (2 من 4). 4) الا يكون الطالب مفصولاً او منقطعاً من جامعه لاي سبب كان، واذا اتضح بعد فتح ملفه غير ذلك فيعتبر قبوله لاغياً. 5) ان يكون التحويل الي نفس التخصص المحول منه في الجامعه السابقه. 6) دراسه ما لا يقل عن 50% من متطلبات التخرج في جامعه جده. 7) ان تستكمل اجراءات التحويل حسب المواعيد المحدده في التقويم الجامعي. 8) ان يستوفي اي شروط اخري تحددها عماده القبول والتسجيل.', '[chunk_179|part:0] (collection=transfer_rules)\nلا يقبل التحويل للطلبه الذين عليهم عقوبات اكاديميه غير معالجه.', '[chunk_002|part:0] (collection=transfer_rules)\nيحق للطالب او الطالبه التقديم علي التحويل وفق المواعيد المحدده في التقويم الاكاديمي من خلال نظام الخدمات الذاتيه ODUS.']","الشروط العامة التي تمنع الطالب من التقديم على التحويل هي:

1. لا يحق للطالب الموقوف أو المعاقب أكاديمياً التقديم على التحويل.
2. لا يسمح للطالب بالتحويل أكثر من مرة واحدة خلال فترة الدراسة الجامعية.
3. يجب أن يكون الطالب فعالاً في السجل الأكاديمي، ولا يقبل التحويل للطالب المعتذر أو المؤجل أو المنقطع.
4. لا يقبل التحويل للطلاب الذين عليهم عقوبات أكاديمية غير معالجة.",من أبرز الموانع: أن يكون الطالب موقوفاً أو معاقباً أكاديمياً، أو غير منتظم وقت تقديم الطلب، أو غير مستوفٍ للشروط العامة للبرنامج.,0.9831095589702727,0.5798611110966146,0.8333333333333334,0.3333333333333333
ما برامج كلية علوم وهندسة الحاسب المتاحة للتحويل الداخلي؟,برامج كلية علوم وهندسة الحاسب المتاحة للتحويل: علوم الحاسب، الذكاء الاصطناعي، الأمن السيبراني، هندسة الحاسب والشبكات، هندسة البرمجيات، وعلم البيانات.,"برامج كلية علوم وهندسة الحاسب المتاحة للتحويل الداخلي هي:

1. علوم الحاسب
2. الذكاء الاصطناعي
3. الأمن السيبراني
4. هندسة الحاسب والشبكات
5. هندسة البرمجيات
6. علم البيانات","['[chunk_013|part:0] (collection=transfer_rules)\nكليه علوم وهندسه الحاسب – برامج التحويل: علوم الحاسب، الذكاء الاصطناعي، الامن السيبراني، هندسه الحاسب والشبكات، هندسه البرمجيات، علم البيانات.', '[chunk_010|part:0] (collection=transfer_rules)\nكليه الهندسه – برامج التحويل: الهندسه الكيميائيه، الهندسه الكهربائيه والالكترونيه، الهندسه الميكانيكيه، هندسه المواد.', '[chunk_016|part:0] (collection=transfer_rules)\nكليه الاعمال – برامج التحويل: المحاسبه (علمي).', '[chunk_109|part:0] (collection=transfer_rules)\nلا يقبل التحويل من خارج الجامعه الي برامجها الداخليه.', '[chunk_007|part:0] (collection=transfer_rules)\nكليه العلوم الطبيه التطبيقيه – برامج التحويل: تقنيه الاشعه، المختبرات، التمريض.', '[program:BS-COEN-IT|level:BS-COEN-01|summary] (collection=degree_plans)\nالخطه الدراسيه البرنامج (الكود): BS-COEN-IT البرنامج (الاسم): هندسه الحاسب البرنامج (الاسم الكامل): بكالوريوس هندسه الحاسب المستوي (الكود): BS-COEN-01 المستوي (الاسم): المستوي 1 اجمالي ساعات البرنامج: 166 مقررات المستوي: - CECS 100 | المهارات الرقميه | 3 ساعات - CECS 111 | مقدمه برمجه | 3 ساعات - ELPR 130 | اللغه الانجليزيه-3 | 3 ساعات - SCMT 102 | تفاضل وتكامل-1 | 3 ساعات - SCPH 101 | فيزياء عامه -1 | 3 ساعات', '[program:BS-COEN-IT|level:BS-COEN-04|summary] (collection=degree_plans)\nالخطه الدراسيه البرنامج (الكود): BS-COEN-IT البرنامج (الاسم): هندسه الحاسب البرنامج (الاسم الكامل): بكالوريوس هندسه الحاسب المستوي (الكود): BS-COEN-04 المستوي (الاسم): المستوي 4 اجمالي ساعات البرنامج: 166 مقررات المستوي: - CECN 221 | دوائر كهربائيه | 4 ساعات - CECN 283 | معماريه الحاسب | 4 ساعات - CECS 281 | تركيب البيانات | 4 ساعات - CESW 281 | مبادئ هندسه البرمجيات | 3 ساعات - ISLM 100 | ثقافه اسلاميه-1 | 2 ساعات', '[program:BS-COEN-IT|level:BS-COEN-03|summary] (collection=degree_plans)\nالخطه الدراسيه البرنامج (الكود): BS-COEN-IT البرنامج (الاسم): هندسه الحاسب البرنامج (الاسم الكامل): بكالوريوس هندسه الحاسب المستوي (الكود): BS-COEN-03 المستوي (الاسم): المستوي 3 اجمالي ساعات البرنامج: 166 مقررات المستوي: - CECN 281 | تصميم المنطق الرقمي | 4 ساعات - CLAL 100 | مهارات لغويه-1 | 2 ساعات - ELPR 220 | الكتابه الاكاديميه الانجليزيه | 3 ساعات - SCMT 211 | تفاضل وتكامل-2 | 3 ساعات - SCPH 211 | فيزياء عامه-2 | 3 ساعات - SCST 210 | احصاء عام -1 | 3 ساعات', '[program:BS-COEN-IT|level:BS-COEN-06|summary] (collection=degree_plans)\nالخطه الدراسيه البرنامج (الكود): BS-COEN-IT البرنامج (الاسم): هندسه الحاسب البرنامج (الاسم الكامل): بكالوريوس هندسه الحاسب المستوي (الكود): BS-COEN-06 المستوي (الاسم): المستوي 6 اجمالي ساعات البرنامج: 166 مقررات المستوي: - BUBA 100 | الابتكار ورياده الاعمال | 2 ساعات - CEAI 281 | اساسيات الذكاء الاصطناعي | 4 ساعات - CECS 283 | نظم التشغيل | 4 ساعات - CECY 382 | امن الشبكات السيبراني | 3 ساعات - ISLM 300 | ثقافه اسلاميه-3 | 3 ساعات', '[program:BS-COEN-IT|level:BS-COEN-07|summary] (collection=degree_plans)\nالخطه الدراسيه البرنامج (الكود): BS-COEN-IT البرنامج (الاسم): هندسه الحاسب البرنامج (الاسم الكامل): بكالوريوس هندسه الحاسب المستوي (الكود): BS-COEN-07 المستوي (الاسم): المستوي 7 اجمالي ساعات البرنامج: 166 مقررات المستوي: - BCSC 100 | مقدمه في الاداره اللوجستيه | 2 ساعات - CECN 411 | معالجات دقيقه | 4 ساعات - CECY 384 | التشفير وامن الشبكات | 4 ساعات - CESW 382 | اداره مشاريع البرمجيات | 4 ساعات - ISLM 300 | ثقافه اسلاميه-3 | 2 ساعات']",10,True,False,False,True,ما برامج كلية علوم وهندسة الحاسب المتاحة للتحويل الداخلي؟,,[],,Q014,transfer_rules,computing,easy,Tahweelchunks college_computing,Tahweelchunks.json | college_computing,ما برامج كلية علوم وهندسة الحاسب المتاحة للتحويل الداخلي؟,"['[chunk_013|part:0] (collection=transfer_rules)\nكليه علوم وهندسه الحاسب – برامج التحويل: علوم الحاسب، الذكاء الاصطناعي، الامن السيبراني، هندسه الحاسب والشبكات، هندسه البرمجيات، علم البيانات.', '[chunk_010|part:0] (collection=transfer_rules)\nكليه الهندسه – برامج التحويل: الهندسه الكيميائيه، الهندسه الكهربائيه والالكترونيه، الهندسه الميكانيكيه، هندسه المواد.', '[chunk_016|part:0] (collection=transfer_rules)\nكليه الاعمال – برامج التحويل: المحاسبه (علمي).', '[chunk_109|part:0] (collection=transfer_rules)\nلا يقبل التحويل من خارج الجامعه الي برامجها الداخليه.', '[chunk_007|part:0] (collection=transfer_rules)\nكليه العلوم الطبيه التطبيقيه – برامج التحويل: تقنيه الاشعه، المختبرات، التمريض.', '[program:BS-COEN-IT|level:BS-COEN-01|summary] (collection=degree_plans)\nالخطه الدراسيه البرنامج (الكود): BS-COEN-IT البرنامج (الاسم): هندسه الحاسب البرنامج (الاسم الكامل): بكالوريوس هندسه الحاسب المستوي (الكود): BS-COEN-01 المستوي (الاسم): المستوي 1 اجمالي ساعات البرنامج: 166 مقررات المستوي: - CECS 100 | المهارات الرقميه | 3 ساعات - CECS 111 | مقدمه برمجه | 3 ساعات - ELPR 130 | اللغه الانجليزيه-3 | 3 ساعات - SCMT 102 | تفاضل وتكامل-1 | 3 ساعات - SCPH 101 | فيزياء عامه -1 | 3 ساعات', '[program:BS-COEN-IT|level:BS-COEN-04|summary] (collection=degree_plans)\nالخطه الدراسيه البرنامج (الكود): BS-COEN-IT البرنامج (الاسم): هندسه الحاسب البرنامج (الاسم الكامل): بكالوريوس هندسه الحاسب المستوي (الكود): BS-COEN-04 المستوي (الاسم): المستوي 4 اجمالي ساعات البرنامج: 166 مقررات المستوي: - CECN 221 | دوائر كهربائيه | 4 ساعات - CECN 283 | معماريه الحاسب | 4 ساعات - CECS 281 | تركيب البيانات | 4 ساعات - CESW 281 | مبادئ هندسه البرمجيات | 3 ساعات - ISLM 100 | ثقافه اسلاميه-1 | 2 ساعات', '[program:BS-COEN-IT|level:BS-COEN-03|summary] (collection=degree_plans)\nالخطه الدراسيه البرنامج (الكود): BS-COEN-IT البرنامج (الاسم): هندسه الحاسب البرنامج (الاسم الكامل): بكالوريوس هندسه الحاسب المستوي (الكود): BS-COEN-03 المستوي (الاسم): المستوي 3 اجمالي ساعات البرنامج: 166 مقررات المستوي: - CECN 281 | تصميم المنطق الرقمي | 4 ساعات - CLAL 100 | مهارات لغويه-1 | 2 ساعات - ELPR 220 | الكتابه الاكاديميه الانجليزيه | 3 ساعات - SCMT 211 | تفاضل وتكامل-2 | 3 ساعات - SCPH 211 | فيزياء عامه-2 | 3 ساعات - SCST 210 | احصاء عام -1 | 3 ساعات', '[program:BS-COEN-IT|level:BS-COEN-06|summary] (collection=degree_plans)\nالخطه الدراسيه البرنامج (الكود): BS-COEN-IT البرنامج (الاسم): هندسه الحاسب البرنامج (الاسم الكامل): بكالوريوس هندسه الحاسب المستوي (الكود): BS-COEN-06 المستوي (الاسم): المستوي 6 اجمالي ساعات البرنامج: 166 مقررات المستوي: - BUBA 100 | الابتكار ورياده الاعمال | 2 ساعات - CEAI 281 | اساسيات الذكاء الاصطناعي | 4 ساعات - CECS 283 | نظم التشغيل | 4 ساعات - CECY 382 | امن الشبكات السيبراني | 3 ساعات - ISLM 300 | ثقافه اسلاميه-3 | 3 ساعات', '[program:BS-COEN-IT|level:BS-COEN-07|summary] (collection=degree_plans)\nالخطه الدراسيه البرنامج (الكود): BS-COEN-IT البرنامج (الاسم): هندسه الحاسب البرنامج (الاسم الكامل): بكالوريوس هندسه الحاسب المستوي (الكود): BS-COEN-07 المستوي (الاسم): المستوي 7 اجمالي ساعات البرنامج: 166 مقررات المستوي: - BCSC 100 | مقدمه في الاداره اللوجستيه | 2 ساعات - CECN 411 | معالجات دقيقه | 4 ساعات - CECY 384 | التشفير وامن الشبكات | 4 ساعات - CESW 382 | اداره مشاريع البرمجيات | 4 ساعات - ISLM 300 | ثقافه اسلاميه-3 | 2 ساعات']","برامج كلية علوم وهندسة الحاسب المتاحة للتحويل الداخلي هي:

1. علوم الحاسب
2. الذكاء الاصطناعي
3. الأمن السيبراني
4. هندسة الحاسب والشبكات
5. هندسة البرمجيات
6. علم البيانات",برامج كلية علوم وهندسة الحاسب المتاحة للتحويل: علوم الحاسب، الذكاء الاصطناعي، الأمن السيبراني، هندسة الحاسب والشبكات، هندسة البرمجيات، وعلم البيانات.,0.9336625150492778,0.9999999999,0.8333333333333334,1.0
هل التحويل إلى كلية علوم وهندسة الحاسب سنوي أم فصلي؟,التحويل إلى كلية علوم وهندسة الحاسب فصلي.,التحويل إلى كلية علوم وهندسة الحاسب هو تحويل فصلي، حيث يتم التقديم خلال فصل دراسي محدد.,"['[chunk_017|part:0] (collection=transfer_rules)\nشروط التحويل: التحويل فصلي. اجتياز المحاسبه الماليه BUAC 111 (≥70)، رياضيات الاعمال SCMT 110 (≥80).', '[chunk_005|part:0] (collection=transfer_rules)\nالتحويل السنوي: التقديم مره واحده في السنه حسب تقويم الجامعه.', '[chunk_006|part:0] (collection=transfer_rules)\nالتحويل الفصلي: التقديم خلال فصل دراسي محدد ويشمل مواد معياريه ان وجدت.', '[page:38|article:1|part:0] (collection=regulations)\nرقم الصفحه: 38 العنوان: القاعده التنفيذيه للماده الثامنه و الاربعون المحتوي: بناءً علي الماده الثامنه والاربعين من اللائحه، تُحدد الشروط الاضافيه التاليه للتحويل من تخصص الي اخر داخل الكليه: 1) ان لا يقل المعدل التراكمي للطالب عن (3 من 5). 2) ان يكون التحويل مره واحده فقط. 3) ان لا يكون قد درس في تخصصه ما يزيد عن نصف متطلبات التخرج. 4) لعماده القبول والتسجيل بالتنسيق مع الكليه النظر في الحالات الاستثنائيه. 5) تقدم طلبات التحويل في الفتره المحدده في التقويم الجامعي لدي عماده القبول والتسجيل، وتعلن نتائج المقبولين طبقاً للمعايير والشروط والسعه التي تحددها الاقسام. 6) الا يكون الانتقال من قسم يتطلب السنه التحضيريه للعلوم الطبيعيه الي قسم يتطلب السنه التحضيريه للعلوم الانسانيه والعكس صحيح، ويُستثني من ذلك الاقسام التي تقبل المسارين المعتمدين في الخطط الدراسيه.', '[chunk_013|part:0] (collection=transfer_rules)\nكليه علوم وهندسه الحاسب – برامج التحويل: علوم الحاسب، الذكاء الاصطناعي، الامن السيبراني، هندسه الحاسب والشبكات، هندسه البرمجيات، علم البيانات.', '[chunk_175|part:0] (collection=transfer_rules)\nقد يتم تعليق التحويل لبعض البرامج لعام دراسي كامل.', '[chunk_077|part:0] (collection=transfer_rules)\nقد يتم ايقاف التحويل لبعض التخصصات لعام كامل.', '[chunk_016|part:0] (collection=transfer_rules)\nكليه الاعمال – برامج التحويل: المحاسبه (علمي).', '[page:37|article:1|part:0] (collection=regulations)\nرقم الصفحه: 37 العنوان: القاعده التنفيذيه للماده السادسه و الاربعون المحتوي: بناءً علي الماده السادسه والاربعين من اللائحه، تُحدد الشروط الاضافيه التاليه للتحويل من كليه الي اخري داخل الجامعه: 1) ان يكون الطالب مستوفياً لشروط التحويل في الكليه المحول اليها. 2) ان تكون حاله الطالب فعال في السجل الاكاديمي، ولا يقبل التحويل للطالب المعتذر او المؤجل او المنقطع. 3) ان يكون التحويل لمره واحده فقط. 4) الا يكون قد درس في تخصصه ما يزيد عن نصف متطلبات التخرج، ويُستثني من ذلك الطالب المحول من الكليات التي يشترط المعدل التراكمي 3 من 5 جيد كحد ادني للتخرج. 5) تتم معالجه طلبات التحويل في الفتره المحدده في التقويم الجامعي لدي عماده القبول والتسجيل، وتعلن نتائج المقبولين طبقاً للمعايير والشروط التي تحددها الكليه للمفاضله بين الطلاب، والسعه التي تحددها الكليه.', '[page:36|article:4|part:0] (collection=regulations)\nرقم الصفحه: 36 العنوان: الماده الخامسه و الاربعون المحتوي: يتم تحويل الطالب في اي فصل دراسي من جامعه اخري الي الجامعه المحول اليها وفقاً لاجراءات والمواعيد المعلنه في الضوابط العامه للتحويل.']",10,True,False,False,True,هل التحويل إلى كلية علوم وهندسة الحاسب سنوي أم فصلي؟,,[],,Q015,transfer_rules,computing,easy,Tahweelchunks college_computing,Tahweelchunks.json | college_computing,هل التحويل إلى كلية علوم وهندسة الحاسب سنوي أم فصلي؟,"['[chunk_017|part:0] (collection=transfer_rules)\nشروط التحويل: التحويل فصلي. اجتياز المحاسبه الماليه BUAC 111 (≥70)، رياضيات الاعمال SCMT 110 (≥80).', '[chunk_005|part:0] (collection=transfer_rules)\nالتحويل السنوي: التقديم مره واحده في السنه حسب تقويم الجامعه.', '[chunk_006|part:0] (collection=transfer_rules)\nالتحويل الفصلي: التقديم خلال فصل دراسي محدد ويشمل مواد معياريه ان وجدت.', '[page:38|article:1|part:0] (collection=regulations)\nرقم الصفحه: 38 العنوان: القاعده التنفيذيه للماده الثامنه و الاربعون المحتوي: بناءً علي الماده الثامنه والاربعين من اللائحه، تُحدد الشروط الاضافيه التاليه للتحويل من تخصص الي اخر داخل الكليه: 1) ان لا يقل المعدل التراكمي للطالب عن (3 من 5). 2) ان يكون التحويل مره واحده فقط. 3) ان لا يكون قد درس في تخصصه ما يزيد عن نصف متطلبات التخرج. 4) لعماده القبول والتسجيل بالتنسيق مع الكليه النظر في الحالات الاستثنائيه. 5) تقدم طلبات التحويل في الفتره المحدده في التقويم الجامعي لدي عماده القبول والتسجيل، وتعلن نتائج المقبولين طبقاً للمعايير والشروط والسعه التي تحددها الاقسام. 6) الا يكون الانتقال من قسم يتطلب السنه التحضيريه للعلوم الطبيعيه الي قسم يتطلب السنه التحضيريه للعلوم الانسانيه والعكس صحيح، ويُستثني من ذلك الاقسام التي تقبل المسارين المعتمدين في الخطط الدراسيه.', '[chunk_013|part:0] (collection=transfer_rules)\nكليه علوم وهندسه الحاسب – برامج التحويل: علوم الحاسب، الذكاء الاصطناعي، الامن السيبراني، هندسه الحاسب والشبكات، هندسه البرمجيات، علم البيانات.', '[chunk_175|part:0] (collection=transfer_rules)\nقد يتم تعليق التحويل لبعض البرامج لعام دراسي كامل.', '[chunk_077|part:0] (collection=transfer_rules)\nقد يتم ايقاف التحويل لبعض التخصصات لعام كامل.', '[chunk_016|part:0] (collection=transfer_rules)\nكليه الاعمال – برامج التحويل: المحاسبه (علمي).', '[page:37|article:1|part:0] (collection=regulations)\nرقم الصفحه: 37 العنوان: القاعده التنفيذيه للماده السادسه و الاربعون المحتوي: بناءً علي الماده السادسه والاربعين من اللائحه، تُحدد الشروط الاضافيه التاليه للتحويل من كليه الي اخري داخل الجامعه: 1) ان يكون الطالب مستوفياً لشروط التحويل في الكليه المحول اليها. 2) ان تكون حاله الطالب فعال في السجل الاكاديمي، ولا يقبل التحويل للطالب المعتذر او المؤجل او المنقطع. 3) ان يكون التحويل لمره واحده فقط. 4) الا يكون قد درس في تخصصه ما يزيد عن نصف متطلبات التخرج، ويُستثني من ذلك الطالب المحول من الكليات التي يشترط المعدل التراكمي 3 من 5 جيد كحد ادني للتخرج. 5) تتم معالجه طلبات التحويل في الفتره المحدده في التقويم الجامعي لدي عماده القبول والتسجيل، وتعلن نتائج المقبولين طبقاً للمعايير والشروط التي تحددها الكليه للمفاضله بين الطلاب، والسعه التي تحددها الكليه.', '[page:36|article:4|part:0] (collection=regulations)\nرقم الصفحه: 36 العنوان: الماده الخامسه و الاربعون المحتوي: يتم تحويل الطالب في اي فصل دراسي من جامعه اخري الي الجامعه المحول اليها وفقاً لاجراءات والمواعيد المعلنه في الضوابط العامه للتحويل.']",التحويل إلى كلية علوم وهندسة الحاسب هو تحويل فصلي، حيث يتم التقديم خلال فصل دراسي محدد.,التحويل إلى كلية علوم وهندسة الحاسب فصلي.,0.6505942269728412,0.6555555555337037,0.5,1.0
ما المواد المعيارية المطلوبة للتحويل إلى المحاسبة في كلية الأعمال؟,للتحويل إلى المحاسبة في كلية الأعمال يشترط اجتياز المحاسبة المالية BUAC 111 بدرجة 70 فأعلى ورياضيات الأعمال SCMT 110 بدرجة 80 فأعلى.,"المواد المعيارية المطلوبة للتحويل إلى المحاسبة في كلية الأعمال هي:

1. المحاسبة 1
2. التسويق
3. رياضيات الأعمال
4. الإحصاء

بالإضافة إلى ذلك، يجب اجتياز المقررات التالية:
- المحاسبة المالية BUAC 111 (بمعدل ≥ 70)
- رياضيات الأعمال SCMT 110 (بمعدل ≥ 80)","['[chunk_131|part:0] (collection=transfer_rules)\nمواد معياريه لبرامج كليه الاعمال: المحاسبه 1، التسويق، رياضيات الاعمال، الاحصاء.', '[chunk_017|part:0] (collection=transfer_rules)\nشروط التحويل: التحويل فصلي. اجتياز المحاسبه الماليه BUAC 111 (≥70)، رياضيات الاعمال SCMT 110 (≥80).', '[chunk_016|part:0] (collection=transfer_rules)\nكليه الاعمال – برامج التحويل: المحاسبه (علمي).', '[chunk_061|part:0] (collection=transfer_rules)\nمواد معياريه لبرامج الاعمال تشمل: المحاسبه 1، الرياضيات، الاحصاء، التسويق.', '[chunk_121|part:0] (collection=transfer_rules)\nالمواد المعياريه هي مقررات مشتركه تهدف لقياس استعداد الطالب للتحويل وقد تختلف بحسب التخصص.', '[chunk_055|part:0] (collection=transfer_rules)\nالمواد المعياريه هي مقررات اساسيه يشترط اجتيازها للتحويل لبعض البرامج.', '[major:MAJ_accounting|row:20] (collection=specialization)\nالتخصص: محاسبه معرف التخصص: MAJ_accounting الكليه: كليه الاعمال معرف الكليه: COL_business الساعات المطلوبه قبل التخصيص: 27 المتطلبات: BUAC 111, SCMT 110, SCST 121', '[page:38|article:1|part:0] (collection=regulations)\nرقم الصفحه: 38 العنوان: القاعده التنفيذيه للماده الثامنه و الاربعون المحتوي: بناءً علي الماده الثامنه والاربعين من اللائحه، تُحدد الشروط الاضافيه التاليه للتحويل من تخصص الي اخر داخل الكليه: 1) ان لا يقل المعدل التراكمي للطالب عن (3 من 5). 2) ان يكون التحويل مره واحده فقط. 3) ان لا يكون قد درس في تخصصه ما يزيد عن نصف متطلبات التخرج. 4) لعماده القبول والتسجيل بالتنسيق مع الكليه النظر في الحالات الاستثنائيه. 5) تقدم طلبات التحويل في الفتره المحدده في التقويم الجامعي لدي عماده القبول والتسجيل، وتعلن نتائج المقبولين طبقاً للمعايير والشروط والسعه التي تحددها الاقسام. 6) الا يكون الانتقال من قسم يتطلب السنه التحضيريه للعلوم الطبيعيه الي قسم يتطلب السنه التحضيريه للعلوم الانسانيه والعكس صحيح، ويُستثني من ذلك الاقسام التي تقبل المسارين المعتمدين في الخطط الدراسيه.', '[chunk_127|part:0] (collection=transfer_rules)\nمواد معياريه للهندسه: الرياضيات، الفيزياء، الكيمياء، مهارات الحاسب.', '[page:37|article:1|part:0] (collection=regulations)\nرقم الصفحه: 37 العنوان: القاعده التنفيذيه للماده السادسه و الاربعون المحتوي: بناءً علي الماده السادسه والاربعين من اللائحه، تُحدد الشروط الاضافيه التاليه للتحويل من كليه الي اخري داخل الجامعه: 1) ان يكون الطالب مستوفياً لشروط التحويل في الكليه المحول اليها. 2) ان تكون حاله الطالب فعال في السجل الاكاديمي، ولا يقبل التحويل للطالب المعتذر او المؤجل او المنقطع. 3) ان يكون التحويل لمره واحده فقط. 4) الا يكون قد درس في تخصصه ما يزيد عن نصف متطلبات التخرج، ويُستثني من ذلك الطالب المحول من الكليات التي يشترط المعدل التراكمي 3 من 5 جيد كحد ادني للتخرج. 5) تتم معالجه طلبات التحويل في الفتره المحدده في التقويم الجامعي لدي عماده القبول والتسجيل، وتعلن نتائج المقبولين طبقاً للمعايير والشروط التي تحددها الكليه للمفاضله بين الطلاب، والسعه التي تحددها الكليه.']",10,True,False,False,True,ما المواد المعيارية المطلوبة للتحويل إلى المحاسبة في كلية الأعمال؟,,[],,Q016,transfer_rules,business,medium,Tahweelchunks college_business,Tahweelchunks.json | college_business,ما المواد المعيارية المطلوبة للتحويل إلى المحاسبة في كلية الأعمال؟,"['[chunk_131|part:0] (collection=transfer_rules)\nمواد معياريه لبرامج كليه الاعمال: المحاسبه 1، التسويق، رياضيات الاعمال، الاحصاء.', '[chunk_017|part:0] (collection=transfer_rules)\nشروط التحويل: التحويل فصلي. اجتياز المحاسبه الماليه BUAC 111 (≥70)، رياضيات الاعمال SCMT 110 (≥80).', '[chunk_016|part:0] (collection=transfer_rules)\nكليه الاعمال – برامج التحويل: المحاسبه (علمي).', '[chunk_061|part:0] (collection=transfer_rules)\nمواد معياريه لبرامج الاعمال تشمل: المحاسبه 1، الرياضيات، الاحصاء، التسويق.', '[chunk_121|part:0] (collection=transfer_rules)\nالمواد المعياريه هي مقررات مشتركه تهدف لقياس استعداد الطالب للتحويل وقد تختلف بحسب التخصص.', '[chunk_055|part:0] (collection=transfer_rules)\nالمواد المعياريه هي مقررات اساسيه يشترط اجتيازها للتحويل لبعض البرامج.', '[major:MAJ_accounting|row:20] (collection=specialization)\nالتخصص: محاسبه معرف التخصص: MAJ_accounting الكليه: كليه الاعمال معرف الكليه: COL_business الساعات المطلوبه قبل التخصيص: 27 المتطلبات: BUAC 111, SCMT 110, SCST 121', '[page:38|article:1|part:0] (collection=regulations)\nرقم الصفحه: 38 العنوان: القاعده التنفيذيه للماده الثامنه و الاربعون المحتوي: بناءً علي الماده الثامنه والاربعين من اللائحه، تُحدد الشروط الاضافيه التاليه للتحويل من تخصص الي اخر داخل الكليه: 1) ان لا يقل المعدل التراكمي للطالب عن (3 من 5). 2) ان يكون التحويل مره واحده فقط. 3) ان لا يكون قد درس في تخصصه ما يزيد عن نصف متطلبات التخرج. 4) لعماده القبول والتسجيل بالتنسيق مع الكليه النظر في الحالات الاستثنائيه. 5) تقدم طلبات التحويل في الفتره المحدده في التقويم الجامعي لدي عماده القبول والتسجيل، وتعلن نتائج المقبولين طبقاً للمعايير والشروط والسعه التي تحددها الاقسام. 6) الا يكون الانتقال من قسم يتطلب السنه التحضيريه للعلوم الطبيعيه الي قسم يتطلب السنه التحضيريه للعلوم الانسانيه والعكس صحيح، ويُستثني من ذلك الاقسام التي تقبل المسارين المعتمدين في الخطط الدراسيه.', '[chunk_127|part:0] (collection=transfer_rules)\nمواد معياريه للهندسه: الرياضيات، الفيزياء، الكيمياء، مهارات الحاسب.', '[page:37|article:1|part:0] (collection=regulations)\nرقم الصفحه: 37 العنوان: القاعده التنفيذيه للماده السادسه و الاربعون المحتوي: بناءً علي الماده السادسه والاربعين من اللائحه، تُحدد الشروط الاضافيه التاليه للتحويل من كليه الي اخري داخل الجامعه: 1) ان يكون الطالب مستوفياً لشروط التحويل في الكليه المحول اليها. 2) ان تكون حاله الطالب فعال في السجل الاكاديمي، ولا يقبل التحويل للطالب المعتذر او المؤجل او المنقطع. 3) ان يكون التحويل لمره واحده فقط. 4) الا يكون قد درس في تخصصه ما يزيد عن نصف متطلبات التخرج، ويُستثني من ذلك الطالب المحول من الكليات التي يشترط المعدل التراكمي 3 من 5 جيد كحد ادني للتخرج. 5) تتم معالجه طلبات التحويل في الفتره المحدده في التقويم الجامعي لدي عماده القبول والتسجيل، وتعلن نتائج المقبولين طبقاً للمعايير والشروط التي تحددها الكليه للمفاضله بين الطلاب، والسعه التي تحددها الكليه.']","المواد المعيارية المطلوبة للتحويل إلى المحاسبة في كلية الأعمال هي:

1. المحاسبة 1
2. التسويق
3. رياضيات الأعمال
4. الإحصاء

بالإضافة إلى ذلك، يجب اجتياز المقررات التالية:
- المحاسبة المالية BUAC 111 (بمعدل ≥ 70)
- رياضيات الأعمال SCMT 110 (بمعدل ≥ 80)",للتحويل إلى المحاسبة في كلية الأعمال يشترط اجتياز المحاسبة المالية BUAC 111 بدرجة 70 فأعلى ورياضيات الأعمال SCMT 110 بدرجة 80 فأعلى.,0.9780359292412376,0.4761904761746032,0.5714285714285714,1.0
ما شروط التحويل إلى المالية والاقتصاد في كلية الأعمال؟,للتحويل إلى المالية والاقتصاد يشترط عادة SCMT 110 بدرجة 80 فأعلى وSCST 121 بدرجة 80 فأعلى وBUFE 121 بدرجة 70 فأعلى.,"شروط التحويل إلى تخصص المالية والاقتصاد في كلية الأعمال هي كالتالي:

1. اجتياز مادة رياضيات الأعمال (SCMT 110) بمعدل لا يقل عن 80.
2. اجتياز مادة الإحصاء (SCST 121) بمعدل لا يقل عن 80.
3. اجتياز مادة مبادئ المالية (BUFE 121) بمعدل لا يقل عن 70.

بالإضافة إلى ذلك، يجب على الطالب أن يكون مستوفياً للشروط العامة للتحويل، مثل أن يكون في حالة فعالة في السجل الأكاديمي، وألا يكون قد درس في تخصصه ما يزيد عن نصف متطلبات التخرج.","['[chunk_017|part:0] (collection=transfer_rules)\nشروط التحويل: التحويل فصلي. اجتياز المحاسبه الماليه BUAC 111 (≥70)، رياضيات الاعمال SCMT 110 (≥80).', '[chunk_018|part:0] (collection=transfer_rules)\nبرنامج الماليه والاقتصاد (علمي) – شروط التحويل: SCMT 110 (≥80)، SCST 121 (≥80)، BUFE 121 (≥70).', '[chunk_016|part:0] (collection=transfer_rules)\nكليه الاعمال – برامج التحويل: المحاسبه (علمي).', '[major:MAJ_finance|row:21] (collection=specialization)\nالتخصص: الماليه والاقتصاد معرف التخصص: MAJ_finance الكليه: كليه الاعمال معرف الكليه: COL_business الساعات المطلوبه قبل التخصيص: 27 المتطلبات: SCMT 110, SCST 121, BUFE 121', '[chunk_020|part:0] (collection=transfer_rules)\nاداره الاعمال (علمي–انساني) – شرط التحويل: اجتياز BUBA 111.', '[page:37|article:1|part:0] (collection=regulations)\nرقم الصفحه: 37 العنوان: القاعده التنفيذيه للماده السادسه و الاربعون المحتوي: بناءً علي الماده السادسه والاربعين من اللائحه، تُحدد الشروط الاضافيه التاليه للتحويل من كليه الي اخري داخل الجامعه: 1) ان يكون الطالب مستوفياً لشروط التحويل في الكليه المحول اليها. 2) ان تكون حاله الطالب فعال في السجل الاكاديمي، ولا يقبل التحويل للطالب المعتذر او المؤجل او المنقطع. 3) ان يكون التحويل لمره واحده فقط. 4) الا يكون قد درس في تخصصه ما يزيد عن نصف متطلبات التخرج، ويُستثني من ذلك الطالب المحول من الكليات التي يشترط المعدل التراكمي 3 من 5 جيد كحد ادني للتخرج. 5) تتم معالجه طلبات التحويل في الفتره المحدده في التقويم الجامعي لدي عماده القبول والتسجيل، وتعلن نتائج المقبولين طبقاً للمعايير والشروط التي تحددها الكليه للمفاضله بين الطلاب، والسعه التي تحددها الكليه.', '[page:38|article:1|part:0] (collection=regulations)\nرقم الصفحه: 38 العنوان: القاعده التنفيذيه للماده الثامنه و الاربعون المحتوي: بناءً علي الماده الثامنه والاربعين من اللائحه، تُحدد الشروط الاضافيه التاليه للتحويل من تخصص الي اخر داخل الكليه: 1) ان لا يقل المعدل التراكمي للطالب عن (3 من 5). 2) ان يكون التحويل مره واحده فقط. 3) ان لا يكون قد درس في تخصصه ما يزيد عن نصف متطلبات التخرج. 4) لعماده القبول والتسجيل بالتنسيق مع الكليه النظر في الحالات الاستثنائيه. 5) تقدم طلبات التحويل في الفتره المحدده في التقويم الجامعي لدي عماده القبول والتسجيل، وتعلن نتائج المقبولين طبقاً للمعايير والشروط والسعه التي تحددها الاقسام. 6) الا يكون الانتقال من قسم يتطلب السنه التحضيريه للعلوم الطبيعيه الي قسم يتطلب السنه التحضيريه للعلوم الانسانيه والعكس صحيح، ويُستثني من ذلك الاقسام التي تقبل المسارين المعتمدين في الخطط الدراسيه.', '[chunk_131|part:0] (collection=transfer_rules)\nمواد معياريه لبرامج كليه الاعمال: المحاسبه 1، التسويق، رياضيات الاعمال، الاحصاء.', '[college:COL_business|row:7] (collection=specialization)\nكليه: كليه الاعمال معرف الكليه: COL_business التخصصات التابعه: محاسبه, الماليه والاقتصاد, اداره سلسله الامداد, اداره الاعمال (علمي), اداره الاعمال (انساني), اداره الخدمات الصحيه والمستشفيات, اداره الموارد البشريه, اداره نظم المعلومات, التسويق', '[major:MAJ_accounting|row:20] (collection=specialization)\nالتخصص: محاسبه معرف التخصص: MAJ_accounting الكليه: كليه الاعمال معرف الكليه: COL_business الساعات المطلوبه قبل التخصيص: 27 المتطلبات: BUAC 111, SCMT 110, SCST 121']",10,True,False,False,True,ما شروط التحويل إلى المالية والاقتصاد في كلية الأعمال؟,,[],,Q017,transfer_rules,business,medium,Tahweelchunks college_business,Tahweelchunks.json | college_business,ما شروط التحويل إلى المالية والاقتصاد في كلية الأعمال؟,"['[chunk_017|part:0] (collection=transfer_rules)\nشروط التحويل: التحويل فصلي. اجتياز المحاسبه الماليه BUAC 111 (≥70)، رياضيات الاعمال SCMT 110 (≥80).', '[chunk_018|part:0] (collection=transfer_rules)\nبرنامج الماليه والاقتصاد (علمي) – شروط التحويل: SCMT 110 (≥80)، SCST 121 (≥80)، BUFE 121 (≥70).', '[chunk_016|part:0] (collection=transfer_rules)\nكليه الاعمال – برامج التحويل: المحاسبه (علمي).', '[major:MAJ_finance|row:21] (collection=specialization)\nالتخصص: الماليه والاقتصاد معرف التخصص: MAJ_finance الكليه: كليه الاعمال معرف الكليه: COL_business الساعات المطلوبه قبل التخصيص: 27 المتطلبات: SCMT 110, SCST 121, BUFE 121', '[chunk_020|part:0] (collection=transfer_rules)\nاداره الاعمال (علمي–انساني) – شرط التحويل: اجتياز BUBA 111.', '[page:37|article:1|part:0] (collection=regulations)\nرقم الصفحه: 37 العنوان: القاعده التنفيذيه للماده السادسه و الاربعون المحتوي: بناءً علي الماده السادسه والاربعين من اللائحه، تُحدد الشروط الاضافيه التاليه للتحويل من كليه الي اخري داخل الجامعه: 1) ان يكون الطالب مستوفياً لشروط التحويل في الكليه المحول اليها. 2) ان تكون حاله الطالب فعال في السجل الاكاديمي، ولا يقبل التحويل للطالب المعتذر او المؤجل او المنقطع. 3) ان يكون التحويل لمره واحده فقط. 4) الا يكون قد درس في تخصصه ما يزيد عن نصف متطلبات التخرج، ويُستثني من ذلك الطالب المحول من الكليات التي يشترط المعدل التراكمي 3 من 5 جيد كحد ادني للتخرج. 5) تتم معالجه طلبات التحويل في الفتره المحدده في التقويم الجامعي لدي عماده القبول والتسجيل، وتعلن نتائج المقبولين طبقاً للمعايير والشروط التي تحددها الكليه للمفاضله بين الطلاب، والسعه التي تحددها الكليه.', '[page:38|article:1|part:0] (collection=regulations)\nرقم الصفحه: 38 العنوان: القاعده التنفيذيه للماده الثامنه و الاربعون المحتوي: بناءً علي الماده الثامنه والاربعين من اللائحه، تُحدد الشروط الاضافيه التاليه للتحويل من تخصص الي اخر داخل الكليه: 1) ان لا يقل المعدل التراكمي للطالب عن (3 من 5). 2) ان يكون التحويل مره واحده فقط. 3) ان لا يكون قد درس في تخصصه ما يزيد عن نصف متطلبات التخرج. 4) لعماده القبول والتسجيل بالتنسيق مع الكليه النظر في الحالات الاستثنائيه. 5) تقدم طلبات التحويل في الفتره المحدده في التقويم الجامعي لدي عماده القبول والتسجيل، وتعلن نتائج المقبولين طبقاً للمعايير والشروط والسعه التي تحددها الاقسام. 6) الا يكون الانتقال من قسم يتطلب السنه التحضيريه للعلوم الطبيعيه الي قسم يتطلب السنه التحضيريه للعلوم الانسانيه والعكس صحيح، ويُستثني من ذلك الاقسام التي تقبل المسارين المعتمدين في الخطط الدراسيه.', '[chunk_131|part:0] (collection=transfer_rules)\nمواد معياريه لبرامج كليه الاعمال: المحاسبه 1، التسويق، رياضيات الاعمال، الاحصاء.', '[college:COL_business|row:7] (collection=specialization)\nكليه: كليه الاعمال معرف الكليه: COL_business التخصصات التابعه: محاسبه, الماليه والاقتصاد, اداره سلسله الامداد, اداره الاعمال (علمي), اداره الاعمال (انساني), اداره الخدمات الصحيه والمستشفيات, اداره الموارد البشريه, اداره نظم المعلومات, التسويق', '[major:MAJ_accounting|row:20] (collection=specialization)\nالتخصص: محاسبه معرف التخصص: MAJ_accounting الكليه: كليه الاعمال معرف الكليه: COL_business الساعات المطلوبه قبل التخصيص: 27 المتطلبات: BUAC 111, SCMT 110, SCST 121']","شروط التحويل إلى تخصص المالية والاقتصاد في كلية الأعمال هي كالتالي:

1. اجتياز مادة رياضيات الأعمال (SCMT 110) بمعدل لا يقل عن 80.
2. اجتياز مادة الإحصاء (SCST 121) بمعدل لا يقل عن 80.
3. اجتياز مادة مبادئ المالية (BUFE 121) بمعدل لا يقل عن 70.

بالإضافة إلى ذلك، يجب على الطالب أن يكون مستوفياً للشروط العامة للتحويل، مثل أن يكون في حالة فعالة في السجل الأكاديمي، وألا يكون قد درس في تخصصه ما يزيد عن نصف متطلبات التخرج.",للتحويل إلى المالية والاقتصاد يشترط عادة SCMT 110 بدرجة 80 فأعلى وSCST 121 بدرجة 80 فأعلى وBUFE 121 بدرجة 70 فأعلى.,0.9143405328622686,0.499999999975,1.0,1.0
هل تخصصات كلية التصاميم والفنون تتطلب مواد معيارية أو ملف أعمال؟,نعم، بعض تخصصات كلية التصاميم والفنون تتطلب مواد معيارية، وبعضها قد يتطلب ملف أعمال بحسب البرنامج.,تخصصات كلية التصاميم والفنون تتطلب تقديم ملف أعمال يُعرض على لجنة فنية.,"['[chunk_153|part:0] (collection=transfer_rules)\nتخصصات التصميم والفنون تتطلب ملف اعمال يُعرض علي لجنه فنيه.', '[chunk_085|part:0] (collection=transfer_rules)\nبرامج التصميم والفنون تشترط تقديم ملف اعمال.', '[major:MAJ_arts_humanities|row:19] (collection=specialization)\nالتخصص: الرسم والفنون (انساني) معرف التخصص: MAJ_arts_humanities الكليه: كليه التصاميم والفنون معرف الكليه: COL_design الساعات المطلوبه قبل التخصيص: غير مذكوره المتطلبات: غير مذكوره في هذا المصدر', '[chunk_202|part:0] (collection=transfer_rules)\nبرامج التصميم تشترط ملف اعمال يتم مراجعته من قبل لجنه فنيه مختصه.', '[chunk_131|part:0] (collection=transfer_rules)\nمواد معياريه لبرامج كليه الاعمال: المحاسبه 1، التسويق، رياضيات الاعمال، الاحصاء.', '[chunk_127|part:0] (collection=transfer_rules)\nمواد معياريه للهندسه: الرياضيات، الفيزياء، الكيمياء، مهارات الحاسب.', '[chunk_154|part:0] (collection=transfer_rules)\nتخصصات التصميم تشترط تقييم المهارات الابداعيه للطالب.', '[chunk_029|part:0] (collection=transfer_rules)\nكليه التصاميم والفنون – برامج: التصميم الداخلي، تصميم الازياء، تصميم الجرافيك، الرسم والفنون.', '[college:COL_design|row:6] (collection=specialization)\nكليه: كليه التصاميم والفنون معرف الكليه: COL_design التخصصات التابعه: التصميم الداخلي (علمي), تصميم الازياء (علمي), تصميم الجرافيك (علمي), الرسم والفنون (انساني)', '[chunk_057|part:0] (collection=transfer_rules)\nمواد معياريه للهندسه: الفيزياء العامه، الرياضيات، الكيمياء العامه.']",10,True,False,False,True,هل تخصصات كلية التصاميم والفنون تتطلب مواد معيارية أو ملف أعمال؟,,[],,Q018,transfer_rules,design,hard,Tahweelchunks college_design/program_specific,Tahweelchunks.json | college_design / program_specific,هل تخصصات كلية التصاميم والفنون تتطلب مواد معيارية أو ملف أعمال؟,"['[chunk_153|part:0] (collection=transfer_rules)\nتخصصات التصميم والفنون تتطلب ملف اعمال يُعرض علي لجنه فنيه.', '[chunk_085|part:0] (collection=transfer_rules)\nبرامج التصميم والفنون تشترط تقديم ملف اعمال.', '[major:MAJ_arts_humanities|row:19] (collection=specialization)\nالتخصص: الرسم والفنون (انساني) معرف التخصص: MAJ_arts_humanities الكليه: كليه التصاميم والفنون معرف الكليه: COL_design الساعات المطلوبه قبل التخصيص: غير مذكوره المتطلبات: غير مذكوره في هذا المصدر', '[chunk_202|part:0] (collection=transfer_rules)\nبرامج التصميم تشترط ملف اعمال يتم مراجعته من قبل لجنه فنيه مختصه.', '[chunk_131|part:0] (collection=transfer_rules)\nمواد معياريه لبرامج كليه الاعمال: المحاسبه 1، التسويق، رياضيات الاعمال، الاحصاء.', '[chunk_127|part:0] (collection=transfer_rules)\nمواد معياريه للهندسه: الرياضيات، الفيزياء، الكيمياء، مهارات الحاسب.', '[chunk_154|part:0] (collection=transfer_rules)\nتخصصات التصميم تشترط تقييم المهارات الابداعيه للطالب.', '[chunk_029|part:0] (collection=transfer_rules)\nكليه التصاميم والفنون – برامج: التصميم الداخلي، تصميم الازياء، تصميم الجرافيك، الرسم والفنون.', '[college:COL_design|row:6] (collection=specialization)\nكليه: كليه التصاميم والفنون معرف الكليه: COL_design التخصصات التابعه: التصميم الداخلي (علمي), تصميم الازياء (علمي), تصميم الجرافيك (علمي), الرسم والفنون (انساني)', '[chunk_057|part:0] (collection=transfer_rules)\nمواد معياريه للهندسه: الفيزياء العامه، الرياضيات، الكيمياء العامه.']",تخصصات كلية التصاميم والفنون تتطلب تقديم ملف أعمال يُعرض على لجنة فنية.,نعم، بعض تخصصات كلية التصاميم والفنون تتطلب مواد معيارية، وبعضها قد يتطلب ملف أعمال بحسب البرنامج.,0.7500123491770233,0.8917233559963313,1.0,1.0
هل تتم معادلة المقررات بعد التحويل إذا كانت الدرجة أقل من D؟,لا، لا تتم معادلة المقررات التي حصل فيها الطالب على درجة أقل من D.,لا تتم معادلة المقررات التي حصل فيها الطالب على درجة أقل من D.,"['[chunk_074|part:0] (collection=transfer_rules)\nلا تتم المعادله للمواد التي حصل فيها الطالب علي درجه اقل من D.', '[chunk_142|part:0] (collection=transfer_rules)\nلا تعادل المواد التي حصل فيها الطالب علي درجه اقل من D.', '[chunk_073|part:0] (collection=transfer_rules)\nقد يتم معادله بعض المقررات بعد التحويل اذا تطابقت مع الخطه الجديده.', '[page:22|article:19|part:0] (collection=regulations)\nرقم الصفحه: 22 رقم الماده: 19 العنوان: الماده التاسعه عشر النص الاساسي: يتخرج الطالب بعد انهاء متطلبات التخرج بنجاح حسب الخطه الدراسيه، علي الا يقل معدله التراكمي عن المعدل الذي يحدده مجلس الجامعه المعنيه لكل تخصص. علي الا يقل في كل الاحوال عن تقدير (مقبول). يجوز لمجلس الكليه بناءً علي توصيه القسم المختص تحديد مقررات مناسبه يدرسها الطالب لرفع معدله التراكمي، وذلك في حال نجاحه في المقررات ورسوبه في المعدل. القاعده التنفيذيه: القاعده التنفيذيه للماده التاسعه عشر بنود القاعده التنفيذيه: اولاً: يوافق مجلس الجامعه بان يكون معدل التخرج (٢.٠٠ من ٥) (تقدير مقبول كحد ادني) في كل التخصصات باستثناء: تخصصات كليه الهندسه وكليه علوم وهندسه الحاسبات علي ان يكون معدل التخرج (٢.٧٥ من ٥) (تقدير جيد كحد ادني). ثانياً: يراعي مجلس الجامعه علي تطبيق القواعد التاليه لتنفيذ الفقره (اولاً) من هذا القرار: ١) يطبق اللائحه علي الطلاب المستجدين في تخصصات الكليات المذكوره بفقره (١) من كليات واقسام معينه ضروريه توعيه الطلاب بالحد الادني لمعدل التخرج.', '[page:38|article:1|part:0] (collection=regulations)\nرقم الصفحه: 38 العنوان: القاعده التنفيذيه للماده الثامنه و الاربعون المحتوي: بناءً علي الماده الثامنه والاربعين من اللائحه، تُحدد الشروط الاضافيه التاليه للتحويل من تخصص الي اخر داخل الكليه: 1) ان لا يقل المعدل التراكمي للطالب عن (3 من 5). 2) ان يكون التحويل مره واحده فقط. 3) ان لا يكون قد درس في تخصصه ما يزيد عن نصف متطلبات التخرج. 4) لعماده القبول والتسجيل بالتنسيق مع الكليه النظر في الحالات الاستثنائيه. 5) تقدم طلبات التحويل في الفتره المحدده في التقويم الجامعي لدي عماده القبول والتسجيل، وتعلن نتائج المقبولين طبقاً للمعايير والشروط والسعه التي تحددها الاقسام. 6) الا يكون الانتقال من قسم يتطلب السنه التحضيريه للعلوم الطبيعيه الي قسم يتطلب السنه التحضيريه للعلوم الانسانيه والعكس صحيح، ويُستثني من ذلك الاقسام التي تقبل المسارين المعتمدين في الخطط الدراسيه.', '[page:26|article:2|part:0] (collection=regulations)\nرقم الصفحه: 26 العنوان: الماده الخامسه والعشرون المحتوي: يجوز لمجلس القسم الذي يتولي تدريس المقرر – بناءً علي توصيه مدرس الماده – السماح للطالب باستكمال متطلبات مقرر غير مكتمل (ل) او (IC) في الفصل الدراسي التالي، ويرصد للطالب في سجله الاكاديمي تقدير غير مكتمل (ل) او (IC)، ولا يُحسب ضمن المعدل الفصلي او التراكمي. التقدير الذي يحصل عليه الطالب بعد استكمال متطلبات ذلك المقرر يحل محل التقدير السابق. واذا مضي فصل دراسي كامل ولم يستكمل الطالب متطلبات المقرر الذي رصد له تقدير غير مكتمل (ل) او (IC)، فيسجل للطالب تقدير (ه) او (F)، ويحسب ضمن المعدل الفصلي والتراكمي.', '[page:11|article:8.1|part:0] (collection=regulations)\nرقم الصفحه: 11 رقم الماده: 8.1 العنوان: القاعده التنفيذيه للماده الثامنه البنود: ١. التحميل الدراسي ا) لا يُسجل الطالب في مقرر او اكثر يلزم بدراسه متطلباتها اذا ليس في المجموعه الحد الادني من الوحدات الدراسيه. ب) اذا لم يسجل الطالب في مقررات المستوي الواجب عليه اجتيازها بالكامل، يلزم بدراسه مقررات من المستويات التي تليه مستوي او مستوي واحد بشرط الا يتجاوز الحد الادني من الوحدات الدراسيه. ج) لمجلس الكليه النظر في دراسه مقررات اعلي من المستوي هنا ومقارنتها مع مقررات لازمه من المستويات التي تليه مستوي وفقاً لما يستدعيه الجدول. د) ان يكون تسجيل الطالب في المقررات تحت ضوابط قيود الخطه الدراسيه. ٢. الارتباط بالعبء الدراسي ا) لا يرتبط العبء الدراسي للطالب بمعدله التراكمي علي ان لا يقل عن الحد الادني ولا يزيد عن الحد الاقصي حسب قرار اللجنه الدائمه للقبول والتسجيل.', '[page:36|article:1|part:0] (collection=regulations)\nرقم الصفحه: 36 العنوان: القاعده التنفيذيه للماده الثالثه و الاربعون المحتوي: 1) يتقدم الطالب بطلب معادله المقررات الي الكليه، ثم بعد موافقه مجلس القسم يتم مخاطبه عماده القبول والتسجيل بطلب المعادله. 2) يتم معادله المقررات التي حصل فيها الطالب علي تقدير جيد (C) فاعلي، وان تكون مكافئه في عدد الساعات ومطابقه المحتوي في جامعه جده. 3) تتم معادله بعض المواد الدراسيه في حال اجتياز الطالب لاختبار التخصيص والمعتمد من الجامعه، كاختبارات التسريع الاكاديمي، وكذلك حصول الطالب علي شهادات عالميه، والتي تعتمدها الجامعه في المعادله ك IELTS او التوفل.', '[page:37|article:1|part:0] (collection=regulations)\nرقم الصفحه: 37 العنوان: القاعده التنفيذيه للماده السادسه و الاربعون المحتوي: بناءً علي الماده السادسه والاربعين من اللائحه، تُحدد الشروط الاضافيه التاليه للتحويل من كليه الي اخري داخل الجامعه: 1) ان يكون الطالب مستوفياً لشروط التحويل في الكليه المحول اليها. 2) ان تكون حاله الطالب فعال في السجل الاكاديمي، ولا يقبل التحويل للطالب المعتذر او المؤجل او المنقطع. 3) ان يكون التحويل لمره واحده فقط. 4) الا يكون قد درس في تخصصه ما يزيد عن نصف متطلبات التخرج، ويُستثني من ذلك الطالب المحول من الكليات التي يشترط المعدل التراكمي 3 من 5 جيد كحد ادني للتخرج. 5) تتم معالجه طلبات التحويل في الفتره المحدده في التقويم الجامعي لدي عماده القبول والتسجيل، وتعلن نتائج المقبولين طبقاً للمعايير والشروط التي تحددها الكليه للمفاضله بين الطلاب، والسعه التي تحددها الكليه.', '[section:general_requirements|part:0] (collection=specialization)\ngeneral_requirements: - ان يكون الطالب/ه قد انهي فصول الخطه الدراسيه المحدده له - استيفاء جميع الشروط الخاصه بالتخصص - يكون التخصيص مفاضله حسب المعدلات والمقاعد المتاحه']",10,True,False,False,True,هل تتم معادلة المقررات بعد التحويل إذا كانت الدرجة أقل من D؟,,[],,Q019,transfer_rules,equivalency,easy,Tahweelchunks equivalency,Tahweelchunks.json | course_equivalency,هل تتم معادلة المقررات بعد التحويل إذا كانت الدرجة أقل من D؟,"['[chunk_074|part:0] (collection=transfer_rules)\nلا تتم المعادله للمواد التي حصل فيها الطالب علي درجه اقل من D.', '[chunk_142|part:0] (collection=transfer_rules)\nلا تعادل المواد التي حصل فيها الطالب علي درجه اقل من D.', '[chunk_073|part:0] (collection=transfer_rules)\nقد يتم معادله بعض المقررات بعد التحويل اذا تطابقت مع الخطه الجديده.', '[page:22|article:19|part:0] (collection=regulations)\nرقم الصفحه: 22 رقم الماده: 19 العنوان: الماده التاسعه عشر النص الاساسي: يتخرج الطالب بعد انهاء متطلبات التخرج بنجاح حسب الخطه الدراسيه، علي الا يقل معدله التراكمي عن المعدل الذي يحدده مجلس الجامعه المعنيه لكل تخصص. علي الا يقل في كل الاحوال عن تقدير (مقبول). يجوز لمجلس الكليه بناءً علي توصيه القسم المختص تحديد مقررات مناسبه يدرسها الطالب لرفع معدله التراكمي، وذلك في حال نجاحه في المقررات ورسوبه في المعدل. القاعده التنفيذيه: القاعده التنفيذيه للماده التاسعه عشر بنود القاعده التنفيذيه: اولاً: يوافق مجلس الجامعه بان يكون معدل التخرج (٢.٠٠ من ٥) (تقدير مقبول كحد ادني) في كل التخصصات باستثناء: تخصصات كليه الهندسه وكليه علوم وهندسه الحاسبات علي ان يكون معدل التخرج (٢.٧٥ من ٥) (تقدير جيد كحد ادني). ثانياً: يراعي مجلس الجامعه علي تطبيق القواعد التاليه لتنفيذ الفقره (اولاً) من هذا القرار: ١) يطبق اللائحه علي الطلاب المستجدين في تخصصات الكليات المذكوره بفقره (١) من كليات واقسام معينه ضروريه توعيه الطلاب بالحد الادني لمعدل التخرج.', '[page:38|article:1|part:0] (collection=regulations)\nرقم الصفحه: 38 العنوان: القاعده التنفيذيه للماده الثامنه و الاربعون المحتوي: بناءً علي الماده الثامنه والاربعين من اللائحه، تُحدد الشروط الاضافيه التاليه للتحويل من تخصص الي اخر داخل الكليه: 1) ان لا يقل المعدل التراكمي للطالب عن (3 من 5). 2) ان يكون التحويل مره واحده فقط. 3) ان لا يكون قد درس في تخصصه ما يزيد عن نصف متطلبات التخرج. 4) لعماده القبول والتسجيل بالتنسيق مع الكليه النظر في الحالات الاستثنائيه. 5) تقدم طلبات التحويل في الفتره المحدده في التقويم الجامعي لدي عماده القبول والتسجيل، وتعلن نتائج المقبولين طبقاً للمعايير والشروط والسعه التي تحددها الاقسام. 6) الا يكون الانتقال من قسم يتطلب السنه التحضيريه للعلوم الطبيعيه الي قسم يتطلب السنه التحضيريه للعلوم الانسانيه والعكس صحيح، ويُستثني من ذلك الاقسام التي تقبل المسارين المعتمدين في الخطط الدراسيه.', '[page:26|article:2|part:0] (collection=regulations)\nرقم الصفحه: 26 العنوان: الماده الخامسه والعشرون المحتوي: يجوز لمجلس القسم الذي يتولي تدريس المقرر – بناءً علي توصيه مدرس الماده – السماح للطالب باستكمال متطلبات مقرر غير مكتمل (ل) او (IC) في الفصل الدراسي التالي، ويرصد للطالب في سجله الاكاديمي تقدير غير مكتمل (ل) او (IC)، ولا يُحسب ضمن المعدل الفصلي او التراكمي. التقدير الذي يحصل عليه الطالب بعد استكمال متطلبات ذلك المقرر يحل محل التقدير السابق. واذا مضي فصل دراسي كامل ولم يستكمل الطالب متطلبات المقرر الذي رصد له تقدير غير مكتمل (ل) او (IC)، فيسجل للطالب تقدير (ه) او (F)، ويحسب ضمن المعدل الفصلي والتراكمي.', '[page:11|article:8.1|part:0] (collection=regulations)\nرقم الصفحه: 11 رقم الماده: 8.1 العنوان: القاعده التنفيذيه للماده الثامنه البنود: ١. التحميل الدراسي ا) لا يُسجل الطالب في مقرر او اكثر يلزم بدراسه متطلباتها اذا ليس في المجموعه الحد الادني من الوحدات الدراسيه. ب) اذا لم يسجل الطالب في مقررات المستوي الواجب عليه اجتيازها بالكامل، يلزم بدراسه مقررات من المستويات التي تليه مستوي او مستوي واحد بشرط الا يتجاوز الحد الادني من الوحدات الدراسيه. ج) لمجلس الكليه النظر في دراسه مقررات اعلي من المستوي هنا ومقارنتها مع مقررات لازمه من المستويات التي تليه مستوي وفقاً لما يستدعيه الجدول. د) ان يكون تسجيل الطالب في المقررات تحت ضوابط قيود الخطه الدراسيه. ٢. الارتباط بالعبء الدراسي ا) لا يرتبط العبء الدراسي للطالب بمعدله التراكمي علي ان لا يقل عن الحد الادني ولا يزيد عن الحد الاقصي حسب قرار اللجنه الدائمه للقبول والتسجيل.', '[page:36|article:1|part:0] (collection=regulations)\nرقم الصفحه: 36 العنوان: القاعده التنفيذيه للماده الثالثه و الاربعون المحتوي: 1) يتقدم الطالب بطلب معادله المقررات الي الكليه، ثم بعد موافقه مجلس القسم يتم مخاطبه عماده القبول والتسجيل بطلب المعادله. 2) يتم معادله المقررات التي حصل فيها الطالب علي تقدير جيد (C) فاعلي، وان تكون مكافئه في عدد الساعات ومطابقه المحتوي في جامعه جده. 3) تتم معادله بعض المواد الدراسيه في حال اجتياز الطالب لاختبار التخصيص والمعتمد من الجامعه، كاختبارات التسريع الاكاديمي، وكذلك حصول الطالب علي شهادات عالميه، والتي تعتمدها الجامعه في المعادله ك IELTS او التوفل.', '[page:37|article:1|part:0] (collection=regulations)\nرقم الصفحه: 37 العنوان: القاعده التنفيذيه للماده السادسه و الاربعون المحتوي: بناءً علي الماده السادسه والاربعين من اللائحه، تُحدد الشروط الاضافيه التاليه للتحويل من كليه الي اخري داخل الجامعه: 1) ان يكون الطالب مستوفياً لشروط التحويل في الكليه المحول اليها. 2) ان تكون حاله الطالب فعال في السجل الاكاديمي، ولا يقبل التحويل للطالب المعتذر او المؤجل او المنقطع. 3) ان يكون التحويل لمره واحده فقط. 4) الا يكون قد درس في تخصصه ما يزيد عن نصف متطلبات التخرج، ويُستثني من ذلك الطالب المحول من الكليات التي يشترط المعدل التراكمي 3 من 5 جيد كحد ادني للتخرج. 5) تتم معالجه طلبات التحويل في الفتره المحدده في التقويم الجامعي لدي عماده القبول والتسجيل، وتعلن نتائج المقبولين طبقاً للمعايير والشروط التي تحددها الكليه للمفاضله بين الطلاب، والسعه التي تحددها الكليه.', '[section:general_requirements|part:0] (collection=specialization)\ngeneral_requirements: - ان يكون الطالب/ه قد انهي فصول الخطه الدراسيه المحدده له - استيفاء جميع الشروط الخاصه بالتخصص - يكون التخصيص مفاضله حسب المعدلات والمقاعد المتاحه']",لا تتم معادلة المقررات التي حصل فيها الطالب على درجة أقل من D.,لا، لا تتم معادلة المقررات التي حصل فيها الطالب على درجة أقل من D.,0.9210046449413632,0.8083900226641886,0.5,1.0
هل يمكن رفض طلب تحويل مكتمل بسبب السعة الاستيعابية؟,نعم، قد يُرفض طلب التحويل المكتمل إذا لم تتوفر سعة استيعابية في البرنامج.,نعم، يمكن رفض طلب التحويل المكتمل بسبب السعة الاستيعابية. التحويل يعتمد على السعة الاستيعابية لكل قسم، وقد تُرفض الطلبات المكتملة إذا كان البرنامج ممتلئًا.,"['[chunk_054|part:0] (collection=transfer_rules)\nالتحويل يعتمد علي السعه الاستيعابيه لكل قسم، وقد تُرفض طلبات مكتمله بسبب الامتلاء.', '[chunk_076|part:0] (collection=transfer_rules)\nالسعه الاستيعابيه عامل رئيسي في قبول او رفض التحويل.', '[chunk_145|part:0] (collection=transfer_rules)\nقد يُرفض الطلب حتي لو حقق الطالب الشروط بسبب امتلاء البرنامج.', '[chunk_077|part:0] (collection=transfer_rules)\nقد يتم ايقاف التحويل لبعض التخصصات لعام كامل.', '[chunk_182|part:0] (collection=transfer_rules)\nاختفاء خيار التحويل في النظام قد يعني انتهاء فتره التقديم.', '[chunk_144|part:0] (collection=transfer_rules)\nالسعه الاستيعابيه تحدد عدد الطلبه المقبولين للتحويل لكل برنامج.', '[chunk_238|part:0] (collection=transfer_rules)\nجميع شروط التحويل قابله للتحديث سنوياً وفق السعه الاستيعابيه.', '[page:37|article:1|part:0] (collection=regulations)\nرقم الصفحه: 37 العنوان: القاعده التنفيذيه للماده السادسه و الاربعون المحتوي: بناءً علي الماده السادسه والاربعين من اللائحه، تُحدد الشروط الاضافيه التاليه للتحويل من كليه الي اخري داخل الجامعه: 1) ان يكون الطالب مستوفياً لشروط التحويل في الكليه المحول اليها. 2) ان تكون حاله الطالب فعال في السجل الاكاديمي، ولا يقبل التحويل للطالب المعتذر او المؤجل او المنقطع. 3) ان يكون التحويل لمره واحده فقط. 4) الا يكون قد درس في تخصصه ما يزيد عن نصف متطلبات التخرج، ويُستثني من ذلك الطالب المحول من الكليات التي يشترط المعدل التراكمي 3 من 5 جيد كحد ادني للتخرج. 5) تتم معالجه طلبات التحويل في الفتره المحدده في التقويم الجامعي لدي عماده القبول والتسجيل، وتعلن نتائج المقبولين طبقاً للمعايير والشروط التي تحددها الكليه للمفاضله بين الطلاب، والسعه التي تحددها الكليه.', '[chunk_176|part:0] (collection=transfer_rules)\nتعلن بعض الكليات سعتها الاستيعابيه قبل بدايه فتره التحويل.', '[chunk_175|part:0] (collection=transfer_rules)\nقد يتم تعليق التحويل لبعض البرامج لعام دراسي كامل.']",10,True,False,False,True,هل يمكن رفض طلب تحويل مكتمل بسبب السعة الاستيعابية؟,,[],,Q020,transfer_rules,capacity,easy,Tahweelchunks capacity/general_rules,Tahweelchunks.json | capacity / capacity_rules,هل يمكن رفض طلب تحويل مكتمل بسبب السعة الاستيعابية؟,"['[chunk_054|part:0] (collection=transfer_rules)\nالتحويل يعتمد علي السعه الاستيعابيه لكل قسم، وقد تُرفض طلبات مكتمله بسبب الامتلاء.', '[chunk_076|part:0] (collection=transfer_rules)\nالسعه الاستيعابيه عامل رئيسي في قبول او رفض التحويل.', '[chunk_145|part:0] (collection=transfer_rules)\nقد يُرفض الطلب حتي لو حقق الطالب الشروط بسبب امتلاء البرنامج.', '[chunk_077|part:0] (collection=transfer_rules)\nقد يتم ايقاف التحويل لبعض التخصصات لعام كامل.', '[chunk_182|part:0] (collection=transfer_rules)\nاختفاء خيار التحويل في النظام قد يعني انتهاء فتره التقديم.', '[chunk_144|part:0] (collection=transfer_rules)\nالسعه الاستيعابيه تحدد عدد الطلبه المقبولين للتحويل لكل برنامج.', '[chunk_238|part:0] (collection=transfer_rules)\nجميع شروط التحويل قابله للتحديث سنوياً وفق السعه الاستيعابيه.', '[page:37|article:1|part:0] (collection=regulations)\nرقم الصفحه: 37 العنوان: القاعده التنفيذيه للماده السادسه و الاربعون المحتوي: بناءً علي الماده السادسه والاربعين من اللائحه، تُحدد الشروط الاضافيه التاليه للتحويل من كليه الي اخري داخل الجامعه: 1) ان يكون الطالب مستوفياً لشروط التحويل في الكليه المحول اليها. 2) ان تكون حاله الطالب فعال في السجل الاكاديمي، ولا يقبل التحويل للطالب المعتذر او المؤجل او المنقطع. 3) ان يكون التحويل لمره واحده فقط. 4) الا يكون قد درس في تخصصه ما يزيد عن نصف متطلبات التخرج، ويُستثني من ذلك الطالب المحول من الكليات التي يشترط المعدل التراكمي 3 من 5 جيد كحد ادني للتخرج. 5) تتم معالجه طلبات التحويل في الفتره المحدده في التقويم الجامعي لدي عماده القبول والتسجيل، وتعلن نتائج المقبولين طبقاً للمعايير والشروط التي تحددها الكليه للمفاضله بين الطلاب، والسعه التي تحددها الكليه.', '[chunk_176|part:0] (collection=transfer_rules)\nتعلن بعض الكليات سعتها الاستيعابيه قبل بدايه فتره التحويل.', '[chunk_175|part:0] (collection=transfer_rules)\nقد يتم تعليق التحويل لبعض البرامج لعام دراسي كامل.']",نعم، يمكن رفض طلب التحويل المكتمل بسبب السعة الاستيعابية. التحويل يعتمد على السعة الاستيعابية لكل قسم، وقد تُرفض الطلبات المكتملة إذا كان البرنامج ممتلئًا.,نعم، قد يُرفض طلب التحويل المكتمل إذا لم تتوفر سعة استيعابية في البرنامج.,0.9710986062487234,0.9282627865858059,1.0,1.0
كم إجمالي الساعات المعتمدة في برنامج الذكاء الاصطناعي؟,إجمالي الساعات المعتمدة في برنامج الذكاء الاصطناعي هو 164 ساعة.,إجمالي الساعات المعتمدة في برنامج بكالوريوس الذكاء الاصطناعي هو 164 ساعة.,"['[program:BS-ARIN-IT|level:4|summary] (collection=degree_plans)\nالخطه الدراسيه البرنامج (الكود): BS-ARIN-IT البرنامج (الاسم): الذكاء الاصطناعي البرنامج (الاسم الكامل): بكالوريوس الذكاء الاصطناعي المستوي (الكود): 4 المستوي (الاسم): المستوي 4 اجمالي ساعات البرنامج: 164 مقررات المستوي: - CECS 217 | تنظيم وتصميم الحاسب | 4 ساعات - CECS 218 | البرمجه المتقدمه | 4 ساعات - CECS 381 | تصميم وتحليل الخوارزميات | 3 ساعات - SCMT 212 | تفاضل و تكامل-3 | 3 ساعات - SCPH 211 | فيزياء عامه -2 | 4 ساعات', '[program:BS-ARIN-IT|level:5|summary] (collection=degree_plans)\nالخطه الدراسيه البرنامج (الكود): BS-ARIN-IT البرنامج (الاسم): الذكاء الاصطناعي البرنامج (الاسم الكامل): بكالوريوس الذكاء الاصطناعي المستوي (الكود): 5 المستوي (الاسم): المستوي 5 اجمالي ساعات البرنامج: 164 مقررات المستوي: - CEAI 281 | اساسيات الذكاء الاصطناعي | 4 ساعات - CEAI 311 | اسس تحليل البيانات | 4 ساعات - CECS 283 | نظم التشغيل | 3 ساعات - SCMT 221 | جبر خطي | 3 ساعات - SCST 310 | احتمالات تطبيقيه و نماذج عشوائيه | 3 ساعات', '[program:BS-ARIN-IT|level:3|summary] (collection=degree_plans)\nالخطه الدراسيه البرنامج (الكود): BS-ARIN-IT البرنامج (الاسم): الذكاء الاصطناعي البرنامج (الاسم الكامل): بكالوريوس الذكاء الاصطناعي المستوي (الكود): 3 المستوي (الاسم): المستوي 3 اجمالي ساعات البرنامج: 164 مقررات المستوي: - CECN 282 | تصميم المنطق الرقمي | 4 ساعات - CECS 281 | تراكيب البيانات | 4 ساعات - ELPR 220 | كتابه اكاديميه انجليزيه | 3 ساعات - ISLM 100 | ثقافه اسلاميه-1 | 2 ساعات - SCMT 211 | تفاضل و تكامل-2 | 3 ساعات - SCST 210 | احصاء عام -1 | 2 ساعات', '[program:BS-ARIN-IT|level:9|summary] (collection=degree_plans)\nالخطه الدراسيه البرنامج (الكود): BS-ARIN-IT البرنامج (الاسم): الذكاء الاصطناعي البرنامج (الاسم الكامل): بكالوريوس الذكاء الاصطناعي المستوي (الكود): 9 المستوي (الاسم): المستوي 9 اجمالي ساعات البرنامج: 164 مقررات المستوي: - CEAI 495 | مشروع تخرج-1 | 4 ساعات - CEAI 395 | تدريب تعاوني | 8 ساعات', '[program:BS-ARIN-IT|level:10|summary] (collection=degree_plans)\nالخطه الدراسيه البرنامج (الكود): BS-ARIN-IT البرنامج (الاسم): الذكاء الاصطناعي البرنامج (الاسم الكامل): بكالوريوس الذكاء الاصطناعي المستوي (الكود): 10 المستوي (الاسم): المستوي 10 اجمالي ساعات البرنامج: 164 مقررات المستوي: - CLAL 200 | مهارات لغويه-2 | 2 ساعات - ISLM 300 | ثقافه اسلاميه-3 | 3 ساعات - CEAI 496 | مشروع تخرج-2 | 4 ساعات - CEAI XXX | مقرر اختياري-2 | 3 ساعات - XXX | مقرر حر-2 | 4 ساعات - CEAI 423 | اخلاقيات وحوكمهالذكاء لاصطناعي | 3 ساعات', '[chunk_233|part:0] (collection=transfer_rules)\nيتم تحديث الخطه الدراسيه خلال 48 ساعه من القبول.', '[program:BS-ARIN-IT|level:8|summary] (collection=degree_plans)\nالخطه الدراسيه البرنامج (الكود): BS-ARIN-IT البرنامج (الاسم): الذكاء الاصطناعي البرنامج (الاسم الكامل): بكالوريوس الذكاء الاصطناعي المستوي (الكود): 8 المستوي (الاسم): المستوي 8 اجمالي ساعات البرنامج: 164 مقررات المستوي: - CEAI 392 | 1-الممارسه المهنيه | 3 ساعات - CEAI 421 | معالجه اللغه الطبيعيه | 3 ساعات - CEAI 422 | اساسيات الرؤيه الحاسوبيه | 3 ساعات - ISLM 200 | الثقافه الاسلاميه-2 | 3 ساعات - SCBI 100 | الاستدامه البيئيه | 2 ساعات - CEAI XXX | مقرر اختياري-1 | 3 ساعات - XXX | مقرر حر-1 | 4 ساعات', '[program:BS-ARIN-IT|level:2|summary] (collection=degree_plans)\nالخطه الدراسيه البرنامج (الكود): BS-ARIN-IT البرنامج (الاسم): الذكاء الاصطناعي البرنامج (الاسم الكامل): بكالوريوس الذكاء الاصطناعي المستوي (الكود): 2 المستوي (الاسم): المستوي 2 اجمالي ساعات البرنامج: 164 مقررات المستوي: - CECS 121 | برمجه شيئيه | 4 ساعات - CECS 122 | رياضيات متقدمه حاسوبيه | 3 ساعات - CEDS 124 | مقدمه قواعد البيانات | 3 ساعات - ELPR 140 | اللغه الانجليزيه-4 | 3 ساعات - SEPS 110 | مهارات الحياه الجامعيه و سوق العمل | 1 ساعات', '[program:BS-ARIN-IT|level:6|summary] (collection=degree_plans)\nالخطه الدراسيه البرنامج (الكود): BS-ARIN-IT البرنامج (الاسم): الذكاء الاصطناعي البرنامج (الاسم الكامل): بكالوريوس الذكاء الاصطناعي المستوي (الكود): 6 المستوي (الاسم): المستوي 6 اجمالي ساعات البرنامج: 164 مقررات المستوي: - CEAI 321 | مقدمه في تعلم الاله | 4 ساعات - CEAI 322 | اساسيات التحسين والبحوث | 3 ساعات - CECY 382 | اساسيات الامن السيبراني | 3 ساعات - CESW 281 | مبادئ هندسه البرمجيات | 4 ساعات - CLAL 100 | مهارات لغويه -1 | 4 ساعات', '[program:BS-ARIN-IT|level:7|summary] (collection=degree_plans)\nالخطه الدراسيه البرنامج (الكود): BS-ARIN-IT البرنامج (الاسم): الذكاء الاصطناعي البرنامج (الاسم الكامل): بكالوريوس الذكاء الاصطناعي المستوي (الكود): 7 المستوي (الاسم): المستوي 7 اجمالي ساعات البرنامج: 164 مقررات المستوي: - BCSC 100 | مقدمه في الاداره اللوجستيه | 2 ساعات - CEAI 411 | مقدمه في الروبوتات | 4 ساعات - CEAI 412 | التعلم العميق | 4 ساعات - CECN 381 | شبكات الحاسب | 4 ساعات - CESW 382 | اداره مشاريع البرمجيات | 4 ساعات']",10,True,False,False,True,كم إجمالي الساعات المعتمدة في برنامج الذكاء الاصطناعي؟,,[],,Q021,degree_plans,الذكاء الاصطناعي,easy,الذكاء الاصطناعي normalized,الذكاء الاصطناعي normalized JSON | total_credits,كم إجمالي الساعات المعتمدة في برنامج الذكاء الاصطناعي؟,"['[program:BS-ARIN-IT|level:4|summary] (collection=degree_plans)\nالخطه الدراسيه البرنامج (الكود): BS-ARIN-IT البرنامج (الاسم): الذكاء الاصطناعي البرنامج (الاسم الكامل): بكالوريوس الذكاء الاصطناعي المستوي (الكود): 4 المستوي (الاسم): المستوي 4 اجمالي ساعات البرنامج: 164 مقررات المستوي: - CECS 217 | تنظيم وتصميم الحاسب | 4 ساعات - CECS 218 | البرمجه المتقدمه | 4 ساعات - CECS 381 | تصميم وتحليل الخوارزميات | 3 ساعات - SCMT 212 | تفاضل و تكامل-3 | 3 ساعات - SCPH 211 | فيزياء عامه -2 | 4 ساعات', '[program:BS-ARIN-IT|level:5|summary] (collection=degree_plans)\nالخطه الدراسيه البرنامج (الكود): BS-ARIN-IT البرنامج (الاسم): الذكاء الاصطناعي البرنامج (الاسم الكامل): بكالوريوس الذكاء الاصطناعي المستوي (الكود): 5 المستوي (الاسم): المستوي 5 اجمالي ساعات البرنامج: 164 مقررات المستوي: - CEAI 281 | اساسيات الذكاء الاصطناعي | 4 ساعات - CEAI 311 | اسس تحليل البيانات | 4 ساعات - CECS 283 | نظم التشغيل | 3 ساعات - SCMT 221 | جبر خطي | 3 ساعات - SCST 310 | احتمالات تطبيقيه و نماذج عشوائيه | 3 ساعات', '[program:BS-ARIN-IT|level:3|summary] (collection=degree_plans)\nالخطه الدراسيه البرنامج (الكود): BS-ARIN-IT البرنامج (الاسم): الذكاء الاصطناعي البرنامج (الاسم الكامل): بكالوريوس الذكاء الاصطناعي المستوي (الكود): 3 المستوي (الاسم): المستوي 3 اجمالي ساعات البرنامج: 164 مقررات المستوي: - CECN 282 | تصميم المنطق الرقمي | 4 ساعات - CECS 281 | تراكيب البيانات | 4 ساعات - ELPR 220 | كتابه اكاديميه انجليزيه | 3 ساعات - ISLM 100 | ثقافه اسلاميه-1 | 2 ساعات - SCMT 211 | تفاضل و تكامل-2 | 3 ساعات - SCST 210 | احصاء عام -1 | 2 ساعات', '[program:BS-ARIN-IT|level:9|summary] (collection=degree_plans)\nالخطه الدراسيه البرنامج (الكود): BS-ARIN-IT البرنامج (الاسم): الذكاء الاصطناعي البرنامج (الاسم الكامل): بكالوريوس الذكاء الاصطناعي المستوي (الكود): 9 المستوي (الاسم): المستوي 9 اجمالي ساعات البرنامج: 164 مقررات المستوي: - CEAI 495 | مشروع تخرج-1 | 4 ساعات - CEAI 395 | تدريب تعاوني | 8 ساعات', '[program:BS-ARIN-IT|level:10|summary] (collection=degree_plans)\nالخطه الدراسيه البرنامج (الكود): BS-ARIN-IT البرنامج (الاسم): الذكاء الاصطناعي البرنامج (الاسم الكامل): بكالوريوس الذكاء الاصطناعي المستوي (الكود): 10 المستوي (الاسم): المستوي 10 اجمالي ساعات البرنامج: 164 مقررات المستوي: - CLAL 200 | مهارات لغويه-2 | 2 ساعات - ISLM 300 | ثقافه اسلاميه-3 | 3 ساعات - CEAI 496 | مشروع تخرج-2 | 4 ساعات - CEAI XXX | مقرر اختياري-2 | 3 ساعات - XXX | مقرر حر-2 | 4 ساعات - CEAI 423 | اخلاقيات وحوكمهالذكاء لاصطناعي | 3 ساعات', '[chunk_233|part:0] (collection=transfer_rules)\nيتم تحديث الخطه الدراسيه خلال 48 ساعه من القبول.', '[program:BS-ARIN-IT|level:8|summary] (collection=degree_plans)\nالخطه الدراسيه البرنامج (الكود): BS-ARIN-IT البرنامج (الاسم): الذكاء الاصطناعي البرنامج (الاسم الكامل): بكالوريوس الذكاء الاصطناعي المستوي (الكود): 8 المستوي (الاسم): المستوي 8 اجمالي ساعات البرنامج: 164 مقررات المستوي: - CEAI 392 | 1-الممارسه المهنيه | 3 ساعات - CEAI 421 | معالجه اللغه الطبيعيه | 3 ساعات - CEAI 422 | اساسيات الرؤيه الحاسوبيه | 3 ساعات - ISLM 200 | الثقافه الاسلاميه-2 | 3 ساعات - SCBI 100 | الاستدامه البيئيه | 2 ساعات - CEAI XXX | مقرر اختياري-1 | 3 ساعات - XXX | مقرر حر-1 | 4 ساعات', '[program:BS-ARIN-IT|level:2|summary] (collection=degree_plans)\nالخطه الدراسيه البرنامج (الكود): BS-ARIN-IT البرنامج (الاسم): الذكاء الاصطناعي البرنامج (الاسم الكامل): بكالوريوس الذكاء الاصطناعي المستوي (الكود): 2 المستوي (الاسم): المستوي 2 اجمالي ساعات البرنامج: 164 مقررات المستوي: - CECS 121 | برمجه شيئيه | 4 ساعات - CECS 122 | رياضيات متقدمه حاسوبيه | 3 ساعات - CEDS 124 | مقدمه قواعد البيانات | 3 ساعات - ELPR 140 | اللغه الانجليزيه-4 | 3 ساعات - SEPS 110 | مهارات الحياه الجامعيه و سوق العمل | 1 ساعات', '[program:BS-ARIN-IT|level:6|summary] (collection=degree_plans)\nالخطه الدراسيه البرنامج (الكود): BS-ARIN-IT البرنامج (الاسم): الذكاء الاصطناعي البرنامج (الاسم الكامل): بكالوريوس الذكاء الاصطناعي المستوي (الكود): 6 المستوي (الاسم): المستوي 6 اجمالي ساعات البرنامج: 164 مقررات المستوي: - CEAI 321 | مقدمه في تعلم الاله | 4 ساعات - CEAI 322 | اساسيات التحسين والبحوث | 3 ساعات - CECY 382 | اساسيات الامن السيبراني | 3 ساعات - CESW 281 | مبادئ هندسه البرمجيات | 4 ساعات - CLAL 100 | مهارات لغويه -1 | 4 ساعات', '[program:BS-ARIN-IT|level:7|summary] (collection=degree_plans)\nالخطه الدراسيه البرنامج (الكود): BS-ARIN-IT البرنامج (الاسم): الذكاء الاصطناعي البرنامج (الاسم الكامل): بكالوريوس الذكاء الاصطناعي المستوي (الكود): 7 المستوي (الاسم): المستوي 7 اجمالي ساعات البرنامج: 164 مقررات المستوي: - BCSC 100 | مقدمه في الاداره اللوجستيه | 2 ساعات - CEAI 411 | مقدمه في الروبوتات | 4 ساعات - CEAI 412 | التعلم العميق | 4 ساعات - CECN 381 | شبكات الحاسب | 4 ساعات - CESW 382 | اداره مشاريع البرمجيات | 4 ساعات']",إجمالي الساعات المعتمدة في برنامج بكالوريوس الذكاء الاصطناعي هو 164 ساعة.,إجمالي الساعات المعتمدة في برنامج الذكاء الاصطناعي هو 164 ساعة.,0.6505852817100692,0.9467813051041186,1.0,1.0
ما أول مقررات المستوى الأول في برنامج الذكاء الاصطناعي؟,أول مقررات المستوى الأول في برنامج الذكاء الاصطناعي هي: CECS 100 المهارات الرقمية، CECS 110 مهارات في برمجة، ELPR 130 اللغة الإنجليزية-1، SCMT 102 ثقافة وإسلام-1، SCPH 101 فيزياء عامة -1.,"أول مقررات المستوى الأول في برنامج الذكاء الاصطناعي هي:

1. CECS 100 - المهارات الرقمية (3 ساعات)
2. CECS 111 - مقدمة في برمجة (3 ساعات)
3. ELPR 130 - اللغة الإنجليزية-3 (3 ساعات)
4. SCMT 102 - تفاضل وتكامل-1 (3 ساعات)
5. SCPH 101 - فيزياء عامة-1 (3 ساعات)","['[program:BS-ARIN-IT|elective:CEAI 440|row:9] (collection=electives)\nمقرر اختياري البرنامج (الكود): BS-ARIN-IT البرنامج (الاسم): الذكاء الاصطناعي البرنامج (الاسم الكامل): بكالوريوس الذكاء الاصطناعي الكود: CEAI 440 الاسم عربي: نظريه الالعاب الاسم انجليزي: Algorithmic Game Theory and its Applications الوحدات: 4 المتطلبات السابقه (رموز): CECS 381 ملاحظات: Elective — can be taken at any level once prerequisites are met.', '[program:BS-ARIN-IT|level:5|summary] (collection=degree_plans)\nالخطه الدراسيه البرنامج (الكود): BS-ARIN-IT البرنامج (الاسم): الذكاء الاصطناعي البرنامج (الاسم الكامل): بكالوريوس الذكاء الاصطناعي المستوي (الكود): 5 المستوي (الاسم): المستوي 5 اجمالي ساعات البرنامج: 164 مقررات المستوي: - CEAI 281 | اساسيات الذكاء الاصطناعي | 4 ساعات - CEAI 311 | اسس تحليل البيانات | 4 ساعات - CECS 283 | نظم التشغيل | 3 ساعات - SCMT 221 | جبر خطي | 3 ساعات - SCST 310 | احتمالات تطبيقيه و نماذج عشوائيه | 3 ساعات', '[program:BS-ARIN-IT|level:4|summary] (collection=degree_plans)\nالخطه الدراسيه البرنامج (الكود): BS-ARIN-IT البرنامج (الاسم): الذكاء الاصطناعي البرنامج (الاسم الكامل): بكالوريوس الذكاء الاصطناعي المستوي (الكود): 4 المستوي (الاسم): المستوي 4 اجمالي ساعات البرنامج: 164 مقررات المستوي: - CECS 217 | تنظيم وتصميم الحاسب | 4 ساعات - CECS 218 | البرمجه المتقدمه | 4 ساعات - CECS 381 | تصميم وتحليل الخوارزميات | 3 ساعات - SCMT 212 | تفاضل و تكامل-3 | 3 ساعات - SCPH 211 | فيزياء عامه -2 | 4 ساعات', '[program:BS-ARIN-IT|level:3|summary] (collection=degree_plans)\nالخطه الدراسيه البرنامج (الكود): BS-ARIN-IT البرنامج (الاسم): الذكاء الاصطناعي البرنامج (الاسم الكامل): بكالوريوس الذكاء الاصطناعي المستوي (الكود): 3 المستوي (الاسم): المستوي 3 اجمالي ساعات البرنامج: 164 مقررات المستوي: - CECN 282 | تصميم المنطق الرقمي | 4 ساعات - CECS 281 | تراكيب البيانات | 4 ساعات - ELPR 220 | كتابه اكاديميه انجليزيه | 3 ساعات - ISLM 100 | ثقافه اسلاميه-1 | 2 ساعات - SCMT 211 | تفاضل و تكامل-2 | 3 ساعات - SCST 210 | احصاء عام -1 | 2 ساعات', '[chunk_129|part:0] (collection=transfer_rules)\nمواد معياريه لبرامج الذكاء الاصطناعي: SCMT 110 و ELPR 130 ومقرر مقدمه في البرمجه.', '[major:MAJ_ai|row:10] (collection=specialization)\nالتخصص: الذكاء الاصطناعي معرف التخصص: MAJ_ai الكليه: كليه علوم وهندسه الحاسب معرف الكليه: COL_computing الساعات المطلوبه قبل التخصيص: 27 المتطلبات: CECS 121, CECS 122', '[program:BS-ARIN-IT|level:1|summary] (collection=degree_plans)\nالخطه الدراسيه البرنامج (الكود): BS-ARIN-IT البرنامج (الاسم): الذكاء الاصطناعي البرنامج (الاسم الكامل): بكالوريوس الذكاء الاصطناعي المستوي (الكود): 1 المستوي (الاسم): المستوي 1 اجمالي ساعات البرنامج: 164 مقررات المستوي: - CECS 100 | المهارات الرقميه | 3 ساعات - CECS 111 | مقدمه في برمجه | 3 ساعات - ELPR 130 | اللغه الانجليزيه-3 | 3 ساعات - SCMT 102 | تفاضل و تكامل-1 | 3 ساعات - SCPH 101 | فيزياء عامه -1 | 3 ساعات', '[chunk_059|part:0] (collection=transfer_rules)\nمواد معياريه للذكاء الاصطناعي: SCMT 110 و ELPR 130 و مقرر برمجه.', '[row:22|part:0] (collection=coop_replies)\nتجربه تدريب تعاوني الجهه: Creative minds ضمن التخصص: نعم التقييم: مناسبه', '[program:BS-ARIN-IT|level:10|summary] (collection=degree_plans)\nالخطه الدراسيه البرنامج (الكود): BS-ARIN-IT البرنامج (الاسم): الذكاء الاصطناعي البرنامج (الاسم الكامل): بكالوريوس الذكاء الاصطناعي المستوي (الكود): 10 المستوي (الاسم): المستوي 10 اجمالي ساعات البرنامج: 164 مقررات المستوي: - CLAL 200 | مهارات لغويه-2 | 2 ساعات - ISLM 300 | ثقافه اسلاميه-3 | 3 ساعات - CEAI 496 | مشروع تخرج-2 | 4 ساعات - CEAI XXX | مقرر اختياري-2 | 3 ساعات - XXX | مقرر حر-2 | 4 ساعات - CEAI 423 | اخلاقيات وحوكمهالذكاء لاصطناعي | 3 ساعات']",10,True,False,False,True,ما أول مقررات المستوى الأول في برنامج الذكاء الاصطناعي؟,,[],,Q022,degree_plans,الذكاء الاصطناعي,easy,الذكاء الاصطناعي normalized,الذكاء الاصطناعي normalized JSON | level 1 courses,ما أول مقررات المستوى الأول في برنامج الذكاء الاصطناعي؟,"['[program:BS-ARIN-IT|elective:CEAI 440|row:9] (collection=electives)\nمقرر اختياري البرنامج (الكود): BS-ARIN-IT البرنامج (الاسم): الذكاء الاصطناعي البرنامج (الاسم الكامل): بكالوريوس الذكاء الاصطناعي الكود: CEAI 440 الاسم عربي: نظريه الالعاب الاسم انجليزي: Algorithmic Game Theory and its Applications الوحدات: 4 المتطلبات السابقه (رموز): CECS 381 ملاحظات: Elective — can be taken at any level once prerequisites are met.', '[program:BS-ARIN-IT|level:5|summary] (collection=degree_plans)\nالخطه الدراسيه البرنامج (الكود): BS-ARIN-IT البرنامج (الاسم): الذكاء الاصطناعي البرنامج (الاسم الكامل): بكالوريوس الذكاء الاصطناعي المستوي (الكود): 5 المستوي (الاسم): المستوي 5 اجمالي ساعات البرنامج: 164 مقررات المستوي: - CEAI 281 | اساسيات الذكاء الاصطناعي | 4 ساعات - CEAI 311 | اسس تحليل البيانات | 4 ساعات - CECS 283 | نظم التشغيل | 3 ساعات - SCMT 221 | جبر خطي | 3 ساعات - SCST 310 | احتمالات تطبيقيه و نماذج عشوائيه | 3 ساعات', '[program:BS-ARIN-IT|level:4|summary] (collection=degree_plans)\nالخطه الدراسيه البرنامج (الكود): BS-ARIN-IT البرنامج (الاسم): الذكاء الاصطناعي البرنامج (الاسم الكامل): بكالوريوس الذكاء الاصطناعي المستوي (الكود): 4 المستوي (الاسم): المستوي 4 اجمالي ساعات البرنامج: 164 مقررات المستوي: - CECS 217 | تنظيم وتصميم الحاسب | 4 ساعات - CECS 218 | البرمجه المتقدمه | 4 ساعات - CECS 381 | تصميم وتحليل الخوارزميات | 3 ساعات - SCMT 212 | تفاضل و تكامل-3 | 3 ساعات - SCPH 211 | فيزياء عامه -2 | 4 ساعات', '[program:BS-ARIN-IT|level:3|summary] (collection=degree_plans)\nالخطه الدراسيه البرنامج (الكود): BS-ARIN-IT البرنامج (الاسم): الذكاء الاصطناعي البرنامج (الاسم الكامل): بكالوريوس الذكاء الاصطناعي المستوي (الكود): 3 المستوي (الاسم): المستوي 3 اجمالي ساعات البرنامج: 164 مقررات المستوي: - CECN 282 | تصميم المنطق الرقمي | 4 ساعات - CECS 281 | تراكيب البيانات | 4 ساعات - ELPR 220 | كتابه اكاديميه انجليزيه | 3 ساعات - ISLM 100 | ثقافه اسلاميه-1 | 2 ساعات - SCMT 211 | تفاضل و تكامل-2 | 3 ساعات - SCST 210 | احصاء عام -1 | 2 ساعات', '[chunk_129|part:0] (collection=transfer_rules)\nمواد معياريه لبرامج الذكاء الاصطناعي: SCMT 110 و ELPR 130 ومقرر مقدمه في البرمجه.', '[major:MAJ_ai|row:10] (collection=specialization)\nالتخصص: الذكاء الاصطناعي معرف التخصص: MAJ_ai الكليه: كليه علوم وهندسه الحاسب معرف الكليه: COL_computing الساعات المطلوبه قبل التخصيص: 27 المتطلبات: CECS 121, CECS 122', '[program:BS-ARIN-IT|level:1|summary] (collection=degree_plans)\nالخطه الدراسيه البرنامج (الكود): BS-ARIN-IT البرنامج (الاسم): الذكاء الاصطناعي البرنامج (الاسم الكامل): بكالوريوس الذكاء الاصطناعي المستوي (الكود): 1 المستوي (الاسم): المستوي 1 اجمالي ساعات البرنامج: 164 مقررات المستوي: - CECS 100 | المهارات الرقميه | 3 ساعات - CECS 111 | مقدمه في برمجه | 3 ساعات - ELPR 130 | اللغه الانجليزيه-3 | 3 ساعات - SCMT 102 | تفاضل و تكامل-1 | 3 ساعات - SCPH 101 | فيزياء عامه -1 | 3 ساعات', '[chunk_059|part:0] (collection=transfer_rules)\nمواد معياريه للذكاء الاصطناعي: SCMT 110 و ELPR 130 و مقرر برمجه.', '[row:22|part:0] (collection=coop_replies)\nتجربه تدريب تعاوني الجهه: Creative minds ضمن التخصص: نعم التقييم: مناسبه', '[program:BS-ARIN-IT|level:10|summary] (collection=degree_plans)\nالخطه الدراسيه البرنامج (الكود): BS-ARIN-IT البرنامج (الاسم): الذكاء الاصطناعي البرنامج (الاسم الكامل): بكالوريوس الذكاء الاصطناعي المستوي (الكود): 10 المستوي (الاسم): المستوي 10 اجمالي ساعات البرنامج: 164 مقررات المستوي: - CLAL 200 | مهارات لغويه-2 | 2 ساعات - ISLM 300 | ثقافه اسلاميه-3 | 3 ساعات - CEAI 496 | مشروع تخرج-2 | 4 ساعات - CEAI XXX | مقرر اختياري-2 | 3 ساعات - XXX | مقرر حر-2 | 4 ساعات - CEAI 423 | اخلاقيات وحوكمهالذكاء لاصطناعي | 3 ساعات']","أول مقررات المستوى الأول في برنامج الذكاء الاصطناعي هي:

1. CECS 100 - المهارات الرقمية (3 ساعات)
2. CECS 111 - مقدمة في برمجة (3 ساعات)
3. ELPR 130 - اللغة الإنجليزية-3 (3 ساعات)
4. SCMT 102 - تفاضل وتكامل-1 (3 ساعات)
5. SCPH 101 - فيزياء عامة-1 (3 ساعات)",أول مقررات المستوى الأول في برنامج الذكاء الاصطناعي هي: CECS 100 المهارات الرقمية، CECS 110 مهارات في برمجة، ELPR 130 اللغة الإنجليزية-1، SCMT 102 ثقافة وإسلام-1، SCPH 101 فيزياء عامة -1.,0.8781009487745481,0.14285714284285714,0.0,1.0
كم إجمالي الساعات المعتمدة في برنامج علوم الحاسب؟,إجمالي الساعات المعتمدة في برنامج علوم الحاسب هو 168 ساعة.,إجمالي الساعات المعتمدة في برنامج بكالوريوس الذكاء الاصطناعي هو 164 ساعة.,"['[program:BS-ARIN-IT|level:9|summary] (collection=degree_plans)\nالخطه الدراسيه البرنامج (الكود): BS-ARIN-IT البرنامج (الاسم): الذكاء الاصطناعي البرنامج (الاسم الكامل): بكالوريوس الذكاء الاصطناعي المستوي (الكود): 9 المستوي (الاسم): المستوي 9 اجمالي ساعات البرنامج: 164 مقررات المستوي: - CEAI 495 | مشروع تخرج-1 | 4 ساعات - CEAI 395 | تدريب تعاوني | 8 ساعات', '[program:BS-ARIN-IT|level:6|summary] (collection=degree_plans)\nالخطه الدراسيه البرنامج (الكود): BS-ARIN-IT البرنامج (الاسم): الذكاء الاصطناعي البرنامج (الاسم الكامل): بكالوريوس الذكاء الاصطناعي المستوي (الكود): 6 المستوي (الاسم): المستوي 6 اجمالي ساعات البرنامج: 164 مقررات المستوي: - CEAI 321 | مقدمه في تعلم الاله | 4 ساعات - CEAI 322 | اساسيات التحسين والبحوث | 3 ساعات - CECY 382 | اساسيات الامن السيبراني | 3 ساعات - CESW 281 | مبادئ هندسه البرمجيات | 4 ساعات - CLAL 100 | مهارات لغويه -1 | 4 ساعات', '[program:BS-ARIN-IT|level:8|summary] (collection=degree_plans)\nالخطه الدراسيه البرنامج (الكود): BS-ARIN-IT البرنامج (الاسم): الذكاء الاصطناعي البرنامج (الاسم الكامل): بكالوريوس الذكاء الاصطناعي المستوي (الكود): 8 المستوي (الاسم): المستوي 8 اجمالي ساعات البرنامج: 164 مقررات المستوي: - CEAI 392 | 1-الممارسه المهنيه | 3 ساعات - CEAI 421 | معالجه اللغه الطبيعيه | 3 ساعات - CEAI 422 | اساسيات الرؤيه الحاسوبيه | 3 ساعات - ISLM 200 | الثقافه الاسلاميه-2 | 3 ساعات - SCBI 100 | الاستدامه البيئيه | 2 ساعات - CEAI XXX | مقرر اختياري-1 | 3 ساعات - XXX | مقرر حر-1 | 4 ساعات', '[program:BS-ARIN-IT|level:10|summary] (collection=degree_plans)\nالخطه الدراسيه البرنامج (الكود): BS-ARIN-IT البرنامج (الاسم): الذكاء الاصطناعي البرنامج (الاسم الكامل): بكالوريوس الذكاء الاصطناعي المستوي (الكود): 10 المستوي (الاسم): المستوي 10 اجمالي ساعات البرنامج: 164 مقررات المستوي: - CLAL 200 | مهارات لغويه-2 | 2 ساعات - ISLM 300 | ثقافه اسلاميه-3 | 3 ساعات - CEAI 496 | مشروع تخرج-2 | 4 ساعات - CEAI XXX | مقرر اختياري-2 | 3 ساعات - XXX | مقرر حر-2 | 4 ساعات - CEAI 423 | اخلاقيات وحوكمهالذكاء لاصطناعي | 3 ساعات', '[program:BS-ARIN-IT|level:3|summary] (collection=degree_plans)\nالخطه الدراسيه البرنامج (الكود): BS-ARIN-IT البرنامج (الاسم): الذكاء الاصطناعي البرنامج (الاسم الكامل): بكالوريوس الذكاء الاصطناعي المستوي (الكود): 3 المستوي (الاسم): المستوي 3 اجمالي ساعات البرنامج: 164 مقررات المستوي: - CECN 282 | تصميم المنطق الرقمي | 4 ساعات - CECS 281 | تراكيب البيانات | 4 ساعات - ELPR 220 | كتابه اكاديميه انجليزيه | 3 ساعات - ISLM 100 | ثقافه اسلاميه-1 | 2 ساعات - SCMT 211 | تفاضل و تكامل-2 | 3 ساعات - SCST 210 | احصاء عام -1 | 2 ساعات', '[program:BS-ARIN-IT|level:2|summary] (collection=degree_plans)\nالخطه الدراسيه البرنامج (الكود): BS-ARIN-IT البرنامج (الاسم): الذكاء الاصطناعي البرنامج (الاسم الكامل): بكالوريوس الذكاء الاصطناعي المستوي (الكود): 2 المستوي (الاسم): المستوي 2 اجمالي ساعات البرنامج: 164 مقررات المستوي: - CECS 121 | برمجه شيئيه | 4 ساعات - CECS 122 | رياضيات متقدمه حاسوبيه | 3 ساعات - CEDS 124 | مقدمه قواعد البيانات | 3 ساعات - ELPR 140 | اللغه الانجليزيه-4 | 3 ساعات - SEPS 110 | مهارات الحياه الجامعيه و سوق العمل | 1 ساعات', '[program:BS-ARIN-IT|level:5|summary] (collection=degree_plans)\nالخطه الدراسيه البرنامج (الكود): BS-ARIN-IT البرنامج (الاسم): الذكاء الاصطناعي البرنامج (الاسم الكامل): بكالوريوس الذكاء الاصطناعي المستوي (الكود): 5 المستوي (الاسم): المستوي 5 اجمالي ساعات البرنامج: 164 مقررات المستوي: - CEAI 281 | اساسيات الذكاء الاصطناعي | 4 ساعات - CEAI 311 | اسس تحليل البيانات | 4 ساعات - CECS 283 | نظم التشغيل | 3 ساعات - SCMT 221 | جبر خطي | 3 ساعات - SCST 310 | احتمالات تطبيقيه و نماذج عشوائيه | 3 ساعات', '[program:BS-ARIN-IT|level:4|summary] (collection=degree_plans)\nالخطه الدراسيه البرنامج (الكود): BS-ARIN-IT البرنامج (الاسم): الذكاء الاصطناعي البرنامج (الاسم الكامل): بكالوريوس الذكاء الاصطناعي المستوي (الكود): 4 المستوي (الاسم): المستوي 4 اجمالي ساعات البرنامج: 164 مقررات المستوي: - CECS 217 | تنظيم وتصميم الحاسب | 4 ساعات - CECS 218 | البرمجه المتقدمه | 4 ساعات - CECS 381 | تصميم وتحليل الخوارزميات | 3 ساعات - SCMT 212 | تفاضل و تكامل-3 | 3 ساعات - SCPH 211 | فيزياء عامه -2 | 4 ساعات', '[program:BS-ARIN-IT|level:1|summary] (collection=degree_plans)\nالخطه الدراسيه البرنامج (الكود): BS-ARIN-IT البرنامج (الاسم): الذكاء الاصطناعي البرنامج (الاسم الكامل): بكالوريوس الذكاء الاصطناعي المستوي (الكود): 1 المستوي (الاسم): المستوي 1 اجمالي ساعات البرنامج: 164 مقررات المستوي: - CECS 100 | المهارات الرقميه | 3 ساعات - CECS 111 | مقدمه في برمجه | 3 ساعات - ELPR 130 | اللغه الانجليزيه-3 | 3 ساعات - SCMT 102 | تفاضل و تكامل-1 | 3 ساعات - SCPH 101 | فيزياء عامه -1 | 3 ساعات', '[program:BS-ARIN-IT|level:7|summary] (collection=degree_plans)\nالخطه الدراسيه البرنامج (الكود): BS-ARIN-IT البرنامج (الاسم): الذكاء الاصطناعي البرنامج (الاسم الكامل): بكالوريوس الذكاء الاصطناعي المستوي (الكود): 7 المستوي (الاسم): المستوي 7 اجمالي ساعات البرنامج: 164 مقررات المستوي: - BCSC 100 | مقدمه في الاداره اللوجستيه | 2 ساعات - CEAI 411 | مقدمه في الروبوتات | 4 ساعات - CEAI 412 | التعلم العميق | 4 ساعات - CECN 381 | شبكات الحاسب | 4 ساعات - CESW 382 | اداره مشاريع البرمجيات | 4 ساعات']",10,True,False,False,True,كم إجمالي الساعات المعتمدة في برنامج علوم الحاسب؟,,[],,Q023,degree_plans,علوم الحاسب,easy,علوم الحاسب normalized,علوم الحاسب normalized JSON | total_credits,كم إجمالي الساعات المعتمدة في برنامج علوم الحاسب؟,"['[program:BS-ARIN-IT|level:9|summary] (collection=degree_plans)\nالخطه الدراسيه البرنامج (الكود): BS-ARIN-IT البرنامج (الاسم): الذكاء الاصطناعي البرنامج (الاسم الكامل): بكالوريوس الذكاء الاصطناعي المستوي (الكود): 9 المستوي (الاسم): المستوي 9 اجمالي ساعات البرنامج: 164 مقررات المستوي: - CEAI 495 | مشروع تخرج-1 | 4 ساعات - CEAI 395 | تدريب تعاوني | 8 ساعات', '[program:BS-ARIN-IT|level:6|summary] (collection=degree_plans)\nالخطه الدراسيه البرنامج (الكود): BS-ARIN-IT البرنامج (الاسم): الذكاء الاصطناعي البرنامج (الاسم الكامل): بكالوريوس الذكاء الاصطناعي المستوي (الكود): 6 المستوي (الاسم): المستوي 6 اجمالي ساعات البرنامج: 164 مقررات المستوي: - CEAI 321 | مقدمه في تعلم الاله | 4 ساعات - CEAI 322 | اساسيات التحسين والبحوث | 3 ساعات - CECY 382 | اساسيات الامن السيبراني | 3 ساعات - CESW 281 | مبادئ هندسه البرمجيات | 4 ساعات - CLAL 100 | مهارات لغويه -1 | 4 ساعات', '[program:BS-ARIN-IT|level:8|summary] (collection=degree_plans)\nالخطه الدراسيه البرنامج (الكود): BS-ARIN-IT البرنامج (الاسم): الذكاء الاصطناعي البرنامج (الاسم الكامل): بكالوريوس الذكاء الاصطناعي المستوي (الكود): 8 المستوي (الاسم): المستوي 8 اجمالي ساعات البرنامج: 164 مقررات المستوي: - CEAI 392 | 1-الممارسه المهنيه | 3 ساعات - CEAI 421 | معالجه اللغه الطبيعيه | 3 ساعات - CEAI 422 | اساسيات الرؤيه الحاسوبيه | 3 ساعات - ISLM 200 | الثقافه الاسلاميه-2 | 3 ساعات - SCBI 100 | الاستدامه البيئيه | 2 ساعات - CEAI XXX | مقرر اختياري-1 | 3 ساعات - XXX | مقرر حر-1 | 4 ساعات', '[program:BS-ARIN-IT|level:10|summary] (collection=degree_plans)\nالخطه الدراسيه البرنامج (الكود): BS-ARIN-IT البرنامج (الاسم): الذكاء الاصطناعي البرنامج (الاسم الكامل): بكالوريوس الذكاء الاصطناعي المستوي (الكود): 10 المستوي (الاسم): المستوي 10 اجمالي ساعات البرنامج: 164 مقررات المستوي: - CLAL 200 | مهارات لغويه-2 | 2 ساعات - ISLM 300 | ثقافه اسلاميه-3 | 3 ساعات - CEAI 496 | مشروع تخرج-2 | 4 ساعات - CEAI XXX | مقرر اختياري-2 | 3 ساعات - XXX | مقرر حر-2 | 4 ساعات - CEAI 423 | اخلاقيات وحوكمهالذكاء لاصطناعي | 3 ساعات', '[program:BS-ARIN-IT|level:3|summary] (collection=degree_plans)\nالخطه الدراسيه البرنامج (الكود): BS-ARIN-IT البرنامج (الاسم): الذكاء الاصطناعي البرنامج (الاسم الكامل): بكالوريوس الذكاء الاصطناعي المستوي (الكود): 3 المستوي (الاسم): المستوي 3 اجمالي ساعات البرنامج: 164 مقررات المستوي: - CECN 282 | تصميم المنطق الرقمي | 4 ساعات - CECS 281 | تراكيب البيانات | 4 ساعات - ELPR 220 | كتابه اكاديميه انجليزيه | 3 ساعات - ISLM 100 | ثقافه اسلاميه-1 | 2 ساعات - SCMT 211 | تفاضل و تكامل-2 | 3 ساعات - SCST 210 | احصاء عام -1 | 2 ساعات', '[program:BS-ARIN-IT|level:2|summary] (collection=degree_plans)\nالخطه الدراسيه البرنامج (الكود): BS-ARIN-IT البرنامج (الاسم): الذكاء الاصطناعي البرنامج (الاسم الكامل): بكالوريوس الذكاء الاصطناعي المستوي (الكود): 2 المستوي (الاسم): المستوي 2 اجمالي ساعات البرنامج: 164 مقررات المستوي: - CECS 121 | برمجه شيئيه | 4 ساعات - CECS 122 | رياضيات متقدمه حاسوبيه | 3 ساعات - CEDS 124 | مقدمه قواعد البيانات | 3 ساعات - ELPR 140 | اللغه الانجليزيه-4 | 3 ساعات - SEPS 110 | مهارات الحياه الجامعيه و سوق العمل | 1 ساعات', '[program:BS-ARIN-IT|level:5|summary] (collection=degree_plans)\nالخطه الدراسيه البرنامج (الكود): BS-ARIN-IT البرنامج (الاسم): الذكاء الاصطناعي البرنامج (الاسم الكامل): بكالوريوس الذكاء الاصطناعي المستوي (الكود): 5 المستوي (الاسم): المستوي 5 اجمالي ساعات البرنامج: 164 مقررات المستوي: - CEAI 281 | اساسيات الذكاء الاصطناعي | 4 ساعات - CEAI 311 | اسس تحليل البيانات | 4 ساعات - CECS 283 | نظم التشغيل | 3 ساعات - SCMT 221 | جبر خطي | 3 ساعات - SCST 310 | احتمالات تطبيقيه و نماذج عشوائيه | 3 ساعات', '[program:BS-ARIN-IT|level:4|summary] (collection=degree_plans)\nالخطه الدراسيه البرنامج (الكود): BS-ARIN-IT البرنامج (الاسم): الذكاء الاصطناعي البرنامج (الاسم الكامل): بكالوريوس الذكاء الاصطناعي المستوي (الكود): 4 المستوي (الاسم): المستوي 4 اجمالي ساعات البرنامج: 164 مقررات المستوي: - CECS 217 | تنظيم وتصميم الحاسب | 4 ساعات - CECS 218 | البرمجه المتقدمه | 4 ساعات - CECS 381 | تصميم وتحليل الخوارزميات | 3 ساعات - SCMT 212 | تفاضل و تكامل-3 | 3 ساعات - SCPH 211 | فيزياء عامه -2 | 4 ساعات', '[program:BS-ARIN-IT|level:1|summary] (collection=degree_plans)\nالخطه الدراسيه البرنامج (الكود): BS-ARIN-IT البرنامج (الاسم): الذكاء الاصطناعي البرنامج (الاسم الكامل): بكالوريوس الذكاء الاصطناعي المستوي (الكود): 1 المستوي (الاسم): المستوي 1 اجمالي ساعات البرنامج: 164 مقررات المستوي: - CECS 100 | المهارات الرقميه | 3 ساعات - CECS 111 | مقدمه في برمجه | 3 ساعات - ELPR 130 | اللغه الانجليزيه-3 | 3 ساعات - SCMT 102 | تفاضل و تكامل-1 | 3 ساعات - SCPH 101 | فيزياء عامه -1 | 3 ساعات', '[program:BS-ARIN-IT|level:7|summary] (collection=degree_plans)\nالخطه الدراسيه البرنامج (الكود): BS-ARIN-IT البرنامج (الاسم): الذكاء الاصطناعي البرنامج (الاسم الكامل): بكالوريوس الذكاء الاصطناعي المستوي (الكود): 7 المستوي (الاسم): المستوي 7 اجمالي ساعات البرنامج: 164 مقررات المستوي: - BCSC 100 | مقدمه في الاداره اللوجستيه | 2 ساعات - CEAI 411 | مقدمه في الروبوتات | 4 ساعات - CEAI 412 | التعلم العميق | 4 ساعات - CECN 381 | شبكات الحاسب | 4 ساعات - CESW 382 | اداره مشاريع البرمجيات | 4 ساعات']",إجمالي الساعات المعتمدة في برنامج بكالوريوس الذكاء الاصطناعي هو 164 ساعة.,إجمالي الساعات المعتمدة في برنامج علوم الحاسب هو 168 ساعة.,0.7324595250296114,0.1249999999875,1.0,0.0
ما أول مقررات المستوى الأول في برنامج علوم الحاسب؟,أول مقررات المستوى الأول في برنامج علوم الحاسب هي: 100 المهارات الرقمية، 111 مقدمة برمجية، 130 اللغة الإنجليزية-1، 102 تفاضل وتكامل-1، 101 فيزياء عامة-1.,"أول مقررات المستوى الأول في برنامج علوم الحاسب هي:

1. CECS 100 | المهارات الرقمية | 3 ساعات
2. CECS 111 | مقدمة برمجية | 3 ساعات
3. ELPR 130 | اللغة الإنجليزية-1 | 4 ساعات
4. SCMT 102 | تفاضل وتكامل-1 | 3 ساعات
5. SCPH 101 | فيزياء عامة-1 | 2 ساعات

هذه المعلومات مستمدة من خطة برنامج بكالوريوس علوم الحاسب.","['[program:BS-SOEN-IT|level:BS-SOEN-01|summary] (collection=degree_plans)\nالخطه الدراسيه البرنامج (الكود): BS-SOEN-IT البرنامج (الاسم): هندسه البرمجيات البرنامج (الاسم الكامل): بكالوريوس هندسه البرمجيات المستوي (الكود): BS-SOEN-01 المستوي (الاسم): المستوي 1 اجمالي ساعات البرنامج: 167 مقررات المستوي: - CECS 100 | المهارات الرقميه | 3 ساعات - CECS 111 | مقدمه برمجيه | 4 ساعات - ELPR 130 | اللغه الانجليزيه-3 | 2 ساعات - SCMT 102 | تفاضل وتكامل-1 | 3 ساعات - SCPH 101 | فيزياء عامه-1 | 3 ساعات', '[program:BS-COEN-IT|level:BS-COEN-07|summary] (collection=degree_plans)\nالخطه الدراسيه البرنامج (الكود): BS-COEN-IT البرنامج (الاسم): هندسه الحاسب البرنامج (الاسم الكامل): بكالوريوس هندسه الحاسب المستوي (الكود): BS-COEN-07 المستوي (الاسم): المستوي 7 اجمالي ساعات البرنامج: 166 مقررات المستوي: - BCSC 100 | مقدمه في الاداره اللوجستيه | 2 ساعات - CECN 411 | معالجات دقيقه | 4 ساعات - CECY 384 | التشفير وامن الشبكات | 4 ساعات - CESW 382 | اداره مشاريع البرمجيات | 4 ساعات - ISLM 300 | ثقافه اسلاميه-3 | 2 ساعات', '[program:BS-SOEN-IT|level:BS-SOEN-03|summary] (collection=degree_plans)\nالخطه الدراسيه البرنامج (الكود): BS-SOEN-IT البرنامج (الاسم): هندسه البرمجيات البرنامج (الاسم الكامل): بكالوريوس هندسه البرمجيات المستوي (الكود): BS-SOEN-03 المستوي (الاسم): المستوي 3 اجمالي ساعات البرنامج: 167 مقررات المستوي: - CECN 281 | تصميم المنطق الرقمي | 4 ساعات - CESW 281 | مبادئ هندسه البرمجيات | 4 ساعات', '[program:BS-COEN-IT|level:BS-COEN-06|summary] (collection=degree_plans)\nالخطه الدراسيه البرنامج (الكود): BS-COEN-IT البرنامج (الاسم): هندسه الحاسب البرنامج (الاسم الكامل): بكالوريوس هندسه الحاسب المستوي (الكود): BS-COEN-06 المستوي (الاسم): المستوي 6 اجمالي ساعات البرنامج: 166 مقررات المستوي: - BUBA 100 | الابتكار ورياده الاعمال | 2 ساعات - CEAI 281 | اساسيات الذكاء الاصطناعي | 4 ساعات - CECS 283 | نظم التشغيل | 4 ساعات - CECY 382 | امن الشبكات السيبراني | 3 ساعات - ISLM 300 | ثقافه اسلاميه-3 | 3 ساعات', '[program:BS-DSAN-IT|level:BS-DSAN-01|summary] (collection=degree_plans)\nالخطه الدراسيه البرنامج (الكود): BS-DSAN-IT البرنامج (الاسم): BS-DSAN-IT البرنامج (الاسم الكامل): BS-DSAN-IT المستوي (الكود): BS-DSAN-01 المستوي (الاسم): المستوي 1 اجمالي ساعات البرنامج: 164 مقررات المستوي: - CECS 100 | المهارات الرقميه | 3 ساعات - CECS 111 | مقدمه برمجيه | 4 ساعات - ELPR 130 | اللغه الانجليزيه-1 | 2 ساعات - SCMT 102 | تفاضل وتكامل-1 | 3 ساعات - SCPH 101 | فيزياء عامه-1 | 3 ساعات', '[program:BS-COEN-IT|level:BS-COEN-03|summary] (collection=degree_plans)\nالخطه الدراسيه البرنامج (الكود): BS-COEN-IT البرنامج (الاسم): هندسه الحاسب البرنامج (الاسم الكامل): بكالوريوس هندسه الحاسب المستوي (الكود): BS-COEN-03 المستوي (الاسم): المستوي 3 اجمالي ساعات البرنامج: 166 مقررات المستوي: - CECN 281 | تصميم المنطق الرقمي | 4 ساعات - CLAL 100 | مهارات لغويه-1 | 2 ساعات - ELPR 220 | الكتابه الاكاديميه الانجليزيه | 3 ساعات - SCMT 211 | تفاضل وتكامل-2 | 3 ساعات - SCPH 211 | فيزياء عامه-2 | 3 ساعات - SCST 210 | احصاء عام -1 | 3 ساعات', '[program:BS-COSC-IT|level:BS-COSC-01|summary] (collection=degree_plans)\nالخطه الدراسيه البرنامج (الكود): BS-COSC-IT البرنامج (الاسم): علوم الحاسب البرنامج (الاسم الكامل): بكالوريوس علوم الحاسب المستوي (الكود): BS-COSC-01 المستوي (الاسم): المستوي 1 اجمالي ساعات البرنامج: 168 مقررات المستوي: - CECS 100 | المهارات الرقميه | 3 ساعات - CECS 111 | مقدمه برمجيه | 3 ساعات - ELPR 130 | اللغه الانجليزيه-1 | 4 ساعات - SCMT 102 | تفاضل وتكامل-1 | 3 ساعات - SCPH 101 | فيزياء عامه-1 | 2 ساعات', '[program:BS-COEN-IT|level:BS-COEN-01|summary] (collection=degree_plans)\nالخطه الدراسيه البرنامج (الكود): BS-COEN-IT البرنامج (الاسم): هندسه الحاسب البرنامج (الاسم الكامل): بكالوريوس هندسه الحاسب المستوي (الكود): BS-COEN-01 المستوي (الاسم): المستوي 1 اجمالي ساعات البرنامج: 166 مقررات المستوي: - CECS 100 | المهارات الرقميه | 3 ساعات - CECS 111 | مقدمه برمجه | 3 ساعات - ELPR 130 | اللغه الانجليزيه-3 | 3 ساعات - SCMT 102 | تفاضل وتكامل-1 | 3 ساعات - SCPH 101 | فيزياء عامه -1 | 3 ساعات', '[program:BS-COSC-IT|level:BS-COSC-05|summary] (collection=degree_plans)\nالخطه الدراسيه البرنامج (الكود): BS-COSC-IT البرنامج (الاسم): علوم الحاسب البرنامج (الاسم الكامل): بكالوريوس علوم الحاسب المستوي (الكود): BS-COSC-05 المستوي (الاسم): المستوي 5 اجمالي ساعات البرنامج: 168 مقررات المستوي: - CECN 283 | معماريه الحاسب | 4 ساعات - CECS 381 | تصميم وتحليل الخوارزميات | 4 ساعات - CESW 281 | مبادئ هندسه البرمجيات | 4 ساعات', '[program:BS-COSC-IT|level:BS-COSC-02|summary] (collection=degree_plans)\nالخطه الدراسيه البرنامج (الكود): BS-COSC-IT البرنامج (الاسم): علوم الحاسب البرنامج (الاسم الكامل): بكالوريوس علوم الحاسب المستوي (الكود): BS-COSC-02 المستوي (الاسم): المستوي 2 اجمالي ساعات البرنامج: 168 مقررات المستوي: - CECS 121 | برمجه شيئيه | 4 ساعات - CECS 122 | رياضيات متقطعه | 3 ساعات - CEDS 124 | مقدمه قواعد بيانات | 3 ساعات - ELPR 140 | اللغه الانجليزيه-2 | 3 ساعات - SEPS 110 | م. الحياه الجامعيه و سوق العمل | 2 ساعات']",10,True,False,False,True,ما أول مقررات المستوى الأول في برنامج علوم الحاسب؟,,[],,Q024,degree_plans,علوم الحاسب,easy,علوم الحاسب normalized,علوم الحاسب normalized JSON | level 1 courses,ما أول مقررات المستوى الأول في برنامج علوم الحاسب؟,"['[program:BS-SOEN-IT|level:BS-SOEN-01|summary] (collection=degree_plans)\nالخطه الدراسيه البرنامج (الكود): BS-SOEN-IT البرنامج (الاسم): هندسه البرمجيات البرنامج (الاسم الكامل): بكالوريوس هندسه البرمجيات المستوي (الكود): BS-SOEN-01 المستوي (الاسم): المستوي 1 اجمالي ساعات البرنامج: 167 مقررات المستوي: - CECS 100 | المهارات الرقميه | 3 ساعات - CECS 111 | مقدمه برمجيه | 4 ساعات - ELPR 130 | اللغه الانجليزيه-3 | 2 ساعات - SCMT 102 | تفاضل وتكامل-1 | 3 ساعات - SCPH 101 | فيزياء عامه-1 | 3 ساعات', '[program:BS-COEN-IT|level:BS-COEN-07|summary] (collection=degree_plans)\nالخطه الدراسيه البرنامج (الكود): BS-COEN-IT البرنامج (الاسم): هندسه الحاسب البرنامج (الاسم الكامل): بكالوريوس هندسه الحاسب المستوي (الكود): BS-COEN-07 المستوي (الاسم): المستوي 7 اجمالي ساعات البرنامج: 166 مقررات المستوي: - BCSC 100 | مقدمه في الاداره اللوجستيه | 2 ساعات - CECN 411 | معالجات دقيقه | 4 ساعات - CECY 384 | التشفير وامن الشبكات | 4 ساعات - CESW 382 | اداره مشاريع البرمجيات | 4 ساعات - ISLM 300 | ثقافه اسلاميه-3 | 2 ساعات', '[program:BS-SOEN-IT|level:BS-SOEN-03|summary] (collection=degree_plans)\nالخطه الدراسيه البرنامج (الكود): BS-SOEN-IT البرنامج (الاسم): هندسه البرمجيات البرنامج (الاسم الكامل): بكالوريوس هندسه البرمجيات المستوي (الكود): BS-SOEN-03 المستوي (الاسم): المستوي 3 اجمالي ساعات البرنامج: 167 مقررات المستوي: - CECN 281 | تصميم المنطق الرقمي | 4 ساعات - CESW 281 | مبادئ هندسه البرمجيات | 4 ساعات', '[program:BS-COEN-IT|level:BS-COEN-06|summary] (collection=degree_plans)\nالخطه الدراسيه البرنامج (الكود): BS-COEN-IT البرنامج (الاسم): هندسه الحاسب البرنامج (الاسم الكامل): بكالوريوس هندسه الحاسب المستوي (الكود): BS-COEN-06 المستوي (الاسم): المستوي 6 اجمالي ساعات البرنامج: 166 مقررات المستوي: - BUBA 100 | الابتكار ورياده الاعمال | 2 ساعات - CEAI 281 | اساسيات الذكاء الاصطناعي | 4 ساعات - CECS 283 | نظم التشغيل | 4 ساعات - CECY 382 | امن الشبكات السيبراني | 3 ساعات - ISLM 300 | ثقافه اسلاميه-3 | 3 ساعات', '[program:BS-DSAN-IT|level:BS-DSAN-01|summary] (collection=degree_plans)\nالخطه الدراسيه البرنامج (الكود): BS-DSAN-IT البرنامج (الاسم): BS-DSAN-IT البرنامج (الاسم الكامل): BS-DSAN-IT المستوي (الكود): BS-DSAN-01 المستوي (الاسم): المستوي 1 اجمالي ساعات البرنامج: 164 مقررات المستوي: - CECS 100 | المهارات الرقميه | 3 ساعات - CECS 111 | مقدمه برمجيه | 4 ساعات - ELPR 130 | اللغه الانجليزيه-1 | 2 ساعات - SCMT 102 | تفاضل وتكامل-1 | 3 ساعات - SCPH 101 | فيزياء عامه-1 | 3 ساعات', '[program:BS-COEN-IT|level:BS-COEN-03|summary] (collection=degree_plans)\nالخطه الدراسيه البرنامج (الكود): BS-COEN-IT البرنامج (الاسم): هندسه الحاسب البرنامج (الاسم الكامل): بكالوريوس هندسه الحاسب المستوي (الكود): BS-COEN-03 المستوي (الاسم): المستوي 3 اجمالي ساعات البرنامج: 166 مقررات المستوي: - CECN 281 | تصميم المنطق الرقمي | 4 ساعات - CLAL 100 | مهارات لغويه-1 | 2 ساعات - ELPR 220 | الكتابه الاكاديميه الانجليزيه | 3 ساعات - SCMT 211 | تفاضل وتكامل-2 | 3 ساعات - SCPH 211 | فيزياء عامه-2 | 3 ساعات - SCST 210 | احصاء عام -1 | 3 ساعات', '[program:BS-COSC-IT|level:BS-COSC-01|summary] (collection=degree_plans)\nالخطه الدراسيه البرنامج (الكود): BS-COSC-IT البرنامج (الاسم): علوم الحاسب البرنامج (الاسم الكامل): بكالوريوس علوم الحاسب المستوي (الكود): BS-COSC-01 المستوي (الاسم): المستوي 1 اجمالي ساعات البرنامج: 168 مقررات المستوي: - CECS 100 | المهارات الرقميه | 3 ساعات - CECS 111 | مقدمه برمجيه | 3 ساعات - ELPR 130 | اللغه الانجليزيه-1 | 4 ساعات - SCMT 102 | تفاضل وتكامل-1 | 3 ساعات - SCPH 101 | فيزياء عامه-1 | 2 ساعات', '[program:BS-COEN-IT|level:BS-COEN-01|summary] (collection=degree_plans)\nالخطه الدراسيه البرنامج (الكود): BS-COEN-IT البرنامج (الاسم): هندسه الحاسب البرنامج (الاسم الكامل): بكالوريوس هندسه الحاسب المستوي (الكود): BS-COEN-01 المستوي (الاسم): المستوي 1 اجمالي ساعات البرنامج: 166 مقررات المستوي: - CECS 100 | المهارات الرقميه | 3 ساعات - CECS 111 | مقدمه برمجه | 3 ساعات - ELPR 130 | اللغه الانجليزيه-3 | 3 ساعات - SCMT 102 | تفاضل وتكامل-1 | 3 ساعات - SCPH 101 | فيزياء عامه -1 | 3 ساعات', '[program:BS-COSC-IT|level:BS-COSC-05|summary] (collection=degree_plans)\nالخطه الدراسيه البرنامج (الكود): BS-COSC-IT البرنامج (الاسم): علوم الحاسب البرنامج (الاسم الكامل): بكالوريوس علوم الحاسب المستوي (الكود): BS-COSC-05 المستوي (الاسم): المستوي 5 اجمالي ساعات البرنامج: 168 مقررات المستوي: - CECN 283 | معماريه الحاسب | 4 ساعات - CECS 381 | تصميم وتحليل الخوارزميات | 4 ساعات - CESW 281 | مبادئ هندسه البرمجيات | 4 ساعات', '[program:BS-COSC-IT|level:BS-COSC-02|summary] (collection=degree_plans)\nالخطه الدراسيه البرنامج (الكود): BS-COSC-IT البرنامج (الاسم): علوم الحاسب البرنامج (الاسم الكامل): بكالوريوس علوم الحاسب المستوي (الكود): BS-COSC-02 المستوي (الاسم): المستوي 2 اجمالي ساعات البرنامج: 168 مقررات المستوي: - CECS 121 | برمجه شيئيه | 4 ساعات - CECS 122 | رياضيات متقطعه | 3 ساعات - CEDS 124 | مقدمه قواعد بيانات | 3 ساعات - ELPR 140 | اللغه الانجليزيه-2 | 3 ساعات - SEPS 110 | م. الحياه الجامعيه و سوق العمل | 2 ساعات']","أول مقررات المستوى الأول في برنامج علوم الحاسب هي:

1. CECS 100 | المهارات الرقمية | 3 ساعات
2. CECS 111 | مقدمة برمجية | 3 ساعات
3. ELPR 130 | اللغة الإنجليزية-1 | 4 ساعات
4. SCMT 102 | تفاضل وتكامل-1 | 3 ساعات
5. SCPH 101 | فيزياء عامة-1 | 2 ساعات

هذه المعلومات مستمدة من خطة برنامج بكالوريوس علوم الحاسب.",أول مقررات المستوى الأول في برنامج علوم الحاسب هي: 100 المهارات الرقمية، 111 مقدمة برمجية، 130 اللغة الإنجليزية-1، 102 تفاضل وتكامل-1، 101 فيزياء عامة-1.,0.9306234062214558,0.5821428571283036,0.16666666666666666,1.0
كم إجمالي الساعات المعتمدة في برنامج الأمن السيبراني؟,إجمالي الساعات المعتمدة في برنامج الأمن السيبراني هو 166 ساعة.,لا توجد معلومات كافية حول إجمالي الساعات المعتمدة في برنامج الأمن السيبراني في المقاطع المقدمة. جميع المقاطع تتعلق ببرنامج بكالوريوس الذكاء الاصطناعي.,"['[program:BS-ARIN-IT|level:9|summary] (collection=degree_plans)\nالخطه الدراسيه البرنامج (الكود): BS-ARIN-IT البرنامج (الاسم): الذكاء الاصطناعي البرنامج (الاسم الكامل): بكالوريوس الذكاء الاصطناعي المستوي (الكود): 9 المستوي (الاسم): المستوي 9 اجمالي ساعات البرنامج: 164 مقررات المستوي: - CEAI 495 | مشروع تخرج-1 | 4 ساعات - CEAI 395 | تدريب تعاوني | 8 ساعات', '[program:BS-ARIN-IT|level:6|summary] (collection=degree_plans)\nالخطه الدراسيه البرنامج (الكود): BS-ARIN-IT البرنامج (الاسم): الذكاء الاصطناعي البرنامج (الاسم الكامل): بكالوريوس الذكاء الاصطناعي المستوي (الكود): 6 المستوي (الاسم): المستوي 6 اجمالي ساعات البرنامج: 164 مقررات المستوي: - CEAI 321 | مقدمه في تعلم الاله | 4 ساعات - CEAI 322 | اساسيات التحسين والبحوث | 3 ساعات - CECY 382 | اساسيات الامن السيبراني | 3 ساعات - CESW 281 | مبادئ هندسه البرمجيات | 4 ساعات - CLAL 100 | مهارات لغويه -1 | 4 ساعات', '[program:BS-ARIN-IT|level:8|summary] (collection=degree_plans)\nالخطه الدراسيه البرنامج (الكود): BS-ARIN-IT البرنامج (الاسم): الذكاء الاصطناعي البرنامج (الاسم الكامل): بكالوريوس الذكاء الاصطناعي المستوي (الكود): 8 المستوي (الاسم): المستوي 8 اجمالي ساعات البرنامج: 164 مقررات المستوي: - CEAI 392 | 1-الممارسه المهنيه | 3 ساعات - CEAI 421 | معالجه اللغه الطبيعيه | 3 ساعات - CEAI 422 | اساسيات الرؤيه الحاسوبيه | 3 ساعات - ISLM 200 | الثقافه الاسلاميه-2 | 3 ساعات - SCBI 100 | الاستدامه البيئيه | 2 ساعات - CEAI XXX | مقرر اختياري-1 | 3 ساعات - XXX | مقرر حر-1 | 4 ساعات', '[program:BS-ARIN-IT|level:10|summary] (collection=degree_plans)\nالخطه الدراسيه البرنامج (الكود): BS-ARIN-IT البرنامج (الاسم): الذكاء الاصطناعي البرنامج (الاسم الكامل): بكالوريوس الذكاء الاصطناعي المستوي (الكود): 10 المستوي (الاسم): المستوي 10 اجمالي ساعات البرنامج: 164 مقررات المستوي: - CLAL 200 | مهارات لغويه-2 | 2 ساعات - ISLM 300 | ثقافه اسلاميه-3 | 3 ساعات - CEAI 496 | مشروع تخرج-2 | 4 ساعات - CEAI XXX | مقرر اختياري-2 | 3 ساعات - XXX | مقرر حر-2 | 4 ساعات - CEAI 423 | اخلاقيات وحوكمهالذكاء لاصطناعي | 3 ساعات', '[program:BS-ARIN-IT|level:3|summary] (collection=degree_plans)\nالخطه الدراسيه البرنامج (الكود): BS-ARIN-IT البرنامج (الاسم): الذكاء الاصطناعي البرنامج (الاسم الكامل): بكالوريوس الذكاء الاصطناعي المستوي (الكود): 3 المستوي (الاسم): المستوي 3 اجمالي ساعات البرنامج: 164 مقررات المستوي: - CECN 282 | تصميم المنطق الرقمي | 4 ساعات - CECS 281 | تراكيب البيانات | 4 ساعات - ELPR 220 | كتابه اكاديميه انجليزيه | 3 ساعات - ISLM 100 | ثقافه اسلاميه-1 | 2 ساعات - SCMT 211 | تفاضل و تكامل-2 | 3 ساعات - SCST 210 | احصاء عام -1 | 2 ساعات', '[program:BS-ARIN-IT|level:2|summary] (collection=degree_plans)\nالخطه الدراسيه البرنامج (الكود): BS-ARIN-IT البرنامج (الاسم): الذكاء الاصطناعي البرنامج (الاسم الكامل): بكالوريوس الذكاء الاصطناعي المستوي (الكود): 2 المستوي (الاسم): المستوي 2 اجمالي ساعات البرنامج: 164 مقررات المستوي: - CECS 121 | برمجه شيئيه | 4 ساعات - CECS 122 | رياضيات متقدمه حاسوبيه | 3 ساعات - CEDS 124 | مقدمه قواعد البيانات | 3 ساعات - ELPR 140 | اللغه الانجليزيه-4 | 3 ساعات - SEPS 110 | مهارات الحياه الجامعيه و سوق العمل | 1 ساعات', '[program:BS-ARIN-IT|level:5|summary] (collection=degree_plans)\nالخطه الدراسيه البرنامج (الكود): BS-ARIN-IT البرنامج (الاسم): الذكاء الاصطناعي البرنامج (الاسم الكامل): بكالوريوس الذكاء الاصطناعي المستوي (الكود): 5 المستوي (الاسم): المستوي 5 اجمالي ساعات البرنامج: 164 مقررات المستوي: - CEAI 281 | اساسيات الذكاء الاصطناعي | 4 ساعات - CEAI 311 | اسس تحليل البيانات | 4 ساعات - CECS 283 | نظم التشغيل | 3 ساعات - SCMT 221 | جبر خطي | 3 ساعات - SCST 310 | احتمالات تطبيقيه و نماذج عشوائيه | 3 ساعات', '[program:BS-ARIN-IT|level:4|summary] (collection=degree_plans)\nالخطه الدراسيه البرنامج (الكود): BS-ARIN-IT البرنامج (الاسم): الذكاء الاصطناعي البرنامج (الاسم الكامل): بكالوريوس الذكاء الاصطناعي المستوي (الكود): 4 المستوي (الاسم): المستوي 4 اجمالي ساعات البرنامج: 164 مقررات المستوي: - CECS 217 | تنظيم وتصميم الحاسب | 4 ساعات - CECS 218 | البرمجه المتقدمه | 4 ساعات - CECS 381 | تصميم وتحليل الخوارزميات | 3 ساعات - SCMT 212 | تفاضل و تكامل-3 | 3 ساعات - SCPH 211 | فيزياء عامه -2 | 4 ساعات', '[program:BS-ARIN-IT|level:1|summary] (collection=degree_plans)\nالخطه الدراسيه البرنامج (الكود): BS-ARIN-IT البرنامج (الاسم): الذكاء الاصطناعي البرنامج (الاسم الكامل): بكالوريوس الذكاء الاصطناعي المستوي (الكود): 1 المستوي (الاسم): المستوي 1 اجمالي ساعات البرنامج: 164 مقررات المستوي: - CECS 100 | المهارات الرقميه | 3 ساعات - CECS 111 | مقدمه في برمجه | 3 ساعات - ELPR 130 | اللغه الانجليزيه-3 | 3 ساعات - SCMT 102 | تفاضل و تكامل-1 | 3 ساعات - SCPH 101 | فيزياء عامه -1 | 3 ساعات', '[program:BS-ARIN-IT|level:7|summary] (collection=degree_plans)\nالخطه الدراسيه البرنامج (الكود): BS-ARIN-IT البرنامج (الاسم): الذكاء الاصطناعي البرنامج (الاسم الكامل): بكالوريوس الذكاء الاصطناعي المستوي (الكود): 7 المستوي (الاسم): المستوي 7 اجمالي ساعات البرنامج: 164 مقررات المستوي: - BCSC 100 | مقدمه في الاداره اللوجستيه | 2 ساعات - CEAI 411 | مقدمه في الروبوتات | 4 ساعات - CEAI 412 | التعلم العميق | 4 ساعات - CECN 381 | شبكات الحاسب | 4 ساعات - CESW 382 | اداره مشاريع البرمجيات | 4 ساعات']",10,True,False,False,True,كم إجمالي الساعات المعتمدة في برنامج الأمن السيبراني؟,,[],,Q025,degree_plans,الأمن السيبراني,easy,الأمن السيبراني normalized,الأمن السيبراني normalized JSON | total_credits,كم إجمالي الساعات المعتمدة في برنامج الأمن السيبراني؟,"['[program:BS-ARIN-IT|level:9|summary] (collection=degree_plans)\nالخطه الدراسيه البرنامج (الكود): BS-ARIN-IT البرنامج (الاسم): الذكاء الاصطناعي البرنامج (الاسم الكامل): بكالوريوس الذكاء الاصطناعي المستوي (الكود): 9 المستوي (الاسم): المستوي 9 اجمالي ساعات البرنامج: 164 مقررات المستوي: - CEAI 495 | مشروع تخرج-1 | 4 ساعات - CEAI 395 | تدريب تعاوني | 8 ساعات', '[program:BS-ARIN-IT|level:6|summary] (collection=degree_plans)\nالخطه الدراسيه البرنامج (الكود): BS-ARIN-IT البرنامج (الاسم): الذكاء الاصطناعي البرنامج (الاسم الكامل): بكالوريوس الذكاء الاصطناعي المستوي (الكود): 6 المستوي (الاسم): المستوي 6 اجمالي ساعات البرنامج: 164 مقررات المستوي: - CEAI 321 | مقدمه في تعلم الاله | 4 ساعات - CEAI 322 | اساسيات التحسين والبحوث | 3 ساعات - CECY 382 | اساسيات الامن السيبراني | 3 ساعات - CESW 281 | مبادئ هندسه البرمجيات | 4 ساعات - CLAL 100 | مهارات لغويه -1 | 4 ساعات', '[program:BS-ARIN-IT|level:8|summary] (collection=degree_plans)\nالخطه الدراسيه البرنامج (الكود): BS-ARIN-IT البرنامج (الاسم): الذكاء الاصطناعي البرنامج (الاسم الكامل): بكالوريوس الذكاء الاصطناعي المستوي (الكود): 8 المستوي (الاسم): المستوي 8 اجمالي ساعات البرنامج: 164 مقررات المستوي: - CEAI 392 | 1-الممارسه المهنيه | 3 ساعات - CEAI 421 | معالجه اللغه الطبيعيه | 3 ساعات - CEAI 422 | اساسيات الرؤيه الحاسوبيه | 3 ساعات - ISLM 200 | الثقافه الاسلاميه-2 | 3 ساعات - SCBI 100 | الاستدامه البيئيه | 2 ساعات - CEAI XXX | مقرر اختياري-1 | 3 ساعات - XXX | مقرر حر-1 | 4 ساعات', '[program:BS-ARIN-IT|level:10|summary] (collection=degree_plans)\nالخطه الدراسيه البرنامج (الكود): BS-ARIN-IT البرنامج (الاسم): الذكاء الاصطناعي البرنامج (الاسم الكامل): بكالوريوس الذكاء الاصطناعي المستوي (الكود): 10 المستوي (الاسم): المستوي 10 اجمالي ساعات البرنامج: 164 مقررات المستوي: - CLAL 200 | مهارات لغويه-2 | 2 ساعات - ISLM 300 | ثقافه اسلاميه-3 | 3 ساعات - CEAI 496 | مشروع تخرج-2 | 4 ساعات - CEAI XXX | مقرر اختياري-2 | 3 ساعات - XXX | مقرر حر-2 | 4 ساعات - CEAI 423 | اخلاقيات وحوكمهالذكاء لاصطناعي | 3 ساعات', '[program:BS-ARIN-IT|level:3|summary] (collection=degree_plans)\nالخطه الدراسيه البرنامج (الكود): BS-ARIN-IT البرنامج (الاسم): الذكاء الاصطناعي البرنامج (الاسم الكامل): بكالوريوس الذكاء الاصطناعي المستوي (الكود): 3 المستوي (الاسم): المستوي 3 اجمالي ساعات البرنامج: 164 مقررات المستوي: - CECN 282 | تصميم المنطق الرقمي | 4 ساعات - CECS 281 | تراكيب البيانات | 4 ساعات - ELPR 220 | كتابه اكاديميه انجليزيه | 3 ساعات - ISLM 100 | ثقافه اسلاميه-1 | 2 ساعات - SCMT 211 | تفاضل و تكامل-2 | 3 ساعات - SCST 210 | احصاء عام -1 | 2 ساعات', '[program:BS-ARIN-IT|level:2|summary] (collection=degree_plans)\nالخطه الدراسيه البرنامج (الكود): BS-ARIN-IT البرنامج (الاسم): الذكاء الاصطناعي البرنامج (الاسم الكامل): بكالوريوس الذكاء الاصطناعي المستوي (الكود): 2 المستوي (الاسم): المستوي 2 اجمالي ساعات البرنامج: 164 مقررات المستوي: - CECS 121 | برمجه شيئيه | 4 ساعات - CECS 122 | رياضيات متقدمه حاسوبيه | 3 ساعات - CEDS 124 | مقدمه قواعد البيانات | 3 ساعات - ELPR 140 | اللغه الانجليزيه-4 | 3 ساعات - SEPS 110 | مهارات الحياه الجامعيه و سوق العمل | 1 ساعات', '[program:BS-ARIN-IT|level:5|summary] (collection=degree_plans)\nالخطه الدراسيه البرنامج (الكود): BS-ARIN-IT البرنامج (الاسم): الذكاء الاصطناعي البرنامج (الاسم الكامل): بكالوريوس الذكاء الاصطناعي المستوي (الكود): 5 المستوي (الاسم): المستوي 5 اجمالي ساعات البرنامج: 164 مقررات المستوي: - CEAI 281 | اساسيات الذكاء الاصطناعي | 4 ساعات - CEAI 311 | اسس تحليل البيانات | 4 ساعات - CECS 283 | نظم التشغيل | 3 ساعات - SCMT 221 | جبر خطي | 3 ساعات - SCST 310 | احتمالات تطبيقيه و نماذج عشوائيه | 3 ساعات', '[program:BS-ARIN-IT|level:4|summary] (collection=degree_plans)\nالخطه الدراسيه البرنامج (الكود): BS-ARIN-IT البرنامج (الاسم): الذكاء الاصطناعي البرنامج (الاسم الكامل): بكالوريوس الذكاء الاصطناعي المستوي (الكود): 4 المستوي (الاسم): المستوي 4 اجمالي ساعات البرنامج: 164 مقررات المستوي: - CECS 217 | تنظيم وتصميم الحاسب | 4 ساعات - CECS 218 | البرمجه المتقدمه | 4 ساعات - CECS 381 | تصميم وتحليل الخوارزميات | 3 ساعات - SCMT 212 | تفاضل و تكامل-3 | 3 ساعات - SCPH 211 | فيزياء عامه -2 | 4 ساعات', '[program:BS-ARIN-IT|level:1|summary] (collection=degree_plans)\nالخطه الدراسيه البرنامج (الكود): BS-ARIN-IT البرنامج (الاسم): الذكاء الاصطناعي البرنامج (الاسم الكامل): بكالوريوس الذكاء الاصطناعي المستوي (الكود): 1 المستوي (الاسم): المستوي 1 اجمالي ساعات البرنامج: 164 مقررات المستوي: - CECS 100 | المهارات الرقميه | 3 ساعات - CECS 111 | مقدمه في برمجه | 3 ساعات - ELPR 130 | اللغه الانجليزيه-3 | 3 ساعات - SCMT 102 | تفاضل و تكامل-1 | 3 ساعات - SCPH 101 | فيزياء عامه -1 | 3 ساعات', '[program:BS-ARIN-IT|level:7|summary] (collection=degree_plans)\nالخطه الدراسيه البرنامج (الكود): BS-ARIN-IT البرنامج (الاسم): الذكاء الاصطناعي البرنامج (الاسم الكامل): بكالوريوس الذكاء الاصطناعي المستوي (الكود): 7 المستوي (الاسم): المستوي 7 اجمالي ساعات البرنامج: 164 مقررات المستوي: - BCSC 100 | مقدمه في الاداره اللوجستيه | 2 ساعات - CEAI 411 | مقدمه في الروبوتات | 4 ساعات - CEAI 412 | التعلم العميق | 4 ساعات - CECN 381 | شبكات الحاسب | 4 ساعات - CESW 382 | اداره مشاريع البرمجيات | 4 ساعات']",لا توجد معلومات كافية حول إجمالي الساعات المعتمدة في برنامج الأمن السيبراني في المقاطع المقدمة. جميع المقاطع تتعلق ببرنامج بكالوريوس الذكاء الاصطناعي.,إجمالي الساعات المعتمدة في برنامج الأمن السيبراني هو 166 ساعة.,0.0,0.0,1.0,0.0
ما أول مقررات المستوى الأول في برنامج الأمن السيبراني؟,أول مقررات المستوى الأول في برنامج الأمن السيبراني هي: 100 المهارات الرقمية، 111 مقدمة برمجية، 130 اللغة الإنجليزية-1، 101 تفاضل وتكامل-1، 101 فيزياء عامة-1.,"أول مقررات المستوى الأول في برنامج الأمن السيبراني هي:

1. CECS 100 - المهارات الرقمية (3 ساعات)
2. CECS 111 - مقدمة برمجية (3 ساعات)
3. ELPR 130 - اللغة الإنجليزية-1 (4 ساعات)
4. SCMT 101 - تفاضل وتكامل-1 (3 ساعات)
5. SCPH 101 - فيزياء عامة-1 (2 ساعات)","['[program:BS-CYSE-IT|level:BS-CYSE-05|summary] (collection=degree_plans)\nالخطه الدراسيه البرنامج (الكود): BS-CYSE-IT البرنامج (الاسم): الامن السيبراني البرنامج (الاسم الكامل): بكالوريوس الامن السيبراني المستوي (الكود): BS-CYSE-05 المستوي (الاسم): المستوي 5 اجمالي ساعات البرنامج: 166 مقررات المستوي: - CECY 381 | اساسيات الامن السيبراني | 4 ساعات - CLAL 200 | مهارات لغويه-2 | 2 ساعات - ISLM 200 | الثقافه الاسلاميه-2 | 2 ساعات - CECS 382 | تصميم وتحليل الخوارزميات | 3 ساعات - CECY 311 | تطوير وامن الويب | 3 ساعات - CECY 312 | سياسات وقوانين الامن السيبراني | 3 ساعات', '[chunk_168|part:0] (collection=transfer_rules)\nبرامج الامن السيبراني تشترط مهارات اساسيه في البرمجه والشبكات.', '[chunk_100|part:0] (collection=transfer_rules)\nبرامج الامن السيبراني تتطلب اساسيات البرمجه والشبكات.', '[program:BS-CYSE-IT|level:BS-CYSE-01|summary] (collection=degree_plans)\nالخطه الدراسيه البرنامج (الكود): BS-CYSE-IT البرنامج (الاسم): الامن السيبراني البرنامج (الاسم الكامل): بكالوريوس الامن السيبراني المستوي (الكود): BS-CYSE-01 المستوي (الاسم): المستوي 1 اجمالي ساعات البرنامج: 166 مقررات المستوي: - CECS 100 | المهارات الرقميه | 3 ساعات - CECS 111 | مقدمه برمجيه | 3 ساعات - ELPR 130 | اللغه الانجليزيه-1 | 4 ساعات - SCMT 101 | تفاضل وتكامل-1 | 3 ساعات - SCPH 101 | فيزياء عامه-1 | 2 ساعات', '[program:BS-CYSE-IT|level:BS-CYSE-04|summary] (collection=degree_plans)\nالخطه الدراسيه البرنامج (الكود): BS-CYSE-IT البرنامج (الاسم): الامن السيبراني البرنامج (الاسم الكامل): بكالوريوس الامن السيبراني المستوي (الكود): BS-CYSE-04 المستوي (الاسم): المستوي 4 اجمالي ساعات البرنامج: 166 مقررات المستوي: - CECN 382 | مقدمه في شبكات الحاسب | 4 ساعات - CECS 282 | تركيب البيانات | 4 ساعات - CECS 284 | نظم التشغيل | 4 ساعات - CECY 221 | مبادئ هندسه البرمجيات | 4 ساعات - ISLM 100 | ثقافه اسلاميه-1 | 2 ساعات', '[program:BS-CYSE-IT|level:BS-CYSE-03|summary] (collection=degree_plans)\nالخطه الدراسيه البرنامج (الكود): BS-CYSE-IT البرنامج (الاسم): الامن السيبراني البرنامج (الاسم الكامل): بكالوريوس الامن السيبراني المستوي (الكود): BS-CYSE-03 المستوي (الاسم): المستوي 3 اجمالي ساعات البرنامج: 166 مقررات المستوي: - CECS 217 | تنظيم وبنيان الحاسب | 4 ساعات - CECY 211 | البرمجه الامنه | 4 ساعات - CLAL 100 | مهارات لغويه-1 | 2 ساعات - ELPR 220 | الكتابه الاكاديميه الانجليزيه | 2 ساعات - SCMT 221 | جير خطي | 3 ساعات - SCST 210 | احصاء علم-1 | 3 ساعات', '[program:BS-CYSE-IT|level:BS-CYSE-06|summary] (collection=degree_plans)\nالخطه الدراسيه البرنامج (الكود): BS-CYSE-IT البرنامج (الاسم): الامن السيبراني البرنامج (الاسم الكامل): بكالوريوس الامن السيبراني المستوي (الكود): BS-CYSE-06 المستوي (الاسم): المستوي 6 اجمالي ساعات البرنامج: 166 مقررات المستوي: - CECY 321 | تشفير | 4 ساعات - CECY 322 | اداره نظم | 4 ساعات - CECY 323 | امن الشبكات | 4 ساعات - CECY 324 | امن قواعد البيانات | 4 ساعات - SLPR 100 | الثقافه القانونيه | 2 ساعات', '[program:BS-CYSE-IT|level:BS-CYSE-02|summary] (collection=degree_plans)\nالخطه الدراسيه البرنامج (الكود): BS-CYSE-IT البرنامج (الاسم): الامن السيبراني البرنامج (الاسم الكامل): بكالوريوس الامن السيبراني المستوي (الكود): BS-CYSE-02 المستوي (الاسم): المستوي 2 اجمالي ساعات البرنامج: 166 مقررات المستوي: - CECS 121 | برمجه شيئيه | 4 ساعات - CECS 122 | رياضيات متقطعه | 3 ساعات - CEDS 124 | مقدمه قواعد بيانات | 3 ساعات - ELPR 140 | اللغه الانجليزيه-2 | 3 ساعات - SEPS 110 | م. الحياه الجامعيه و سوق العمل | 2 ساعات', '[program:BS-CYSE-IT|level:BS-CYSE-07|summary] (collection=degree_plans)\nالخطه الدراسيه البرنامج (الكود): BS-CYSE-IT البرنامج (الاسم): الامن السيبراني البرنامج (الاسم الكامل): بكالوريوس الامن السيبراني المستوي (الكود): BS-CYSE-07 المستوي (الاسم): المستوي 7 اجمالي ساعات البرنامج: 166 مقررات المستوي: - BUBA 100 | الابتكار ورياده الاعمال | 2 ساعات - CECY 411 | هندسه ومعماريه الامن السيبراني | 4 ساعات - CECY 412 | امن انظمه التحكم الصناعيه | 4 ساعات - CECY 481 | امن البرمجيات | 4 ساعات - ISLM 300 | ثقافه اسلاميه-3 | 2 ساعات', '[program:BS-CYSE-IT|level:BS-CYSE-10|summary] (collection=degree_plans)\nالخطه الدراسيه البرنامج (الكود): BS-CYSE-IT البرنامج (الاسم): الامن السيبراني البرنامج (الاسم الكامل): بكالوريوس الامن السيبراني المستوي (الكود): BS-CYSE-10 المستوي (الاسم): المستوي 10 اجمالي ساعات البرنامج: 166 مقررات المستوي: - CECY 413 | تحليل و اختراق الثغرات | 4 ساعات - CECY 414 | هندسهكسيه وتحليل البرمج | 4 ساعات - CECY 424 | اداره امن المعلومات | 3 ساعات - CECY 496 | مشروع تخرج-2 | 3 ساعات']",10,True,False,False,True,ما أول مقررات المستوى الأول في برنامج الأمن السيبراني؟,,[],,Q026,degree_plans,الأمن السيبراني,easy,الأمن السيبراني normalized,الأمن السيبراني normalized JSON | level 1 courses,ما أول مقررات المستوى الأول في برنامج الأمن السيبراني؟,"['[program:BS-CYSE-IT|level:BS-CYSE-05|summary] (collection=degree_plans)\nالخطه الدراسيه البرنامج (الكود): BS-CYSE-IT البرنامج (الاسم): الامن السيبراني البرنامج (الاسم الكامل): بكالوريوس الامن السيبراني المستوي (الكود): BS-CYSE-05 المستوي (الاسم): المستوي 5 اجمالي ساعات البرنامج: 166 مقررات المستوي: - CECY 381 | اساسيات الامن السيبراني | 4 ساعات - CLAL 200 | مهارات لغويه-2 | 2 ساعات - ISLM 200 | الثقافه الاسلاميه-2 | 2 ساعات - CECS 382 | تصميم وتحليل الخوارزميات | 3 ساعات - CECY 311 | تطوير وامن الويب | 3 ساعات - CECY 312 | سياسات وقوانين الامن السيبراني | 3 ساعات', '[chunk_168|part:0] (collection=transfer_rules)\nبرامج الامن السيبراني تشترط مهارات اساسيه في البرمجه والشبكات.', '[chunk_100|part:0] (collection=transfer_rules)\nبرامج الامن السيبراني تتطلب اساسيات البرمجه والشبكات.', '[program:BS-CYSE-IT|level:BS-CYSE-01|summary] (collection=degree_plans)\nالخطه الدراسيه البرنامج (الكود): BS-CYSE-IT البرنامج (الاسم): الامن السيبراني البرنامج (الاسم الكامل): بكالوريوس الامن السيبراني المستوي (الكود): BS-CYSE-01 المستوي (الاسم): المستوي 1 اجمالي ساعات البرنامج: 166 مقررات المستوي: - CECS 100 | المهارات الرقميه | 3 ساعات - CECS 111 | مقدمه برمجيه | 3 ساعات - ELPR 130 | اللغه الانجليزيه-1 | 4 ساعات - SCMT 101 | تفاضل وتكامل-1 | 3 ساعات - SCPH 101 | فيزياء عامه-1 | 2 ساعات', '[program:BS-CYSE-IT|level:BS-CYSE-04|summary] (collection=degree_plans)\nالخطه الدراسيه البرنامج (الكود): BS-CYSE-IT البرنامج (الاسم): الامن السيبراني البرنامج (الاسم الكامل): بكالوريوس الامن السيبراني المستوي (الكود): BS-CYSE-04 المستوي (الاسم): المستوي 4 اجمالي ساعات البرنامج: 166 مقررات المستوي: - CECN 382 | مقدمه في شبكات الحاسب | 4 ساعات - CECS 282 | تركيب البيانات | 4 ساعات - CECS 284 | نظم التشغيل | 4 ساعات - CECY 221 | مبادئ هندسه البرمجيات | 4 ساعات - ISLM 100 | ثقافه اسلاميه-1 | 2 ساعات', '[program:BS-CYSE-IT|level:BS-CYSE-03|summary] (collection=degree_plans)\nالخطه الدراسيه البرنامج (الكود): BS-CYSE-IT البرنامج (الاسم): الامن السيبراني البرنامج (الاسم الكامل): بكالوريوس الامن السيبراني المستوي (الكود): BS-CYSE-03 المستوي (الاسم): المستوي 3 اجمالي ساعات البرنامج: 166 مقررات المستوي: - CECS 217 | تنظيم وبنيان الحاسب | 4 ساعات - CECY 211 | البرمجه الامنه | 4 ساعات - CLAL 100 | مهارات لغويه-1 | 2 ساعات - ELPR 220 | الكتابه الاكاديميه الانجليزيه | 2 ساعات - SCMT 221 | جير خطي | 3 ساعات - SCST 210 | احصاء علم-1 | 3 ساعات', '[program:BS-CYSE-IT|level:BS-CYSE-06|summary] (collection=degree_plans)\nالخطه الدراسيه البرنامج (الكود): BS-CYSE-IT البرنامج (الاسم): الامن السيبراني البرنامج (الاسم الكامل): بكالوريوس الامن السيبراني المستوي (الكود): BS-CYSE-06 المستوي (الاسم): المستوي 6 اجمالي ساعات البرنامج: 166 مقررات المستوي: - CECY 321 | تشفير | 4 ساعات - CECY 322 | اداره نظم | 4 ساعات - CECY 323 | امن الشبكات | 4 ساعات - CECY 324 | امن قواعد البيانات | 4 ساعات - SLPR 100 | الثقافه القانونيه | 2 ساعات', '[program:BS-CYSE-IT|level:BS-CYSE-02|summary] (collection=degree_plans)\nالخطه الدراسيه البرنامج (الكود): BS-CYSE-IT البرنامج (الاسم): الامن السيبراني البرنامج (الاسم الكامل): بكالوريوس الامن السيبراني المستوي (الكود): BS-CYSE-02 المستوي (الاسم): المستوي 2 اجمالي ساعات البرنامج: 166 مقررات المستوي: - CECS 121 | برمجه شيئيه | 4 ساعات - CECS 122 | رياضيات متقطعه | 3 ساعات - CEDS 124 | مقدمه قواعد بيانات | 3 ساعات - ELPR 140 | اللغه الانجليزيه-2 | 3 ساعات - SEPS 110 | م. الحياه الجامعيه و سوق العمل | 2 ساعات', '[program:BS-CYSE-IT|level:BS-CYSE-07|summary] (collection=degree_plans)\nالخطه الدراسيه البرنامج (الكود): BS-CYSE-IT البرنامج (الاسم): الامن السيبراني البرنامج (الاسم الكامل): بكالوريوس الامن السيبراني المستوي (الكود): BS-CYSE-07 المستوي (الاسم): المستوي 7 اجمالي ساعات البرنامج: 166 مقررات المستوي: - BUBA 100 | الابتكار ورياده الاعمال | 2 ساعات - CECY 411 | هندسه ومعماريه الامن السيبراني | 4 ساعات - CECY 412 | امن انظمه التحكم الصناعيه | 4 ساعات - CECY 481 | امن البرمجيات | 4 ساعات - ISLM 300 | ثقافه اسلاميه-3 | 2 ساعات', '[program:BS-CYSE-IT|level:BS-CYSE-10|summary] (collection=degree_plans)\nالخطه الدراسيه البرنامج (الكود): BS-CYSE-IT البرنامج (الاسم): الامن السيبراني البرنامج (الاسم الكامل): بكالوريوس الامن السيبراني المستوي (الكود): BS-CYSE-10 المستوي (الاسم): المستوي 10 اجمالي ساعات البرنامج: 166 مقررات المستوي: - CECY 413 | تحليل و اختراق الثغرات | 4 ساعات - CECY 414 | هندسهكسيه وتحليل البرمج | 4 ساعات - CECY 424 | اداره امن المعلومات | 3 ساعات - CECY 496 | مشروع تخرج-2 | 3 ساعات']","أول مقررات المستوى الأول في برنامج الأمن السيبراني هي:

1. CECS 100 - المهارات الرقمية (3 ساعات)
2. CECS 111 - مقدمة برمجية (3 ساعات)
3. ELPR 130 - اللغة الإنجليزية-1 (4 ساعات)
4. SCMT 101 - تفاضل وتكامل-1 (3 ساعات)
5. SCPH 101 - فيزياء عامة-1 (2 ساعات)",أول مقررات المستوى الأول في برنامج الأمن السيبراني هي: 100 المهارات الرقمية، 111 مقدمة برمجية، 130 اللغة الإنجليزية-1، 101 تفاضل وتكامل-1، 101 فيزياء عامة-1.,0.9013395546634468,0.249999999975,0.2,1.0
كم إجمالي الساعات المعتمدة في برنامج علوم البيانات؟,إجمالي الساعات المعتمدة في برنامج علوم البيانات هو 164 ساعة.,إجمالي الساعات المعتمدة في برنامج بكالوريوس الذكاء الاصطناعي هو 164 ساعة. لا توجد معلومات محددة عن برنامج علوم البيانات في المقاطع المقدمة.,"['[program:BS-ARIN-IT|level:9|summary] (collection=degree_plans)\nالخطه الدراسيه البرنامج (الكود): BS-ARIN-IT البرنامج (الاسم): الذكاء الاصطناعي البرنامج (الاسم الكامل): بكالوريوس الذكاء الاصطناعي المستوي (الكود): 9 المستوي (الاسم): المستوي 9 اجمالي ساعات البرنامج: 164 مقررات المستوي: - CEAI 495 | مشروع تخرج-1 | 4 ساعات - CEAI 395 | تدريب تعاوني | 8 ساعات', '[program:BS-ARIN-IT|level:6|summary] (collection=degree_plans)\nالخطه الدراسيه البرنامج (الكود): BS-ARIN-IT البرنامج (الاسم): الذكاء الاصطناعي البرنامج (الاسم الكامل): بكالوريوس الذكاء الاصطناعي المستوي (الكود): 6 المستوي (الاسم): المستوي 6 اجمالي ساعات البرنامج: 164 مقررات المستوي: - CEAI 321 | مقدمه في تعلم الاله | 4 ساعات - CEAI 322 | اساسيات التحسين والبحوث | 3 ساعات - CECY 382 | اساسيات الامن السيبراني | 3 ساعات - CESW 281 | مبادئ هندسه البرمجيات | 4 ساعات - CLAL 100 | مهارات لغويه -1 | 4 ساعات', '[program:BS-ARIN-IT|level:8|summary] (collection=degree_plans)\nالخطه الدراسيه البرنامج (الكود): BS-ARIN-IT البرنامج (الاسم): الذكاء الاصطناعي البرنامج (الاسم الكامل): بكالوريوس الذكاء الاصطناعي المستوي (الكود): 8 المستوي (الاسم): المستوي 8 اجمالي ساعات البرنامج: 164 مقررات المستوي: - CEAI 392 | 1-الممارسه المهنيه | 3 ساعات - CEAI 421 | معالجه اللغه الطبيعيه | 3 ساعات - CEAI 422 | اساسيات الرؤيه الحاسوبيه | 3 ساعات - ISLM 200 | الثقافه الاسلاميه-2 | 3 ساعات - SCBI 100 | الاستدامه البيئيه | 2 ساعات - CEAI XXX | مقرر اختياري-1 | 3 ساعات - XXX | مقرر حر-1 | 4 ساعات', '[program:BS-ARIN-IT|level:10|summary] (collection=degree_plans)\nالخطه الدراسيه البرنامج (الكود): BS-ARIN-IT البرنامج (الاسم): الذكاء الاصطناعي البرنامج (الاسم الكامل): بكالوريوس الذكاء الاصطناعي المستوي (الكود): 10 المستوي (الاسم): المستوي 10 اجمالي ساعات البرنامج: 164 مقررات المستوي: - CLAL 200 | مهارات لغويه-2 | 2 ساعات - ISLM 300 | ثقافه اسلاميه-3 | 3 ساعات - CEAI 496 | مشروع تخرج-2 | 4 ساعات - CEAI XXX | مقرر اختياري-2 | 3 ساعات - XXX | مقرر حر-2 | 4 ساعات - CEAI 423 | اخلاقيات وحوكمهالذكاء لاصطناعي | 3 ساعات', '[program:BS-ARIN-IT|level:3|summary] (collection=degree_plans)\nالخطه الدراسيه البرنامج (الكود): BS-ARIN-IT البرنامج (الاسم): الذكاء الاصطناعي البرنامج (الاسم الكامل): بكالوريوس الذكاء الاصطناعي المستوي (الكود): 3 المستوي (الاسم): المستوي 3 اجمالي ساعات البرنامج: 164 مقررات المستوي: - CECN 282 | تصميم المنطق الرقمي | 4 ساعات - CECS 281 | تراكيب البيانات | 4 ساعات - ELPR 220 | كتابه اكاديميه انجليزيه | 3 ساعات - ISLM 100 | ثقافه اسلاميه-1 | 2 ساعات - SCMT 211 | تفاضل و تكامل-2 | 3 ساعات - SCST 210 | احصاء عام -1 | 2 ساعات', '[program:BS-ARIN-IT|level:2|summary] (collection=degree_plans)\nالخطه الدراسيه البرنامج (الكود): BS-ARIN-IT البرنامج (الاسم): الذكاء الاصطناعي البرنامج (الاسم الكامل): بكالوريوس الذكاء الاصطناعي المستوي (الكود): 2 المستوي (الاسم): المستوي 2 اجمالي ساعات البرنامج: 164 مقررات المستوي: - CECS 121 | برمجه شيئيه | 4 ساعات - CECS 122 | رياضيات متقدمه حاسوبيه | 3 ساعات - CEDS 124 | مقدمه قواعد البيانات | 3 ساعات - ELPR 140 | اللغه الانجليزيه-4 | 3 ساعات - SEPS 110 | مهارات الحياه الجامعيه و سوق العمل | 1 ساعات', '[program:BS-ARIN-IT|level:5|summary] (collection=degree_plans)\nالخطه الدراسيه البرنامج (الكود): BS-ARIN-IT البرنامج (الاسم): الذكاء الاصطناعي البرنامج (الاسم الكامل): بكالوريوس الذكاء الاصطناعي المستوي (الكود): 5 المستوي (الاسم): المستوي 5 اجمالي ساعات البرنامج: 164 مقررات المستوي: - CEAI 281 | اساسيات الذكاء الاصطناعي | 4 ساعات - CEAI 311 | اسس تحليل البيانات | 4 ساعات - CECS 283 | نظم التشغيل | 3 ساعات - SCMT 221 | جبر خطي | 3 ساعات - SCST 310 | احتمالات تطبيقيه و نماذج عشوائيه | 3 ساعات', '[program:BS-ARIN-IT|level:4|summary] (collection=degree_plans)\nالخطه الدراسيه البرنامج (الكود): BS-ARIN-IT البرنامج (الاسم): الذكاء الاصطناعي البرنامج (الاسم الكامل): بكالوريوس الذكاء الاصطناعي المستوي (الكود): 4 المستوي (الاسم): المستوي 4 اجمالي ساعات البرنامج: 164 مقررات المستوي: - CECS 217 | تنظيم وتصميم الحاسب | 4 ساعات - CECS 218 | البرمجه المتقدمه | 4 ساعات - CECS 381 | تصميم وتحليل الخوارزميات | 3 ساعات - SCMT 212 | تفاضل و تكامل-3 | 3 ساعات - SCPH 211 | فيزياء عامه -2 | 4 ساعات', '[program:BS-ARIN-IT|level:1|summary] (collection=degree_plans)\nالخطه الدراسيه البرنامج (الكود): BS-ARIN-IT البرنامج (الاسم): الذكاء الاصطناعي البرنامج (الاسم الكامل): بكالوريوس الذكاء الاصطناعي المستوي (الكود): 1 المستوي (الاسم): المستوي 1 اجمالي ساعات البرنامج: 164 مقررات المستوي: - CECS 100 | المهارات الرقميه | 3 ساعات - CECS 111 | مقدمه في برمجه | 3 ساعات - ELPR 130 | اللغه الانجليزيه-3 | 3 ساعات - SCMT 102 | تفاضل و تكامل-1 | 3 ساعات - SCPH 101 | فيزياء عامه -1 | 3 ساعات', '[program:BS-ARIN-IT|level:7|summary] (collection=degree_plans)\nالخطه الدراسيه البرنامج (الكود): BS-ARIN-IT البرنامج (الاسم): الذكاء الاصطناعي البرنامج (الاسم الكامل): بكالوريوس الذكاء الاصطناعي المستوي (الكود): 7 المستوي (الاسم): المستوي 7 اجمالي ساعات البرنامج: 164 مقررات المستوي: - BCSC 100 | مقدمه في الاداره اللوجستيه | 2 ساعات - CEAI 411 | مقدمه في الروبوتات | 4 ساعات - CEAI 412 | التعلم العميق | 4 ساعات - CECN 381 | شبكات الحاسب | 4 ساعات - CESW 382 | اداره مشاريع البرمجيات | 4 ساعات']",10,True,False,False,True,كم إجمالي الساعات المعتمدة في برنامج علوم البيانات؟,,[],,Q027,degree_plans,علوم البيانات,easy,علوم البيانات normalized,علوم البيانات normalized JSON | total_credits,كم إجمالي الساعات المعتمدة في برنامج علوم البيانات؟,"['[program:BS-ARIN-IT|level:9|summary] (collection=degree_plans)\nالخطه الدراسيه البرنامج (الكود): BS-ARIN-IT البرنامج (الاسم): الذكاء الاصطناعي البرنامج (الاسم الكامل): بكالوريوس الذكاء الاصطناعي المستوي (الكود): 9 المستوي (الاسم): المستوي 9 اجمالي ساعات البرنامج: 164 مقررات المستوي: - CEAI 495 | مشروع تخرج-1 | 4 ساعات - CEAI 395 | تدريب تعاوني | 8 ساعات', '[program:BS-ARIN-IT|level:6|summary] (collection=degree_plans)\nالخطه الدراسيه البرنامج (الكود): BS-ARIN-IT البرنامج (الاسم): الذكاء الاصطناعي البرنامج (الاسم الكامل): بكالوريوس الذكاء الاصطناعي المستوي (الكود): 6 المستوي (الاسم): المستوي 6 اجمالي ساعات البرنامج: 164 مقررات المستوي: - CEAI 321 | مقدمه في تعلم الاله | 4 ساعات - CEAI 322 | اساسيات التحسين والبحوث | 3 ساعات - CECY 382 | اساسيات الامن السيبراني | 3 ساعات - CESW 281 | مبادئ هندسه البرمجيات | 4 ساعات - CLAL 100 | مهارات لغويه -1 | 4 ساعات', '[program:BS-ARIN-IT|level:8|summary] (collection=degree_plans)\nالخطه الدراسيه البرنامج (الكود): BS-ARIN-IT البرنامج (الاسم): الذكاء الاصطناعي البرنامج (الاسم الكامل): بكالوريوس الذكاء الاصطناعي المستوي (الكود): 8 المستوي (الاسم): المستوي 8 اجمالي ساعات البرنامج: 164 مقررات المستوي: - CEAI 392 | 1-الممارسه المهنيه | 3 ساعات - CEAI 421 | معالجه اللغه الطبيعيه | 3 ساعات - CEAI 422 | اساسيات الرؤيه الحاسوبيه | 3 ساعات - ISLM 200 | الثقافه الاسلاميه-2 | 3 ساعات - SCBI 100 | الاستدامه البيئيه | 2 ساعات - CEAI XXX | مقرر اختياري-1 | 3 ساعات - XXX | مقرر حر-1 | 4 ساعات', '[program:BS-ARIN-IT|level:10|summary] (collection=degree_plans)\nالخطه الدراسيه البرنامج (الكود): BS-ARIN-IT البرنامج (الاسم): الذكاء الاصطناعي البرنامج (الاسم الكامل): بكالوريوس الذكاء الاصطناعي المستوي (الكود): 10 المستوي (الاسم): المستوي 10 اجمالي ساعات البرنامج: 164 مقررات المستوي: - CLAL 200 | مهارات لغويه-2 | 2 ساعات - ISLM 300 | ثقافه اسلاميه-3 | 3 ساعات - CEAI 496 | مشروع تخرج-2 | 4 ساعات - CEAI XXX | مقرر اختياري-2 | 3 ساعات - XXX | مقرر حر-2 | 4 ساعات - CEAI 423 | اخلاقيات وحوكمهالذكاء لاصطناعي | 3 ساعات', '[program:BS-ARIN-IT|level:3|summary] (collection=degree_plans)\nالخطه الدراسيه البرنامج (الكود): BS-ARIN-IT البرنامج (الاسم): الذكاء الاصطناعي البرنامج (الاسم الكامل): بكالوريوس الذكاء الاصطناعي المستوي (الكود): 3 المستوي (الاسم): المستوي 3 اجمالي ساعات البرنامج: 164 مقررات المستوي: - CECN 282 | تصميم المنطق الرقمي | 4 ساعات - CECS 281 | تراكيب البيانات | 4 ساعات - ELPR 220 | كتابه اكاديميه انجليزيه | 3 ساعات - ISLM 100 | ثقافه اسلاميه-1 | 2 ساعات - SCMT 211 | تفاضل و تكامل-2 | 3 ساعات - SCST 210 | احصاء عام -1 | 2 ساعات', '[program:BS-ARIN-IT|level:2|summary] (collection=degree_plans)\nالخطه الدراسيه البرنامج (الكود): BS-ARIN-IT البرنامج (الاسم): الذكاء الاصطناعي البرنامج (الاسم الكامل): بكالوريوس الذكاء الاصطناعي المستوي (الكود): 2 المستوي (الاسم): المستوي 2 اجمالي ساعات البرنامج: 164 مقررات المستوي: - CECS 121 | برمجه شيئيه | 4 ساعات - CECS 122 | رياضيات متقدمه حاسوبيه | 3 ساعات - CEDS 124 | مقدمه قواعد البيانات | 3 ساعات - ELPR 140 | اللغه الانجليزيه-4 | 3 ساعات - SEPS 110 | مهارات الحياه الجامعيه و سوق العمل | 1 ساعات', '[program:BS-ARIN-IT|level:5|summary] (collection=degree_plans)\nالخطه الدراسيه البرنامج (الكود): BS-ARIN-IT البرنامج (الاسم): الذكاء الاصطناعي البرنامج (الاسم الكامل): بكالوريوس الذكاء الاصطناعي المستوي (الكود): 5 المستوي (الاسم): المستوي 5 اجمالي ساعات البرنامج: 164 مقررات المستوي: - CEAI 281 | اساسيات الذكاء الاصطناعي | 4 ساعات - CEAI 311 | اسس تحليل البيانات | 4 ساعات - CECS 283 | نظم التشغيل | 3 ساعات - SCMT 221 | جبر خطي | 3 ساعات - SCST 310 | احتمالات تطبيقيه و نماذج عشوائيه | 3 ساعات', '[program:BS-ARIN-IT|level:4|summary] (collection=degree_plans)\nالخطه الدراسيه البرنامج (الكود): BS-ARIN-IT البرنامج (الاسم): الذكاء الاصطناعي البرنامج (الاسم الكامل): بكالوريوس الذكاء الاصطناعي المستوي (الكود): 4 المستوي (الاسم): المستوي 4 اجمالي ساعات البرنامج: 164 مقررات المستوي: - CECS 217 | تنظيم وتصميم الحاسب | 4 ساعات - CECS 218 | البرمجه المتقدمه | 4 ساعات - CECS 381 | تصميم وتحليل الخوارزميات | 3 ساعات - SCMT 212 | تفاضل و تكامل-3 | 3 ساعات - SCPH 211 | فيزياء عامه -2 | 4 ساعات', '[program:BS-ARIN-IT|level:1|summary] (collection=degree_plans)\nالخطه الدراسيه البرنامج (الكود): BS-ARIN-IT البرنامج (الاسم): الذكاء الاصطناعي البرنامج (الاسم الكامل): بكالوريوس الذكاء الاصطناعي المستوي (الكود): 1 المستوي (الاسم): المستوي 1 اجمالي ساعات البرنامج: 164 مقررات المستوي: - CECS 100 | المهارات الرقميه | 3 ساعات - CECS 111 | مقدمه في برمجه | 3 ساعات - ELPR 130 | اللغه الانجليزيه-3 | 3 ساعات - SCMT 102 | تفاضل و تكامل-1 | 3 ساعات - SCPH 101 | فيزياء عامه -1 | 3 ساعات', '[program:BS-ARIN-IT|level:7|summary] (collection=degree_plans)\nالخطه الدراسيه البرنامج (الكود): BS-ARIN-IT البرنامج (الاسم): الذكاء الاصطناعي البرنامج (الاسم الكامل): بكالوريوس الذكاء الاصطناعي المستوي (الكود): 7 المستوي (الاسم): المستوي 7 اجمالي ساعات البرنامج: 164 مقررات المستوي: - BCSC 100 | مقدمه في الاداره اللوجستيه | 2 ساعات - CEAI 411 | مقدمه في الروبوتات | 4 ساعات - CEAI 412 | التعلم العميق | 4 ساعات - CECN 381 | شبكات الحاسب | 4 ساعات - CESW 382 | اداره مشاريع البرمجيات | 4 ساعات']",إجمالي الساعات المعتمدة في برنامج بكالوريوس الذكاء الاصطناعي هو 164 ساعة. لا توجد معلومات محددة عن برنامج علوم البيانات في المقاطع المقدمة.,إجمالي الساعات المعتمدة في برنامج علوم البيانات هو 164 ساعة.,0.0,0.99999999999,1.0,0.0
ما أول مقررات المستوى الأول في برنامج علوم البيانات؟,أول مقررات المستوى الأول في برنامج علوم البيانات هي: 100 المهارات الرقمية، 111 مقدمة برمجية، 130 اللغة الإنجليزية-1، 102 تفاضل وتكامل-1، 101 فيزياء عامة-1.,"أول مقررات المستوى الأول في برنامج علوم البيانات هي:

1. CECS 100 | المهارات الرقمية | 3 ساعات
2. CECS 111 | مقدمة برمجية | 4 ساعات
3. ELPR 130 | اللغة الإنجليزية-1 | 2 ساعات
4. SCMT 102 | تفاضل وتكامل-1 | 3 ساعات
5. SCPH 101 | فيزياء عامة-1 | 3 ساعات","['[program:BS-DSAN-IT|level:BS-DSAN-01|summary] (collection=degree_plans)\nالخطه الدراسيه البرنامج (الكود): BS-DSAN-IT البرنامج (الاسم): BS-DSAN-IT البرنامج (الاسم الكامل): BS-DSAN-IT المستوي (الكود): BS-DSAN-01 المستوي (الاسم): المستوي 1 اجمالي ساعات البرنامج: 164 مقررات المستوي: - CECS 100 | المهارات الرقميه | 3 ساعات - CECS 111 | مقدمه برمجيه | 4 ساعات - ELPR 130 | اللغه الانجليزيه-1 | 2 ساعات - SCMT 102 | تفاضل وتكامل-1 | 3 ساعات - SCPH 101 | فيزياء عامه-1 | 3 ساعات', '[program:BS-DSAN-IT|level:BS-DSAN-03B|summary] (collection=degree_plans)\nالخطه الدراسيه البرنامج (الكود): BS-DSAN-IT البرنامج (الاسم): BS-DSAN-IT البرنامج (الاسم الكامل): BS-DSAN-IT المستوي (الكود): BS-DSAN-03B المستوي (الاسم): المستوي 3 - مسار B اجمالي ساعات البرنامج: 164 مقررات المستوي: - CLAL 100 | مهارات لغويه-1 | 2 ساعات - ELPR 220 | الكتابه الاكاديميه الانجليزيه | 2 ساعات - SCMT 211 | تفاضل وتكامل-2 | 3 ساعات - SCST 210 | احصاء عام-1 | 3 ساعات', '[program:BS-DSAN-IT|level:BS-DSAN-03|summary] (collection=degree_plans)\nالخطه الدراسيه البرنامج (الكود): BS-DSAN-IT البرنامج (الاسم): BS-DSAN-IT البرنامج (الاسم الكامل): BS-DSAN-IT المستوي (الكود): BS-DSAN-03 المستوي (الاسم): المستوي 3 اجمالي ساعات البرنامج: 164 مقررات المستوي: - CECS 281 | تركيب البيانات | 4 ساعات - CEDS 211 | هيكله وتنظيم الحاسوب | 4 ساعات', '[program:BS-DSAN-IT|level:BS-DSAN-07|summary] (collection=degree_plans)\nالخطه الدراسيه البرنامج (الكود): BS-DSAN-IT البرنامج (الاسم): BS-DSAN-IT البرنامج (الاسم الكامل): BS-DSAN-IT المستوي (الكود): BS-DSAN-07 المستوي (الاسم): المستوي 7 اجمالي ساعات البرنامج: 164 مقررات المستوي: - BUSC 100 | مقدمه في الاداره اللوجستيه | 2 ساعات - CEDS 411 | تصميم وتطبيقات الويب | 4 ساعات - CEDS 412 | تعلم الاله التطبيقي | 4 ساعات - CEDS 413 | تصور البيانات | 3 ساعات', '[program:BS-ARIN-IT|level:2|summary] (collection=degree_plans)\nالخطه الدراسيه البرنامج (الكود): BS-ARIN-IT البرنامج (الاسم): الذكاء الاصطناعي البرنامج (الاسم الكامل): بكالوريوس الذكاء الاصطناعي المستوي (الكود): 2 المستوي (الاسم): المستوي 2 اجمالي ساعات البرنامج: 164 مقررات المستوي: - CECS 121 | برمجه شيئيه | 4 ساعات - CECS 122 | رياضيات متقدمه حاسوبيه | 3 ساعات - CEDS 124 | مقدمه قواعد البيانات | 3 ساعات - ELPR 140 | اللغه الانجليزيه-4 | 3 ساعات - SEPS 110 | مهارات الحياه الجامعيه و سوق العمل | 1 ساعات', '[program:BS-ARIN-IT|elective:CEAI 441|row:10] (collection=electives)\nمقرر اختياري البرنامج (الكود): BS-ARIN-IT البرنامج (الاسم): الذكاء الاصطناعي البرنامج (الاسم الكامل): بكالوريوس الذكاء الاصطناعي الكود: CEAI 441 الاسم عربي: موضوعات متقدمه في العمليات الاسم انجليزي: Topics in Applied Operational Research الوحدات: 4 المتطلبات السابقه (رموز): CEAI 322 ملاحظات: Elective — can be taken at any level once prerequisites are met.', '[section:general_requirements|part:0] (collection=specialization)\ngeneral_requirements: - ان يكون الطالب/ه قد انهي فصول الخطه الدراسيه المحدده له - استيفاء جميع الشروط الخاصه بالتخصص - يكون التخصيص مفاضله حسب المعدلات والمقاعد المتاحه', '[program:BS-DSAN-IT|level:BS-DSAN-05|summary] (collection=degree_plans)\nالخطه الدراسيه البرنامج (الكود): BS-DSAN-IT البرنامج (الاسم): BS-DSAN-IT البرنامج (الاسم الكامل): BS-DSAN-IT المستوي (الكود): BS-DSAN-05 المستوي (الاسم): المستوي 5 اجمالي ساعات البرنامج: 164 مقررات المستوي: - CECN 383 | اتصالات البيانات | 4 ساعات - CECS 381 | تصميم وتحليل الخوارزميات | 3 ساعات - CEDS 311 | مقدمه في علوم البيانات | 4 ساعات', '[program:BS-ARIN-IT|elective:CECS 226|row:15] (collection=electives)\nمقرر اختياري البرنامج (الكود): BS-ARIN-IT البرنامج (الاسم): الذكاء الاصطناعي البرنامج (الاسم الكامل): بكالوريوس الذكاء الاصطناعي الكود: CECS 226 الاسم عربي: سهوله الاستخدام الاسم انجليزي: Usability Design الوحدات: 4 المتطلبات السابقه (رموز): CECS 121 ملاحظات: Elective — can be taken at any level once prerequisites are met.', '[program:BS-ARIN-IT|elective:CECS 219|row:19] (collection=electives)\nمقرر اختياري البرنامج (الكود): BS-ARIN-IT البرنامج (الاسم): الذكاء الاصطناعي البرنامج (الاسم الكامل): بكالوريوس الذكاء الاصطناعي الكود: CECS 219 الاسم عربي: برمجه بدون كود/ قليله الكود الاسم انجليزي: No Code / Low Code Programming الوحدات: 4 المتطلبات السابقه: لا يوجد ملاحظات: Elective — can be taken at any level once prerequisites are met.']",10,True,False,False,True,ما أول مقررات المستوى الأول في برنامج علوم البيانات؟,,[],,Q028,degree_plans,علوم البيانات,easy,علوم البيانات normalized,علوم البيانات normalized JSON | level 1 courses,ما أول مقررات المستوى الأول في برنامج علوم البيانات؟,"['[program:BS-DSAN-IT|level:BS-DSAN-01|summary] (collection=degree_plans)\nالخطه الدراسيه البرنامج (الكود): BS-DSAN-IT البرنامج (الاسم): BS-DSAN-IT البرنامج (الاسم الكامل): BS-DSAN-IT المستوي (الكود): BS-DSAN-01 المستوي (الاسم): المستوي 1 اجمالي ساعات البرنامج: 164 مقررات المستوي: - CECS 100 | المهارات الرقميه | 3 ساعات - CECS 111 | مقدمه برمجيه | 4 ساعات - ELPR 130 | اللغه الانجليزيه-1 | 2 ساعات - SCMT 102 | تفاضل وتكامل-1 | 3 ساعات - SCPH 101 | فيزياء عامه-1 | 3 ساعات', '[program:BS-DSAN-IT|level:BS-DSAN-03B|summary] (collection=degree_plans)\nالخطه الدراسيه البرنامج (الكود): BS-DSAN-IT البرنامج (الاسم): BS-DSAN-IT البرنامج (الاسم الكامل): BS-DSAN-IT المستوي (الكود): BS-DSAN-03B المستوي (الاسم): المستوي 3 - مسار B اجمالي ساعات البرنامج: 164 مقررات المستوي: - CLAL 100 | مهارات لغويه-1 | 2 ساعات - ELPR 220 | الكتابه الاكاديميه الانجليزيه | 2 ساعات - SCMT 211 | تفاضل وتكامل-2 | 3 ساعات - SCST 210 | احصاء عام-1 | 3 ساعات', '[program:BS-DSAN-IT|level:BS-DSAN-03|summary] (collection=degree_plans)\nالخطه الدراسيه البرنامج (الكود): BS-DSAN-IT البرنامج (الاسم): BS-DSAN-IT البرنامج (الاسم الكامل): BS-DSAN-IT المستوي (الكود): BS-DSAN-03 المستوي (الاسم): المستوي 3 اجمالي ساعات البرنامج: 164 مقررات المستوي: - CECS 281 | تركيب البيانات | 4 ساعات - CEDS 211 | هيكله وتنظيم الحاسوب | 4 ساعات', '[program:BS-DSAN-IT|level:BS-DSAN-07|summary] (collection=degree_plans)\nالخطه الدراسيه البرنامج (الكود): BS-DSAN-IT البرنامج (الاسم): BS-DSAN-IT البرنامج (الاسم الكامل): BS-DSAN-IT المستوي (الكود): BS-DSAN-07 المستوي (الاسم): المستوي 7 اجمالي ساعات البرنامج: 164 مقررات المستوي: - BUSC 100 | مقدمه في الاداره اللوجستيه | 2 ساعات - CEDS 411 | تصميم وتطبيقات الويب | 4 ساعات - CEDS 412 | تعلم الاله التطبيقي | 4 ساعات - CEDS 413 | تصور البيانات | 3 ساعات', '[program:BS-ARIN-IT|level:2|summary] (collection=degree_plans)\nالخطه الدراسيه البرنامج (الكود): BS-ARIN-IT البرنامج (الاسم): الذكاء الاصطناعي البرنامج (الاسم الكامل): بكالوريوس الذكاء الاصطناعي المستوي (الكود): 2 المستوي (الاسم): المستوي 2 اجمالي ساعات البرنامج: 164 مقررات المستوي: - CECS 121 | برمجه شيئيه | 4 ساعات - CECS 122 | رياضيات متقدمه حاسوبيه | 3 ساعات - CEDS 124 | مقدمه قواعد البيانات | 3 ساعات - ELPR 140 | اللغه الانجليزيه-4 | 3 ساعات - SEPS 110 | مهارات الحياه الجامعيه و سوق العمل | 1 ساعات', '[program:BS-ARIN-IT|elective:CEAI 441|row:10] (collection=electives)\nمقرر اختياري البرنامج (الكود): BS-ARIN-IT البرنامج (الاسم): الذكاء الاصطناعي البرنامج (الاسم الكامل): بكالوريوس الذكاء الاصطناعي الكود: CEAI 441 الاسم عربي: موضوعات متقدمه في العمليات الاسم انجليزي: Topics in Applied Operational Research الوحدات: 4 المتطلبات السابقه (رموز): CEAI 322 ملاحظات: Elective — can be taken at any level once prerequisites are met.', '[section:general_requirements|part:0] (collection=specialization)\ngeneral_requirements: - ان يكون الطالب/ه قد انهي فصول الخطه الدراسيه المحدده له - استيفاء جميع الشروط الخاصه بالتخصص - يكون التخصيص مفاضله حسب المعدلات والمقاعد المتاحه', '[program:BS-DSAN-IT|level:BS-DSAN-05|summary] (collection=degree_plans)\nالخطه الدراسيه البرنامج (الكود): BS-DSAN-IT البرنامج (الاسم): BS-DSAN-IT البرنامج (الاسم الكامل): BS-DSAN-IT المستوي (الكود): BS-DSAN-05 المستوي (الاسم): المستوي 5 اجمالي ساعات البرنامج: 164 مقررات المستوي: - CECN 383 | اتصالات البيانات | 4 ساعات - CECS 381 | تصميم وتحليل الخوارزميات | 3 ساعات - CEDS 311 | مقدمه في علوم البيانات | 4 ساعات', '[program:BS-ARIN-IT|elective:CECS 226|row:15] (collection=electives)\nمقرر اختياري البرنامج (الكود): BS-ARIN-IT البرنامج (الاسم): الذكاء الاصطناعي البرنامج (الاسم الكامل): بكالوريوس الذكاء الاصطناعي الكود: CECS 226 الاسم عربي: سهوله الاستخدام الاسم انجليزي: Usability Design الوحدات: 4 المتطلبات السابقه (رموز): CECS 121 ملاحظات: Elective — can be taken at any level once prerequisites are met.', '[program:BS-ARIN-IT|elective:CECS 219|row:19] (collection=electives)\nمقرر اختياري البرنامج (الكود): BS-ARIN-IT البرنامج (الاسم): الذكاء الاصطناعي البرنامج (الاسم الكامل): بكالوريوس الذكاء الاصطناعي الكود: CECS 219 الاسم عربي: برمجه بدون كود/ قليله الكود الاسم انجليزي: No Code / Low Code Programming الوحدات: 4 المتطلبات السابقه: لا يوجد ملاحظات: Elective — can be taken at any level once prerequisites are met.']","أول مقررات المستوى الأول في برنامج علوم البيانات هي:

1. CECS 100 | المهارات الرقمية | 3 ساعات
2. CECS 111 | مقدمة برمجية | 4 ساعات
3. ELPR 130 | اللغة الإنجليزية-1 | 2 ساعات
4. SCMT 102 | تفاضل وتكامل-1 | 3 ساعات
5. SCPH 101 | فيزياء عامة-1 | 3 ساعات",أول مقررات المستوى الأول في برنامج علوم البيانات هي: 100 المهارات الرقمية، 111 مقدمة برمجية، 130 اللغة الإنجليزية-1، 102 تفاضل وتكامل-1، 101 فيزياء عامة-1.,0.7791449619361904,0.9999999999,0.0,1.0
كم إجمالي الساعات المعتمدة في برنامج هندسة البرمجيات؟,إجمالي الساعات المعتمدة في برنامج هندسة البرمجيات هو 167 ساعة.,لا توجد معلومات كافية عن إجمالي الساعات المعتمدة في برنامج هندسة البرمجيات في المقاطع المقدمة. جميع المعلومات المتاحة تتعلق ببرنامج بكالوريوس الذكاء الاصطناعي.,"['[program:BS-ARIN-IT|level:9|summary] (collection=degree_plans)\nالخطه الدراسيه البرنامج (الكود): BS-ARIN-IT البرنامج (الاسم): الذكاء الاصطناعي البرنامج (الاسم الكامل): بكالوريوس الذكاء الاصطناعي المستوي (الكود): 9 المستوي (الاسم): المستوي 9 اجمالي ساعات البرنامج: 164 مقررات المستوي: - CEAI 495 | مشروع تخرج-1 | 4 ساعات - CEAI 395 | تدريب تعاوني | 8 ساعات', '[program:BS-ARIN-IT|level:6|summary] (collection=degree_plans)\nالخطه الدراسيه البرنامج (الكود): BS-ARIN-IT البرنامج (الاسم): الذكاء الاصطناعي البرنامج (الاسم الكامل): بكالوريوس الذكاء الاصطناعي المستوي (الكود): 6 المستوي (الاسم): المستوي 6 اجمالي ساعات البرنامج: 164 مقررات المستوي: - CEAI 321 | مقدمه في تعلم الاله | 4 ساعات - CEAI 322 | اساسيات التحسين والبحوث | 3 ساعات - CECY 382 | اساسيات الامن السيبراني | 3 ساعات - CESW 281 | مبادئ هندسه البرمجيات | 4 ساعات - CLAL 100 | مهارات لغويه -1 | 4 ساعات', '[program:BS-ARIN-IT|level:8|summary] (collection=degree_plans)\nالخطه الدراسيه البرنامج (الكود): BS-ARIN-IT البرنامج (الاسم): الذكاء الاصطناعي البرنامج (الاسم الكامل): بكالوريوس الذكاء الاصطناعي المستوي (الكود): 8 المستوي (الاسم): المستوي 8 اجمالي ساعات البرنامج: 164 مقررات المستوي: - CEAI 392 | 1-الممارسه المهنيه | 3 ساعات - CEAI 421 | معالجه اللغه الطبيعيه | 3 ساعات - CEAI 422 | اساسيات الرؤيه الحاسوبيه | 3 ساعات - ISLM 200 | الثقافه الاسلاميه-2 | 3 ساعات - SCBI 100 | الاستدامه البيئيه | 2 ساعات - CEAI XXX | مقرر اختياري-1 | 3 ساعات - XXX | مقرر حر-1 | 4 ساعات', '[program:BS-ARIN-IT|level:10|summary] (collection=degree_plans)\nالخطه الدراسيه البرنامج (الكود): BS-ARIN-IT البرنامج (الاسم): الذكاء الاصطناعي البرنامج (الاسم الكامل): بكالوريوس الذكاء الاصطناعي المستوي (الكود): 10 المستوي (الاسم): المستوي 10 اجمالي ساعات البرنامج: 164 مقررات المستوي: - CLAL 200 | مهارات لغويه-2 | 2 ساعات - ISLM 300 | ثقافه اسلاميه-3 | 3 ساعات - CEAI 496 | مشروع تخرج-2 | 4 ساعات - CEAI XXX | مقرر اختياري-2 | 3 ساعات - XXX | مقرر حر-2 | 4 ساعات - CEAI 423 | اخلاقيات وحوكمهالذكاء لاصطناعي | 3 ساعات', '[program:BS-ARIN-IT|level:3|summary] (collection=degree_plans)\nالخطه الدراسيه البرنامج (الكود): BS-ARIN-IT البرنامج (الاسم): الذكاء الاصطناعي البرنامج (الاسم الكامل): بكالوريوس الذكاء الاصطناعي المستوي (الكود): 3 المستوي (الاسم): المستوي 3 اجمالي ساعات البرنامج: 164 مقررات المستوي: - CECN 282 | تصميم المنطق الرقمي | 4 ساعات - CECS 281 | تراكيب البيانات | 4 ساعات - ELPR 220 | كتابه اكاديميه انجليزيه | 3 ساعات - ISLM 100 | ثقافه اسلاميه-1 | 2 ساعات - SCMT 211 | تفاضل و تكامل-2 | 3 ساعات - SCST 210 | احصاء عام -1 | 2 ساعات', '[program:BS-ARIN-IT|level:2|summary] (collection=degree_plans)\nالخطه الدراسيه البرنامج (الكود): BS-ARIN-IT البرنامج (الاسم): الذكاء الاصطناعي البرنامج (الاسم الكامل): بكالوريوس الذكاء الاصطناعي المستوي (الكود): 2 المستوي (الاسم): المستوي 2 اجمالي ساعات البرنامج: 164 مقررات المستوي: - CECS 121 | برمجه شيئيه | 4 ساعات - CECS 122 | رياضيات متقدمه حاسوبيه | 3 ساعات - CEDS 124 | مقدمه قواعد البيانات | 3 ساعات - ELPR 140 | اللغه الانجليزيه-4 | 3 ساعات - SEPS 110 | مهارات الحياه الجامعيه و سوق العمل | 1 ساعات', '[program:BS-ARIN-IT|level:5|summary] (collection=degree_plans)\nالخطه الدراسيه البرنامج (الكود): BS-ARIN-IT البرنامج (الاسم): الذكاء الاصطناعي البرنامج (الاسم الكامل): بكالوريوس الذكاء الاصطناعي المستوي (الكود): 5 المستوي (الاسم): المستوي 5 اجمالي ساعات البرنامج: 164 مقررات المستوي: - CEAI 281 | اساسيات الذكاء الاصطناعي | 4 ساعات - CEAI 311 | اسس تحليل البيانات | 4 ساعات - CECS 283 | نظم التشغيل | 3 ساعات - SCMT 221 | جبر خطي | 3 ساعات - SCST 310 | احتمالات تطبيقيه و نماذج عشوائيه | 3 ساعات', '[program:BS-ARIN-IT|level:4|summary] (collection=degree_plans)\nالخطه الدراسيه البرنامج (الكود): BS-ARIN-IT البرنامج (الاسم): الذكاء الاصطناعي البرنامج (الاسم الكامل): بكالوريوس الذكاء الاصطناعي المستوي (الكود): 4 المستوي (الاسم): المستوي 4 اجمالي ساعات البرنامج: 164 مقررات المستوي: - CECS 217 | تنظيم وتصميم الحاسب | 4 ساعات - CECS 218 | البرمجه المتقدمه | 4 ساعات - CECS 381 | تصميم وتحليل الخوارزميات | 3 ساعات - SCMT 212 | تفاضل و تكامل-3 | 3 ساعات - SCPH 211 | فيزياء عامه -2 | 4 ساعات', '[program:BS-ARIN-IT|level:1|summary] (collection=degree_plans)\nالخطه الدراسيه البرنامج (الكود): BS-ARIN-IT البرنامج (الاسم): الذكاء الاصطناعي البرنامج (الاسم الكامل): بكالوريوس الذكاء الاصطناعي المستوي (الكود): 1 المستوي (الاسم): المستوي 1 اجمالي ساعات البرنامج: 164 مقررات المستوي: - CECS 100 | المهارات الرقميه | 3 ساعات - CECS 111 | مقدمه في برمجه | 3 ساعات - ELPR 130 | اللغه الانجليزيه-3 | 3 ساعات - SCMT 102 | تفاضل و تكامل-1 | 3 ساعات - SCPH 101 | فيزياء عامه -1 | 3 ساعات', '[program:BS-ARIN-IT|level:7|summary] (collection=degree_plans)\nالخطه الدراسيه البرنامج (الكود): BS-ARIN-IT البرنامج (الاسم): الذكاء الاصطناعي البرنامج (الاسم الكامل): بكالوريوس الذكاء الاصطناعي المستوي (الكود): 7 المستوي (الاسم): المستوي 7 اجمالي ساعات البرنامج: 164 مقررات المستوي: - BCSC 100 | مقدمه في الاداره اللوجستيه | 2 ساعات - CEAI 411 | مقدمه في الروبوتات | 4 ساعات - CEAI 412 | التعلم العميق | 4 ساعات - CECN 381 | شبكات الحاسب | 4 ساعات - CESW 382 | اداره مشاريع البرمجيات | 4 ساعات']",10,True,False,False,True,كم إجمالي الساعات المعتمدة في برنامج هندسة البرمجيات؟,,[],,Q029,degree_plans,هندسة البرمجيات,easy,هندسة البرمجيات normalized,هندسة البرمجيات normalized JSON | total_credits,كم إجمالي الساعات المعتمدة في برنامج هندسة البرمجيات؟,"['[program:BS-ARIN-IT|level:9|summary] (collection=degree_plans)\nالخطه الدراسيه البرنامج (الكود): BS-ARIN-IT البرنامج (الاسم): الذكاء الاصطناعي البرنامج (الاسم الكامل): بكالوريوس الذكاء الاصطناعي المستوي (الكود): 9 المستوي (الاسم): المستوي 9 اجمالي ساعات البرنامج: 164 مقررات المستوي: - CEAI 495 | مشروع تخرج-1 | 4 ساعات - CEAI 395 | تدريب تعاوني | 8 ساعات', '[program:BS-ARIN-IT|level:6|summary] (collection=degree_plans)\nالخطه الدراسيه البرنامج (الكود): BS-ARIN-IT البرنامج (الاسم): الذكاء الاصطناعي البرنامج (الاسم الكامل): بكالوريوس الذكاء الاصطناعي المستوي (الكود): 6 المستوي (الاسم): المستوي 6 اجمالي ساعات البرنامج: 164 مقررات المستوي: - CEAI 321 | مقدمه في تعلم الاله | 4 ساعات - CEAI 322 | اساسيات التحسين والبحوث | 3 ساعات - CECY 382 | اساسيات الامن السيبراني | 3 ساعات - CESW 281 | مبادئ هندسه البرمجيات | 4 ساعات - CLAL 100 | مهارات لغويه -1 | 4 ساعات', '[program:BS-ARIN-IT|level:8|summary] (collection=degree_plans)\nالخطه الدراسيه البرنامج (الكود): BS-ARIN-IT البرنامج (الاسم): الذكاء الاصطناعي البرنامج (الاسم الكامل): بكالوريوس الذكاء الاصطناعي المستوي (الكود): 8 المستوي (الاسم): المستوي 8 اجمالي ساعات البرنامج: 164 مقررات المستوي: - CEAI 392 | 1-الممارسه المهنيه | 3 ساعات - CEAI 421 | معالجه اللغه الطبيعيه | 3 ساعات - CEAI 422 | اساسيات الرؤيه الحاسوبيه | 3 ساعات - ISLM 200 | الثقافه الاسلاميه-2 | 3 ساعات - SCBI 100 | الاستدامه البيئيه | 2 ساعات - CEAI XXX | مقرر اختياري-1 | 3 ساعات - XXX | مقرر حر-1 | 4 ساعات', '[program:BS-ARIN-IT|level:10|summary] (collection=degree_plans)\nالخطه الدراسيه البرنامج (الكود): BS-ARIN-IT البرنامج (الاسم): الذكاء الاصطناعي البرنامج (الاسم الكامل): بكالوريوس الذكاء الاصطناعي المستوي (الكود): 10 المستوي (الاسم): المستوي 10 اجمالي ساعات البرنامج: 164 مقررات المستوي: - CLAL 200 | مهارات لغويه-2 | 2 ساعات - ISLM 300 | ثقافه اسلاميه-3 | 3 ساعات - CEAI 496 | مشروع تخرج-2 | 4 ساعات - CEAI XXX | مقرر اختياري-2 | 3 ساعات - XXX | مقرر حر-2 | 4 ساعات - CEAI 423 | اخلاقيات وحوكمهالذكاء لاصطناعي | 3 ساعات', '[program:BS-ARIN-IT|level:3|summary] (collection=degree_plans)\nالخطه الدراسيه البرنامج (الكود): BS-ARIN-IT البرنامج (الاسم): الذكاء الاصطناعي البرنامج (الاسم الكامل): بكالوريوس الذكاء الاصطناعي المستوي (الكود): 3 المستوي (الاسم): المستوي 3 اجمالي ساعات البرنامج: 164 مقررات المستوي: - CECN 282 | تصميم المنطق الرقمي | 4 ساعات - CECS 281 | تراكيب البيانات | 4 ساعات - ELPR 220 | كتابه اكاديميه انجليزيه | 3 ساعات - ISLM 100 | ثقافه اسلاميه-1 | 2 ساعات - SCMT 211 | تفاضل و تكامل-2 | 3 ساعات - SCST 210 | احصاء عام -1 | 2 ساعات', '[program:BS-ARIN-IT|level:2|summary] (collection=degree_plans)\nالخطه الدراسيه البرنامج (الكود): BS-ARIN-IT البرنامج (الاسم): الذكاء الاصطناعي البرنامج (الاسم الكامل): بكالوريوس الذكاء الاصطناعي المستوي (الكود): 2 المستوي (الاسم): المستوي 2 اجمالي ساعات البرنامج: 164 مقررات المستوي: - CECS 121 | برمجه شيئيه | 4 ساعات - CECS 122 | رياضيات متقدمه حاسوبيه | 3 ساعات - CEDS 124 | مقدمه قواعد البيانات | 3 ساعات - ELPR 140 | اللغه الانجليزيه-4 | 3 ساعات - SEPS 110 | مهارات الحياه الجامعيه و سوق العمل | 1 ساعات', '[program:BS-ARIN-IT|level:5|summary] (collection=degree_plans)\nالخطه الدراسيه البرنامج (الكود): BS-ARIN-IT البرنامج (الاسم): الذكاء الاصطناعي البرنامج (الاسم الكامل): بكالوريوس الذكاء الاصطناعي المستوي (الكود): 5 المستوي (الاسم): المستوي 5 اجمالي ساعات البرنامج: 164 مقررات المستوي: - CEAI 281 | اساسيات الذكاء الاصطناعي | 4 ساعات - CEAI 311 | اسس تحليل البيانات | 4 ساعات - CECS 283 | نظم التشغيل | 3 ساعات - SCMT 221 | جبر خطي | 3 ساعات - SCST 310 | احتمالات تطبيقيه و نماذج عشوائيه | 3 ساعات', '[program:BS-ARIN-IT|level:4|summary] (collection=degree_plans)\nالخطه الدراسيه البرنامج (الكود): BS-ARIN-IT البرنامج (الاسم): الذكاء الاصطناعي البرنامج (الاسم الكامل): بكالوريوس الذكاء الاصطناعي المستوي (الكود): 4 المستوي (الاسم): المستوي 4 اجمالي ساعات البرنامج: 164 مقررات المستوي: - CECS 217 | تنظيم وتصميم الحاسب | 4 ساعات - CECS 218 | البرمجه المتقدمه | 4 ساعات - CECS 381 | تصميم وتحليل الخوارزميات | 3 ساعات - SCMT 212 | تفاضل و تكامل-3 | 3 ساعات - SCPH 211 | فيزياء عامه -2 | 4 ساعات', '[program:BS-ARIN-IT|level:1|summary] (collection=degree_plans)\nالخطه الدراسيه البرنامج (الكود): BS-ARIN-IT البرنامج (الاسم): الذكاء الاصطناعي البرنامج (الاسم الكامل): بكالوريوس الذكاء الاصطناعي المستوي (الكود): 1 المستوي (الاسم): المستوي 1 اجمالي ساعات البرنامج: 164 مقررات المستوي: - CECS 100 | المهارات الرقميه | 3 ساعات - CECS 111 | مقدمه في برمجه | 3 ساعات - ELPR 130 | اللغه الانجليزيه-3 | 3 ساعات - SCMT 102 | تفاضل و تكامل-1 | 3 ساعات - SCPH 101 | فيزياء عامه -1 | 3 ساعات', '[program:BS-ARIN-IT|level:7|summary] (collection=degree_plans)\nالخطه الدراسيه البرنامج (الكود): BS-ARIN-IT البرنامج (الاسم): الذكاء الاصطناعي البرنامج (الاسم الكامل): بكالوريوس الذكاء الاصطناعي المستوي (الكود): 7 المستوي (الاسم): المستوي 7 اجمالي ساعات البرنامج: 164 مقررات المستوي: - BCSC 100 | مقدمه في الاداره اللوجستيه | 2 ساعات - CEAI 411 | مقدمه في الروبوتات | 4 ساعات - CEAI 412 | التعلم العميق | 4 ساعات - CECN 381 | شبكات الحاسب | 4 ساعات - CESW 382 | اداره مشاريع البرمجيات | 4 ساعات']",لا توجد معلومات كافية عن إجمالي الساعات المعتمدة في برنامج هندسة البرمجيات في المقاطع المقدمة. جميع المعلومات المتاحة تتعلق ببرنامج بكالوريوس الذكاء الاصطناعي.,إجمالي الساعات المعتمدة في برنامج هندسة البرمجيات هو 167 ساعة.,0.0,0.0,0.5,0.0
ما أول مقررات المستوى الأول في برنامج هندسة البرمجيات؟,أول مقررات المستوى الأول في برنامج هندسة البرمجيات هي: 100 المهارات الرقمية، 111 مقدمة برمجية، 130 اللغة الإنجليزية-3، 102 تفاضل وتكامل-1، 101 فيزياء عامة-1.,"أول مقررات المستوى الأول في برنامج هندسة البرمجيات هي:

1. CECS 100 - المهارات الرقمية (3 ساعات)
2. CECS 111 - مقدمة برمجية (4 ساعات)
3. ELPR 130 - اللغة الإنجليزية-3 (2 ساعات)
4. SCMT 102 - تفاضل وتكامل-1 (3 ساعات)
5. SCPH 101 - فيزياء عامة-1 (3 ساعات)","['[program:BS-SOEN-IT|level:BS-SOEN-07|summary] (collection=degree_plans)\nالخطه الدراسيه البرنامج (الكود): BS-SOEN-IT البرنامج (الاسم): هندسه البرمجيات البرنامج (الاسم الكامل): بكالوريوس هندسه البرمجيات المستوي (الكود): BS-SOEN-07 المستوي (الاسم): المستوي 7 اجمالي ساعات البرنامج: 167 مقررات المستوي: - CECS 283 | نظم التشغيل | 4 ساعات - CESW 382 | اداره مشاريع البرمجيات | 4 ساعات - CESW 411 | بناء البرمجيات | 4 ساعات - ISLM 300 | ثقافه اسلاميه-3 | 2 ساعات - SLPR 111 | مبادئ القانون | 3 ساعات', '[program:BS-SOEN-IT|level:BS-SOEN-06|summary] (collection=degree_plans)\nالخطه الدراسيه البرنامج (الكود): BS-SOEN-IT البرنامج (الاسم): هندسه البرمجيات البرنامج (الاسم الكامل): بكالوريوس هندسه البرمجيات المستوي (الكود): BS-SOEN-06 المستوي (الاسم): المستوي 6 اجمالي ساعات البرنامج: 167 مقررات المستوي: - BUBA 100 | الابتكار ورياده الاعمال | 2 ساعات - CECN 381 | شبكات الحاسب | 4 ساعات - CESW 321 | تصميم ومعماريه البرمجيات | 4 ساعات - CESW 322 | تقنيات البرمجه | 4 ساعات - SCST 310 | احتمالات تطبيق. و. عشوائيه | 3 ساعات', '[program:BS-SOEN-IT|level:BS-SOEN-09|summary] (collection=degree_plans)\nالخطه الدراسيه البرنامج (الكود): BS-SOEN-IT البرنامج (الاسم): هندسه البرمجيات البرنامج (الاسم الكامل): بكالوريوس هندسه البرمجيات المستوي (الكود): BS-SOEN-09 المستوي (الاسم): المستوي 9 اجمالي ساعات البرنامج: 167 مقررات المستوي: - CESW 495 | مشروع تخرج-1 | 2 ساعات', '[program:BS-SOEN-IT|level:BS-SOEN-01|summary] (collection=degree_plans)\nالخطه الدراسيه البرنامج (الكود): BS-SOEN-IT البرنامج (الاسم): هندسه البرمجيات البرنامج (الاسم الكامل): بكالوريوس هندسه البرمجيات المستوي (الكود): BS-SOEN-01 المستوي (الاسم): المستوي 1 اجمالي ساعات البرنامج: 167 مقررات المستوي: - CECS 100 | المهارات الرقميه | 3 ساعات - CECS 111 | مقدمه برمجيه | 4 ساعات - ELPR 130 | اللغه الانجليزيه-3 | 2 ساعات - SCMT 102 | تفاضل وتكامل-1 | 3 ساعات - SCPH 101 | فيزياء عامه-1 | 3 ساعات', '[program:BS-SOEN-IT|level:BS-SOEN-10|summary] (collection=degree_plans)\nالخطه الدراسيه البرنامج (الكود): BS-SOEN-IT البرنامج (الاسم): هندسه البرمجيات البرنامج (الاسم الكامل): بكالوريوس هندسه البرمجيات المستوي (الكود): BS-SOEN-10 المستوي (الاسم): المستوي 10 اجمالي ساعات البرنامج: 167 مقررات المستوي: - CECY 383 | اخلاقيات وحوكمه الحاسب | 2 ساعات - CECY 482 | هندسه امن البرمجيات | 3 ساعات - CESW 415 | جوده ومقاييس البرمجيات | 4 ساعات - CESW 496 | مشروع تخرج-2 | 3 ساعات', '[program:BS-SOEN-IT|level:BS-SOEN-03|summary] (collection=degree_plans)\nالخطه الدراسيه البرنامج (الكود): BS-SOEN-IT البرنامج (الاسم): هندسه البرمجيات البرنامج (الاسم الكامل): بكالوريوس هندسه البرمجيات المستوي (الكود): BS-SOEN-03 المستوي (الاسم): المستوي 3 اجمالي ساعات البرنامج: 167 مقررات المستوي: - CECN 281 | تصميم المنطق الرقمي | 4 ساعات - CESW 281 | مبادئ هندسه البرمجيات | 4 ساعات', '[program:BS-SOEN-IT|level:BS-SOEN-02|summary] (collection=degree_plans)\nالخطه الدراسيه البرنامج (الكود): BS-SOEN-IT البرنامج (الاسم): هندسه البرمجيات البرنامج (الاسم الكامل): بكالوريوس هندسه البرمجيات المستوي (الكود): BS-SOEN-02 المستوي (الاسم): المستوي 2 اجمالي ساعات البرنامج: 167 مقررات المستوي: - CECS 121 | برمجه شيئيه | 4 ساعات - CECS 122 | رياضيات متقطعه | 3 ساعات - CEDS 124 | مقدمه قواعد بيانات | 3 ساعات - ELPR 140 | اللغه الانجليزيه-4 | 2 ساعات - SEPS 110 | م. الحياه الجامعيه و سوق العمل | 2 ساعات', '[program:BS-SOEN-IT|level:BS-SOEN-05B|summary] (collection=degree_plans)\nالخطه الدراسيه البرنامج (الكود): BS-SOEN-IT البرنامج (الاسم): هندسه البرمجيات البرنامج (الاسم الكامل): بكالوريوس هندسه البرمجيات المستوي (الكود): BS-SOEN-05B المستوي (الاسم): المستوي 5 - مسار B اجمالي ساعات البرنامج: 167 مقررات المستوي: - ISLM 200 | الثقافه الاسلاميه-2 | 2 ساعات - SCBI 101 | احياء عامه-1 | 2 ساعات - SCST 210 | احصاء عام-1 | 3 ساعات', '[program:BS-SOEN-IT|level:BS-SOEN-08|summary] (collection=degree_plans)\nالخطه الدراسيه البرنامج (الكود): BS-SOEN-IT البرنامج (الاسم): هندسه البرمجيات البرنامج (الاسم الكامل): بكالوريوس هندسه البرمجيات المستوي (الكود): BS-SOEN-08 المستوي (الاسم): المستوي 8 اجمالي ساعات البرنامج: 167 مقررات المستوي: - CESW 392 | الممارسه المهنيه-1 | 2 ساعات - CESW 421 | اختبار وتحقق البرمجيات | 4 ساعات - CESW 422 | نماذج تصميم البرمجيات | 4 ساعات - CESW 423 | عماره عمليات البرمجيات | 4 ساعات - SCMT 212 | تفاضل وتكامل-3 | 3 ساعات', '[program:BS-SOEN-IT|level:BS-SOEN-04|summary] (collection=degree_plans)\nالخطه الدراسيه البرنامج (الكود): BS-SOEN-IT البرنامج (الاسم): هندسه البرمجيات البرنامج (الاسم الكامل): بكالوريوس هندسه البرمجيات المستوي (الكود): BS-SOEN-04 المستوي (الاسم): المستوي 4 اجمالي ساعات البرنامج: 167 مقررات المستوي: - CECN 283 | معماريه الحاسب | 4 ساعات - CESW 221 | هندسه متطلبات البرمجيات | 4 ساعات - CESW 381 | تطوير الويب | 4 ساعات - ISLM 100 | ثقافه اسلاميه-1 | 2 ساعات - SCPH 211 | فيزياء عامه-2 | 4 ساعات']",10,True,False,False,True,ما أول مقررات المستوى الأول في برنامج هندسة البرمجيات؟,,[],,Q030,degree_plans,هندسة البرمجيات,easy,هندسة البرمجيات normalized,هندسة البرمجيات normalized JSON | level 1 courses,ما أول مقررات المستوى الأول في برنامج هندسة البرمجيات؟,"['[program:BS-SOEN-IT|level:BS-SOEN-07|summary] (collection=degree_plans)\nالخطه الدراسيه البرنامج (الكود): BS-SOEN-IT البرنامج (الاسم): هندسه البرمجيات البرنامج (الاسم الكامل): بكالوريوس هندسه البرمجيات المستوي (الكود): BS-SOEN-07 المستوي (الاسم): المستوي 7 اجمالي ساعات البرنامج: 167 مقررات المستوي: - CECS 283 | نظم التشغيل | 4 ساعات - CESW 382 | اداره مشاريع البرمجيات | 4 ساعات - CESW 411 | بناء البرمجيات | 4 ساعات - ISLM 300 | ثقافه اسلاميه-3 | 2 ساعات - SLPR 111 | مبادئ القانون | 3 ساعات', '[program:BS-SOEN-IT|level:BS-SOEN-06|summary] (collection=degree_plans)\nالخطه الدراسيه البرنامج (الكود): BS-SOEN-IT البرنامج (الاسم): هندسه البرمجيات البرنامج (الاسم الكامل): بكالوريوس هندسه البرمجيات المستوي (الكود): BS-SOEN-06 المستوي (الاسم): المستوي 6 اجمالي ساعات البرنامج: 167 مقررات المستوي: - BUBA 100 | الابتكار ورياده الاعمال | 2 ساعات - CECN 381 | شبكات الحاسب | 4 ساعات - CESW 321 | تصميم ومعماريه البرمجيات | 4 ساعات - CESW 322 | تقنيات البرمجه | 4 ساعات - SCST 310 | احتمالات تطبيق. و. عشوائيه | 3 ساعات', '[program:BS-SOEN-IT|level:BS-SOEN-09|summary] (collection=degree_plans)\nالخطه الدراسيه البرنامج (الكود): BS-SOEN-IT البرنامج (الاسم): هندسه البرمجيات البرنامج (الاسم الكامل): بكالوريوس هندسه البرمجيات المستوي (الكود): BS-SOEN-09 المستوي (الاسم): المستوي 9 اجمالي ساعات البرنامج: 167 مقررات المستوي: - CESW 495 | مشروع تخرج-1 | 2 ساعات', '[program:BS-SOEN-IT|level:BS-SOEN-01|summary] (collection=degree_plans)\nالخطه الدراسيه البرنامج (الكود): BS-SOEN-IT البرنامج (الاسم): هندسه البرمجيات البرنامج (الاسم الكامل): بكالوريوس هندسه البرمجيات المستوي (الكود): BS-SOEN-01 المستوي (الاسم): المستوي 1 اجمالي ساعات البرنامج: 167 مقررات المستوي: - CECS 100 | المهارات الرقميه | 3 ساعات - CECS 111 | مقدمه برمجيه | 4 ساعات - ELPR 130 | اللغه الانجليزيه-3 | 2 ساعات - SCMT 102 | تفاضل وتكامل-1 | 3 ساعات - SCPH 101 | فيزياء عامه-1 | 3 ساعات', '[program:BS-SOEN-IT|level:BS-SOEN-10|summary] (collection=degree_plans)\nالخطه الدراسيه البرنامج (الكود): BS-SOEN-IT البرنامج (الاسم): هندسه البرمجيات البرنامج (الاسم الكامل): بكالوريوس هندسه البرمجيات المستوي (الكود): BS-SOEN-10 المستوي (الاسم): المستوي 10 اجمالي ساعات البرنامج: 167 مقررات المستوي: - CECY 383 | اخلاقيات وحوكمه الحاسب | 2 ساعات - CECY 482 | هندسه امن البرمجيات | 3 ساعات - CESW 415 | جوده ومقاييس البرمجيات | 4 ساعات - CESW 496 | مشروع تخرج-2 | 3 ساعات', '[program:BS-SOEN-IT|level:BS-SOEN-03|summary] (collection=degree_plans)\nالخطه الدراسيه البرنامج (الكود): BS-SOEN-IT البرنامج (الاسم): هندسه البرمجيات البرنامج (الاسم الكامل): بكالوريوس هندسه البرمجيات المستوي (الكود): BS-SOEN-03 المستوي (الاسم): المستوي 3 اجمالي ساعات البرنامج: 167 مقررات المستوي: - CECN 281 | تصميم المنطق الرقمي | 4 ساعات - CESW 281 | مبادئ هندسه البرمجيات | 4 ساعات', '[program:BS-SOEN-IT|level:BS-SOEN-02|summary] (collection=degree_plans)\nالخطه الدراسيه البرنامج (الكود): BS-SOEN-IT البرنامج (الاسم): هندسه البرمجيات البرنامج (الاسم الكامل): بكالوريوس هندسه البرمجيات المستوي (الكود): BS-SOEN-02 المستوي (الاسم): المستوي 2 اجمالي ساعات البرنامج: 167 مقررات المستوي: - CECS 121 | برمجه شيئيه | 4 ساعات - CECS 122 | رياضيات متقطعه | 3 ساعات - CEDS 124 | مقدمه قواعد بيانات | 3 ساعات - ELPR 140 | اللغه الانجليزيه-4 | 2 ساعات - SEPS 110 | م. الحياه الجامعيه و سوق العمل | 2 ساعات', '[program:BS-SOEN-IT|level:BS-SOEN-05B|summary] (collection=degree_plans)\nالخطه الدراسيه البرنامج (الكود): BS-SOEN-IT البرنامج (الاسم): هندسه البرمجيات البرنامج (الاسم الكامل): بكالوريوس هندسه البرمجيات المستوي (الكود): BS-SOEN-05B المستوي (الاسم): المستوي 5 - مسار B اجمالي ساعات البرنامج: 167 مقررات المستوي: - ISLM 200 | الثقافه الاسلاميه-2 | 2 ساعات - SCBI 101 | احياء عامه-1 | 2 ساعات - SCST 210 | احصاء عام-1 | 3 ساعات', '[program:BS-SOEN-IT|level:BS-SOEN-08|summary] (collection=degree_plans)\nالخطه الدراسيه البرنامج (الكود): BS-SOEN-IT البرنامج (الاسم): هندسه البرمجيات البرنامج (الاسم الكامل): بكالوريوس هندسه البرمجيات المستوي (الكود): BS-SOEN-08 المستوي (الاسم): المستوي 8 اجمالي ساعات البرنامج: 167 مقررات المستوي: - CESW 392 | الممارسه المهنيه-1 | 2 ساعات - CESW 421 | اختبار وتحقق البرمجيات | 4 ساعات - CESW 422 | نماذج تصميم البرمجيات | 4 ساعات - CESW 423 | عماره عمليات البرمجيات | 4 ساعات - SCMT 212 | تفاضل وتكامل-3 | 3 ساعات', '[program:BS-SOEN-IT|level:BS-SOEN-04|summary] (collection=degree_plans)\nالخطه الدراسيه البرنامج (الكود): BS-SOEN-IT البرنامج (الاسم): هندسه البرمجيات البرنامج (الاسم الكامل): بكالوريوس هندسه البرمجيات المستوي (الكود): BS-SOEN-04 المستوي (الاسم): المستوي 4 اجمالي ساعات البرنامج: 167 مقررات المستوي: - CECN 283 | معماريه الحاسب | 4 ساعات - CESW 221 | هندسه متطلبات البرمجيات | 4 ساعات - CESW 381 | تطوير الويب | 4 ساعات - ISLM 100 | ثقافه اسلاميه-1 | 2 ساعات - SCPH 211 | فيزياء عامه-2 | 4 ساعات']","أول مقررات المستوى الأول في برنامج هندسة البرمجيات هي:

1. CECS 100 - المهارات الرقمية (3 ساعات)
2. CECS 111 - مقدمة برمجية (4 ساعات)
3. ELPR 130 - اللغة الإنجليزية-3 (2 ساعات)
4. SCMT 102 - تفاضل وتكامل-1 (3 ساعات)
5. SCPH 101 - فيزياء عامة-1 (3 ساعات)",أول مقررات المستوى الأول في برنامج هندسة البرمجيات هي: 100 المهارات الرقمية، 111 مقدمة برمجية، 130 اللغة الإنجليزية-3، 102 تفاضل وتكامل-1، 101 فيزياء عامة-1.,0.6923252235552418,0.249999999975,1.0,1.0
ما المتطلبات السابقة لمقرر نظم التوصية (CEAI 431)؟,المتطلبات السابقة لمقرر نظم التوصية (CEAI 431) هي: CEAI 321.,المتطلبات السابقة لمقرر نظم التوصية (CEAI 431) هي: CEAI 321 (مقدمة في تعلم الآلة).,"['[program:BS-ARIN-IT|level:8|summary] (collection=degree_plans)\nالخطه الدراسيه البرنامج (الكود): BS-ARIN-IT البرنامج (الاسم): الذكاء الاصطناعي البرنامج (الاسم الكامل): بكالوريوس الذكاء الاصطناعي المستوي (الكود): 8 المستوي (الاسم): المستوي 8 اجمالي ساعات البرنامج: 164 مقررات المستوي: - CEAI 392 | 1-الممارسه المهنيه | 3 ساعات - CEAI 421 | معالجه اللغه الطبيعيه | 3 ساعات - CEAI 422 | اساسيات الرؤيه الحاسوبيه | 3 ساعات - ISLM 200 | الثقافه الاسلاميه-2 | 3 ساعات - SCBI 100 | الاستدامه البيئيه | 2 ساعات - CEAI XXX | مقرر اختياري-1 | 3 ساعات - XXX | مقرر حر-1 | 4 ساعات', '[program:BS-ARIN-IT|level:3|summary] (collection=degree_plans)\nالخطه الدراسيه البرنامج (الكود): BS-ARIN-IT البرنامج (الاسم): الذكاء الاصطناعي البرنامج (الاسم الكامل): بكالوريوس الذكاء الاصطناعي المستوي (الكود): 3 المستوي (الاسم): المستوي 3 اجمالي ساعات البرنامج: 164 مقررات المستوي: - CECN 282 | تصميم المنطق الرقمي | 4 ساعات - CECS 281 | تراكيب البيانات | 4 ساعات - ELPR 220 | كتابه اكاديميه انجليزيه | 3 ساعات - ISLM 100 | ثقافه اسلاميه-1 | 2 ساعات - SCMT 211 | تفاضل و تكامل-2 | 3 ساعات - SCST 210 | احصاء عام -1 | 2 ساعات', '[program:BS-ARIN-IT|level:10|summary] (collection=degree_plans)\nالخطه الدراسيه البرنامج (الكود): BS-ARIN-IT البرنامج (الاسم): الذكاء الاصطناعي البرنامج (الاسم الكامل): بكالوريوس الذكاء الاصطناعي المستوي (الكود): 10 المستوي (الاسم): المستوي 10 اجمالي ساعات البرنامج: 164 مقررات المستوي: - CLAL 200 | مهارات لغويه-2 | 2 ساعات - ISLM 300 | ثقافه اسلاميه-3 | 3 ساعات - CEAI 496 | مشروع تخرج-2 | 4 ساعات - CEAI XXX | مقرر اختياري-2 | 3 ساعات - XXX | مقرر حر-2 | 4 ساعات - CEAI 423 | اخلاقيات وحوكمهالذكاء لاصطناعي | 3 ساعات', '[program:BS-ARIN-IT|level:2|summary] (collection=degree_plans)\nالخطه الدراسيه البرنامج (الكود): BS-ARIN-IT البرنامج (الاسم): الذكاء الاصطناعي البرنامج (الاسم الكامل): بكالوريوس الذكاء الاصطناعي المستوي (الكود): 2 المستوي (الاسم): المستوي 2 اجمالي ساعات البرنامج: 164 مقررات المستوي: - CECS 121 | برمجه شيئيه | 4 ساعات - CECS 122 | رياضيات متقدمه حاسوبيه | 3 ساعات - CEDS 124 | مقدمه قواعد البيانات | 3 ساعات - ELPR 140 | اللغه الانجليزيه-4 | 3 ساعات - SEPS 110 | مهارات الحياه الجامعيه و سوق العمل | 1 ساعات', '[program:BS-ARIN-IT|level:6|summary] (collection=degree_plans)\nالخطه الدراسيه البرنامج (الكود): BS-ARIN-IT البرنامج (الاسم): الذكاء الاصطناعي البرنامج (الاسم الكامل): بكالوريوس الذكاء الاصطناعي المستوي (الكود): 6 المستوي (الاسم): المستوي 6 اجمالي ساعات البرنامج: 164 مقررات المستوي: - CEAI 321 | مقدمه في تعلم الاله | 4 ساعات - CEAI 322 | اساسيات التحسين والبحوث | 3 ساعات - CECY 382 | اساسيات الامن السيبراني | 3 ساعات - CESW 281 | مبادئ هندسه البرمجيات | 4 ساعات - CLAL 100 | مهارات لغويه -1 | 4 ساعات', '[program:BS-ARIN-IT|level:5|summary] (collection=degree_plans)\nالخطه الدراسيه البرنامج (الكود): BS-ARIN-IT البرنامج (الاسم): الذكاء الاصطناعي البرنامج (الاسم الكامل): بكالوريوس الذكاء الاصطناعي المستوي (الكود): 5 المستوي (الاسم): المستوي 5 اجمالي ساعات البرنامج: 164 مقررات المستوي: - CEAI 281 | اساسيات الذكاء الاصطناعي | 4 ساعات - CEAI 311 | اسس تحليل البيانات | 4 ساعات - CECS 283 | نظم التشغيل | 3 ساعات - SCMT 221 | جبر خطي | 3 ساعات - SCST 310 | احتمالات تطبيقيه و نماذج عشوائيه | 3 ساعات', '[program:BS-ARIN-IT|level:1|summary] (collection=degree_plans)\nالخطه الدراسيه البرنامج (الكود): BS-ARIN-IT البرنامج (الاسم): الذكاء الاصطناعي البرنامج (الاسم الكامل): بكالوريوس الذكاء الاصطناعي المستوي (الكود): 1 المستوي (الاسم): المستوي 1 اجمالي ساعات البرنامج: 164 مقررات المستوي: - CECS 100 | المهارات الرقميه | 3 ساعات - CECS 111 | مقدمه في برمجه | 3 ساعات - ELPR 130 | اللغه الانجليزيه-3 | 3 ساعات - SCMT 102 | تفاضل و تكامل-1 | 3 ساعات - SCPH 101 | فيزياء عامه -1 | 3 ساعات', '[program:BS-ARIN-IT|level:4|summary] (collection=degree_plans)\nالخطه الدراسيه البرنامج (الكود): BS-ARIN-IT البرنامج (الاسم): الذكاء الاصطناعي البرنامج (الاسم الكامل): بكالوريوس الذكاء الاصطناعي المستوي (الكود): 4 المستوي (الاسم): المستوي 4 اجمالي ساعات البرنامج: 164 مقررات المستوي: - CECS 217 | تنظيم وتصميم الحاسب | 4 ساعات - CECS 218 | البرمجه المتقدمه | 4 ساعات - CECS 381 | تصميم وتحليل الخوارزميات | 3 ساعات - SCMT 212 | تفاضل و تكامل-3 | 3 ساعات - SCPH 211 | فيزياء عامه -2 | 4 ساعات', '[program:BS-ARIN-IT|elective:CEAI 431|row:0] (collection=electives)\nمقرر اختياري البرنامج (الكود): BS-ARIN-IT البرنامج (الاسم): الذكاء الاصطناعي البرنامج (الاسم الكامل): بكالوريوس الذكاء الاصطناعي الكود: CEAI 431 الاسم عربي: نظم التوصيه الاسم انجليزي: Recommender Systems الوحدات: 4 المتطلبات السابقه (رموز): CEAI 321 ملاحظات: Elective — can be taken at any level once prerequisites are met.', '[program:BS-ARIN-IT|level:7|summary] (collection=degree_plans)\nالخطه الدراسيه البرنامج (الكود): BS-ARIN-IT البرنامج (الاسم): الذكاء الاصطناعي البرنامج (الاسم الكامل): بكالوريوس الذكاء الاصطناعي المستوي (الكود): 7 المستوي (الاسم): المستوي 7 اجمالي ساعات البرنامج: 164 مقررات المستوي: - BCSC 100 | مقدمه في الاداره اللوجستيه | 2 ساعات - CEAI 411 | مقدمه في الروبوتات | 4 ساعات - CEAI 412 | التعلم العميق | 4 ساعات - CECN 381 | شبكات الحاسب | 4 ساعات - CESW 382 | اداره مشاريع البرمجيات | 4 ساعات']",10,True,False,False,True,ما المتطلبات السابقة لمقرر نظم التوصية (CEAI 431)؟,,[],,Q031,electives,AI electives,medium,AI_Elective_Courses,AI_Elective_Courses.json | CEAI 431,ما المتطلبات السابقة لمقرر نظم التوصية (CEAI 431)؟,"['[program:BS-ARIN-IT|level:8|summary] (collection=degree_plans)\nالخطه الدراسيه البرنامج (الكود): BS-ARIN-IT البرنامج (الاسم): الذكاء الاصطناعي البرنامج (الاسم الكامل): بكالوريوس الذكاء الاصطناعي المستوي (الكود): 8 المستوي (الاسم): المستوي 8 اجمالي ساعات البرنامج: 164 مقررات المستوي: - CEAI 392 | 1-الممارسه المهنيه | 3 ساعات - CEAI 421 | معالجه اللغه الطبيعيه | 3 ساعات - CEAI 422 | اساسيات الرؤيه الحاسوبيه | 3 ساعات - ISLM 200 | الثقافه الاسلاميه-2 | 3 ساعات - SCBI 100 | الاستدامه البيئيه | 2 ساعات - CEAI XXX | مقرر اختياري-1 | 3 ساعات - XXX | مقرر حر-1 | 4 ساعات', '[program:BS-ARIN-IT|level:3|summary] (collection=degree_plans)\nالخطه الدراسيه البرنامج (الكود): BS-ARIN-IT البرنامج (الاسم): الذكاء الاصطناعي البرنامج (الاسم الكامل): بكالوريوس الذكاء الاصطناعي المستوي (الكود): 3 المستوي (الاسم): المستوي 3 اجمالي ساعات البرنامج: 164 مقررات المستوي: - CECN 282 | تصميم المنطق الرقمي | 4 ساعات - CECS 281 | تراكيب البيانات | 4 ساعات - ELPR 220 | كتابه اكاديميه انجليزيه | 3 ساعات - ISLM 100 | ثقافه اسلاميه-1 | 2 ساعات - SCMT 211 | تفاضل و تكامل-2 | 3 ساعات - SCST 210 | احصاء عام -1 | 2 ساعات', '[program:BS-ARIN-IT|level:10|summary] (collection=degree_plans)\nالخطه الدراسيه البرنامج (الكود): BS-ARIN-IT البرنامج (الاسم): الذكاء الاصطناعي البرنامج (الاسم الكامل): بكالوريوس الذكاء الاصطناعي المستوي (الكود): 10 المستوي (الاسم): المستوي 10 اجمالي ساعات البرنامج: 164 مقررات المستوي: - CLAL 200 | مهارات لغويه-2 | 2 ساعات - ISLM 300 | ثقافه اسلاميه-3 | 3 ساعات - CEAI 496 | مشروع تخرج-2 | 4 ساعات - CEAI XXX | مقرر اختياري-2 | 3 ساعات - XXX | مقرر حر-2 | 4 ساعات - CEAI 423 | اخلاقيات وحوكمهالذكاء لاصطناعي | 3 ساعات', '[program:BS-ARIN-IT|level:2|summary] (collection=degree_plans)\nالخطه الدراسيه البرنامج (الكود): BS-ARIN-IT البرنامج (الاسم): الذكاء الاصطناعي البرنامج (الاسم الكامل): بكالوريوس الذكاء الاصطناعي المستوي (الكود): 2 المستوي (الاسم): المستوي 2 اجمالي ساعات البرنامج: 164 مقررات المستوي: - CECS 121 | برمجه شيئيه | 4 ساعات - CECS 122 | رياضيات متقدمه حاسوبيه | 3 ساعات - CEDS 124 | مقدمه قواعد البيانات | 3 ساعات - ELPR 140 | اللغه الانجليزيه-4 | 3 ساعات - SEPS 110 | مهارات الحياه الجامعيه و سوق العمل | 1 ساعات', '[program:BS-ARIN-IT|level:6|summary] (collection=degree_plans)\nالخطه الدراسيه البرنامج (الكود): BS-ARIN-IT البرنامج (الاسم): الذكاء الاصطناعي البرنامج (الاسم الكامل): بكالوريوس الذكاء الاصطناعي المستوي (الكود): 6 المستوي (الاسم): المستوي 6 اجمالي ساعات البرنامج: 164 مقررات المستوي: - CEAI 321 | مقدمه في تعلم الاله | 4 ساعات - CEAI 322 | اساسيات التحسين والبحوث | 3 ساعات - CECY 382 | اساسيات الامن السيبراني | 3 ساعات - CESW 281 | مبادئ هندسه البرمجيات | 4 ساعات - CLAL 100 | مهارات لغويه -1 | 4 ساعات', '[program:BS-ARIN-IT|level:5|summary] (collection=degree_plans)\nالخطه الدراسيه البرنامج (الكود): BS-ARIN-IT البرنامج (الاسم): الذكاء الاصطناعي البرنامج (الاسم الكامل): بكالوريوس الذكاء الاصطناعي المستوي (الكود): 5 المستوي (الاسم): المستوي 5 اجمالي ساعات البرنامج: 164 مقررات المستوي: - CEAI 281 | اساسيات الذكاء الاصطناعي | 4 ساعات - CEAI 311 | اسس تحليل البيانات | 4 ساعات - CECS 283 | نظم التشغيل | 3 ساعات - SCMT 221 | جبر خطي | 3 ساعات - SCST 310 | احتمالات تطبيقيه و نماذج عشوائيه | 3 ساعات', '[program:BS-ARIN-IT|level:1|summary] (collection=degree_plans)\nالخطه الدراسيه البرنامج (الكود): BS-ARIN-IT البرنامج (الاسم): الذكاء الاصطناعي البرنامج (الاسم الكامل): بكالوريوس الذكاء الاصطناعي المستوي (الكود): 1 المستوي (الاسم): المستوي 1 اجمالي ساعات البرنامج: 164 مقررات المستوي: - CECS 100 | المهارات الرقميه | 3 ساعات - CECS 111 | مقدمه في برمجه | 3 ساعات - ELPR 130 | اللغه الانجليزيه-3 | 3 ساعات - SCMT 102 | تفاضل و تكامل-1 | 3 ساعات - SCPH 101 | فيزياء عامه -1 | 3 ساعات', '[program:BS-ARIN-IT|level:4|summary] (collection=degree_plans)\nالخطه الدراسيه البرنامج (الكود): BS-ARIN-IT البرنامج (الاسم): الذكاء الاصطناعي البرنامج (الاسم الكامل): بكالوريوس الذكاء الاصطناعي المستوي (الكود): 4 المستوي (الاسم): المستوي 4 اجمالي ساعات البرنامج: 164 مقررات المستوي: - CECS 217 | تنظيم وتصميم الحاسب | 4 ساعات - CECS 218 | البرمجه المتقدمه | 4 ساعات - CECS 381 | تصميم وتحليل الخوارزميات | 3 ساعات - SCMT 212 | تفاضل و تكامل-3 | 3 ساعات - SCPH 211 | فيزياء عامه -2 | 4 ساعات', '[program:BS-ARIN-IT|elective:CEAI 431|row:0] (collection=electives)\nمقرر اختياري البرنامج (الكود): BS-ARIN-IT البرنامج (الاسم): الذكاء الاصطناعي البرنامج (الاسم الكامل): بكالوريوس الذكاء الاصطناعي الكود: CEAI 431 الاسم عربي: نظم التوصيه الاسم انجليزي: Recommender Systems الوحدات: 4 المتطلبات السابقه (رموز): CEAI 321 ملاحظات: Elective — can be taken at any level once prerequisites are met.', '[program:BS-ARIN-IT|level:7|summary] (collection=degree_plans)\nالخطه الدراسيه البرنامج (الكود): BS-ARIN-IT البرنامج (الاسم): الذكاء الاصطناعي البرنامج (الاسم الكامل): بكالوريوس الذكاء الاصطناعي المستوي (الكود): 7 المستوي (الاسم): المستوي 7 اجمالي ساعات البرنامج: 164 مقررات المستوي: - BCSC 100 | مقدمه في الاداره اللوجستيه | 2 ساعات - CEAI 411 | مقدمه في الروبوتات | 4 ساعات - CEAI 412 | التعلم العميق | 4 ساعات - CECN 381 | شبكات الحاسب | 4 ساعات - CESW 382 | اداره مشاريع البرمجيات | 4 ساعات']",المتطلبات السابقة لمقرر نظم التوصية (CEAI 431) هي: CEAI 321 (مقدمة في تعلم الآلة).,المتطلبات السابقة لمقرر نظم التوصية (CEAI 431) هي: CEAI 321.,0.9794155644762577,0.2888888888792593,1.0,1.0
ما المتطلبات السابقة لمقرر تمثيل المعرفة والاستدلال (CEAI 432)؟,المتطلبات السابقة لمقرر تمثيل المعرفة والاستدلال (CEAI 432) هي: CEAI 221.,المتطلبات السابقة لمقرر تمثيل المعرفة والاستدلال (CEAI 432) هي: CEAI 221.,"['[program:BS-ARIN-IT|elective:CEAI 432|row:1] (collection=electives)\nمقرر اختياري البرنامج (الكود): BS-ARIN-IT البرنامج (الاسم): الذكاء الاصطناعي البرنامج (الاسم الكامل): بكالوريوس الذكاء الاصطناعي الكود: CEAI 432 الاسم عربي: تمثيل المعرفه والاستدلال الاسم انجليزي: Knowledge Representation and Reasoning الوحدات: 4 المتطلبات السابقه (رموز): CEAI 221 ملاحظات: Elective — can be taken at any level once prerequisites are met.', '[program:BS-ARIN-IT|level:3|summary] (collection=degree_plans)\nالخطه الدراسيه البرنامج (الكود): BS-ARIN-IT البرنامج (الاسم): الذكاء الاصطناعي البرنامج (الاسم الكامل): بكالوريوس الذكاء الاصطناعي المستوي (الكود): 3 المستوي (الاسم): المستوي 3 اجمالي ساعات البرنامج: 164 مقررات المستوي: - CECN 282 | تصميم المنطق الرقمي | 4 ساعات - CECS 281 | تراكيب البيانات | 4 ساعات - ELPR 220 | كتابه اكاديميه انجليزيه | 3 ساعات - ISLM 100 | ثقافه اسلاميه-1 | 2 ساعات - SCMT 211 | تفاضل و تكامل-2 | 3 ساعات - SCST 210 | احصاء عام -1 | 2 ساعات', '[program:BS-ARIN-IT|level:10|summary] (collection=degree_plans)\nالخطه الدراسيه البرنامج (الكود): BS-ARIN-IT البرنامج (الاسم): الذكاء الاصطناعي البرنامج (الاسم الكامل): بكالوريوس الذكاء الاصطناعي المستوي (الكود): 10 المستوي (الاسم): المستوي 10 اجمالي ساعات البرنامج: 164 مقررات المستوي: - CLAL 200 | مهارات لغويه-2 | 2 ساعات - ISLM 300 | ثقافه اسلاميه-3 | 3 ساعات - CEAI 496 | مشروع تخرج-2 | 4 ساعات - CEAI XXX | مقرر اختياري-2 | 3 ساعات - XXX | مقرر حر-2 | 4 ساعات - CEAI 423 | اخلاقيات وحوكمهالذكاء لاصطناعي | 3 ساعات', '[program:BS-ARIN-IT|level:2|summary] (collection=degree_plans)\nالخطه الدراسيه البرنامج (الكود): BS-ARIN-IT البرنامج (الاسم): الذكاء الاصطناعي البرنامج (الاسم الكامل): بكالوريوس الذكاء الاصطناعي المستوي (الكود): 2 المستوي (الاسم): المستوي 2 اجمالي ساعات البرنامج: 164 مقررات المستوي: - CECS 121 | برمجه شيئيه | 4 ساعات - CECS 122 | رياضيات متقدمه حاسوبيه | 3 ساعات - CEDS 124 | مقدمه قواعد البيانات | 3 ساعات - ELPR 140 | اللغه الانجليزيه-4 | 3 ساعات - SEPS 110 | مهارات الحياه الجامعيه و سوق العمل | 1 ساعات', '[program:BS-ARIN-IT|level:8|summary] (collection=degree_plans)\nالخطه الدراسيه البرنامج (الكود): BS-ARIN-IT البرنامج (الاسم): الذكاء الاصطناعي البرنامج (الاسم الكامل): بكالوريوس الذكاء الاصطناعي المستوي (الكود): 8 المستوي (الاسم): المستوي 8 اجمالي ساعات البرنامج: 164 مقررات المستوي: - CEAI 392 | 1-الممارسه المهنيه | 3 ساعات - CEAI 421 | معالجه اللغه الطبيعيه | 3 ساعات - CEAI 422 | اساسيات الرؤيه الحاسوبيه | 3 ساعات - ISLM 200 | الثقافه الاسلاميه-2 | 3 ساعات - SCBI 100 | الاستدامه البيئيه | 2 ساعات - CEAI XXX | مقرر اختياري-1 | 3 ساعات - XXX | مقرر حر-1 | 4 ساعات', '[program:BS-ARIN-IT|level:5|summary] (collection=degree_plans)\nالخطه الدراسيه البرنامج (الكود): BS-ARIN-IT البرنامج (الاسم): الذكاء الاصطناعي البرنامج (الاسم الكامل): بكالوريوس الذكاء الاصطناعي المستوي (الكود): 5 المستوي (الاسم): المستوي 5 اجمالي ساعات البرنامج: 164 مقررات المستوي: - CEAI 281 | اساسيات الذكاء الاصطناعي | 4 ساعات - CEAI 311 | اسس تحليل البيانات | 4 ساعات - CECS 283 | نظم التشغيل | 3 ساعات - SCMT 221 | جبر خطي | 3 ساعات - SCST 310 | احتمالات تطبيقيه و نماذج عشوائيه | 3 ساعات', '[program:BS-ARIN-IT|level:6|summary] (collection=degree_plans)\nالخطه الدراسيه البرنامج (الكود): BS-ARIN-IT البرنامج (الاسم): الذكاء الاصطناعي البرنامج (الاسم الكامل): بكالوريوس الذكاء الاصطناعي المستوي (الكود): 6 المستوي (الاسم): المستوي 6 اجمالي ساعات البرنامج: 164 مقررات المستوي: - CEAI 321 | مقدمه في تعلم الاله | 4 ساعات - CEAI 322 | اساسيات التحسين والبحوث | 3 ساعات - CECY 382 | اساسيات الامن السيبراني | 3 ساعات - CESW 281 | مبادئ هندسه البرمجيات | 4 ساعات - CLAL 100 | مهارات لغويه -1 | 4 ساعات', '[program:BS-ARIN-IT|level:4|summary] (collection=degree_plans)\nالخطه الدراسيه البرنامج (الكود): BS-ARIN-IT البرنامج (الاسم): الذكاء الاصطناعي البرنامج (الاسم الكامل): بكالوريوس الذكاء الاصطناعي المستوي (الكود): 4 المستوي (الاسم): المستوي 4 اجمالي ساعات البرنامج: 164 مقررات المستوي: - CECS 217 | تنظيم وتصميم الحاسب | 4 ساعات - CECS 218 | البرمجه المتقدمه | 4 ساعات - CECS 381 | تصميم وتحليل الخوارزميات | 3 ساعات - SCMT 212 | تفاضل و تكامل-3 | 3 ساعات - SCPH 211 | فيزياء عامه -2 | 4 ساعات', '[program:BS-ARIN-IT|level:1|summary] (collection=degree_plans)\nالخطه الدراسيه البرنامج (الكود): BS-ARIN-IT البرنامج (الاسم): الذكاء الاصطناعي البرنامج (الاسم الكامل): بكالوريوس الذكاء الاصطناعي المستوي (الكود): 1 المستوي (الاسم): المستوي 1 اجمالي ساعات البرنامج: 164 مقررات المستوي: - CECS 100 | المهارات الرقميه | 3 ساعات - CECS 111 | مقدمه في برمجه | 3 ساعات - ELPR 130 | اللغه الانجليزيه-3 | 3 ساعات - SCMT 102 | تفاضل و تكامل-1 | 3 ساعات - SCPH 101 | فيزياء عامه -1 | 3 ساعات', '[program:BS-ARIN-IT|level:7|summary] (collection=degree_plans)\nالخطه الدراسيه البرنامج (الكود): BS-ARIN-IT البرنامج (الاسم): الذكاء الاصطناعي البرنامج (الاسم الكامل): بكالوريوس الذكاء الاصطناعي المستوي (الكود): 7 المستوي (الاسم): المستوي 7 اجمالي ساعات البرنامج: 164 مقررات المستوي: - BCSC 100 | مقدمه في الاداره اللوجستيه | 2 ساعات - CEAI 411 | مقدمه في الروبوتات | 4 ساعات - CEAI 412 | التعلم العميق | 4 ساعات - CECN 381 | شبكات الحاسب | 4 ساعات - CESW 382 | اداره مشاريع البرمجيات | 4 ساعات']",10,True,False,False,True,ما المتطلبات السابقة لمقرر تمثيل المعرفة والاستدلال (CEAI 432)؟,,[],,Q032,electives,AI electives,medium,AI_Elective_Courses,AI_Elective_Courses.json | CEAI 432,ما المتطلبات السابقة لمقرر تمثيل المعرفة والاستدلال (CEAI 432)؟,"['[program:BS-ARIN-IT|elective:CEAI 432|row:1] (collection=electives)\nمقرر اختياري البرنامج (الكود): BS-ARIN-IT البرنامج (الاسم): الذكاء الاصطناعي البرنامج (الاسم الكامل): بكالوريوس الذكاء الاصطناعي الكود: CEAI 432 الاسم عربي: تمثيل المعرفه والاستدلال الاسم انجليزي: Knowledge Representation and Reasoning الوحدات: 4 المتطلبات السابقه (رموز): CEAI 221 ملاحظات: Elective — can be taken at any level once prerequisites are met.', '[program:BS-ARIN-IT|level:3|summary] (collection=degree_plans)\nالخطه الدراسيه البرنامج (الكود): BS-ARIN-IT البرنامج (الاسم): الذكاء الاصطناعي البرنامج (الاسم الكامل): بكالوريوس الذكاء الاصطناعي المستوي (الكود): 3 المستوي (الاسم): المستوي 3 اجمالي ساعات البرنامج: 164 مقررات المستوي: - CECN 282 | تصميم المنطق الرقمي | 4 ساعات - CECS 281 | تراكيب البيانات | 4 ساعات - ELPR 220 | كتابه اكاديميه انجليزيه | 3 ساعات - ISLM 100 | ثقافه اسلاميه-1 | 2 ساعات - SCMT 211 | تفاضل و تكامل-2 | 3 ساعات - SCST 210 | احصاء عام -1 | 2 ساعات', '[program:BS-ARIN-IT|level:10|summary] (collection=degree_plans)\nالخطه الدراسيه البرنامج (الكود): BS-ARIN-IT البرنامج (الاسم): الذكاء الاصطناعي البرنامج (الاسم الكامل): بكالوريوس الذكاء الاصطناعي المستوي (الكود): 10 المستوي (الاسم): المستوي 10 اجمالي ساعات البرنامج: 164 مقررات المستوي: - CLAL 200 | مهارات لغويه-2 | 2 ساعات - ISLM 300 | ثقافه اسلاميه-3 | 3 ساعات - CEAI 496 | مشروع تخرج-2 | 4 ساعات - CEAI XXX | مقرر اختياري-2 | 3 ساعات - XXX | مقرر حر-2 | 4 ساعات - CEAI 423 | اخلاقيات وحوكمهالذكاء لاصطناعي | 3 ساعات', '[program:BS-ARIN-IT|level:2|summary] (collection=degree_plans)\nالخطه الدراسيه البرنامج (الكود): BS-ARIN-IT البرنامج (الاسم): الذكاء الاصطناعي البرنامج (الاسم الكامل): بكالوريوس الذكاء الاصطناعي المستوي (الكود): 2 المستوي (الاسم): المستوي 2 اجمالي ساعات البرنامج: 164 مقررات المستوي: - CECS 121 | برمجه شيئيه | 4 ساعات - CECS 122 | رياضيات متقدمه حاسوبيه | 3 ساعات - CEDS 124 | مقدمه قواعد البيانات | 3 ساعات - ELPR 140 | اللغه الانجليزيه-4 | 3 ساعات - SEPS 110 | مهارات الحياه الجامعيه و سوق العمل | 1 ساعات', '[program:BS-ARIN-IT|level:8|summary] (collection=degree_plans)\nالخطه الدراسيه البرنامج (الكود): BS-ARIN-IT البرنامج (الاسم): الذكاء الاصطناعي البرنامج (الاسم الكامل): بكالوريوس الذكاء الاصطناعي المستوي (الكود): 8 المستوي (الاسم): المستوي 8 اجمالي ساعات البرنامج: 164 مقررات المستوي: - CEAI 392 | 1-الممارسه المهنيه | 3 ساعات - CEAI 421 | معالجه اللغه الطبيعيه | 3 ساعات - CEAI 422 | اساسيات الرؤيه الحاسوبيه | 3 ساعات - ISLM 200 | الثقافه الاسلاميه-2 | 3 ساعات - SCBI 100 | الاستدامه البيئيه | 2 ساعات - CEAI XXX | مقرر اختياري-1 | 3 ساعات - XXX | مقرر حر-1 | 4 ساعات', '[program:BS-ARIN-IT|level:5|summary] (collection=degree_plans)\nالخطه الدراسيه البرنامج (الكود): BS-ARIN-IT البرنامج (الاسم): الذكاء الاصطناعي البرنامج (الاسم الكامل): بكالوريوس الذكاء الاصطناعي المستوي (الكود): 5 المستوي (الاسم): المستوي 5 اجمالي ساعات البرنامج: 164 مقررات المستوي: - CEAI 281 | اساسيات الذكاء الاصطناعي | 4 ساعات - CEAI 311 | اسس تحليل البيانات | 4 ساعات - CECS 283 | نظم التشغيل | 3 ساعات - SCMT 221 | جبر خطي | 3 ساعات - SCST 310 | احتمالات تطبيقيه و نماذج عشوائيه | 3 ساعات', '[program:BS-ARIN-IT|level:6|summary] (collection=degree_plans)\nالخطه الدراسيه البرنامج (الكود): BS-ARIN-IT البرنامج (الاسم): الذكاء الاصطناعي البرنامج (الاسم الكامل): بكالوريوس الذكاء الاصطناعي المستوي (الكود): 6 المستوي (الاسم): المستوي 6 اجمالي ساعات البرنامج: 164 مقررات المستوي: - CEAI 321 | مقدمه في تعلم الاله | 4 ساعات - CEAI 322 | اساسيات التحسين والبحوث | 3 ساعات - CECY 382 | اساسيات الامن السيبراني | 3 ساعات - CESW 281 | مبادئ هندسه البرمجيات | 4 ساعات - CLAL 100 | مهارات لغويه -1 | 4 ساعات', '[program:BS-ARIN-IT|level:4|summary] (collection=degree_plans)\nالخطه الدراسيه البرنامج (الكود): BS-ARIN-IT البرنامج (الاسم): الذكاء الاصطناعي البرنامج (الاسم الكامل): بكالوريوس الذكاء الاصطناعي المستوي (الكود): 4 المستوي (الاسم): المستوي 4 اجمالي ساعات البرنامج: 164 مقررات المستوي: - CECS 217 | تنظيم وتصميم الحاسب | 4 ساعات - CECS 218 | البرمجه المتقدمه | 4 ساعات - CECS 381 | تصميم وتحليل الخوارزميات | 3 ساعات - SCMT 212 | تفاضل و تكامل-3 | 3 ساعات - SCPH 211 | فيزياء عامه -2 | 4 ساعات', '[program:BS-ARIN-IT|level:1|summary] (collection=degree_plans)\nالخطه الدراسيه البرنامج (الكود): BS-ARIN-IT البرنامج (الاسم): الذكاء الاصطناعي البرنامج (الاسم الكامل): بكالوريوس الذكاء الاصطناعي المستوي (الكود): 1 المستوي (الاسم): المستوي 1 اجمالي ساعات البرنامج: 164 مقررات المستوي: - CECS 100 | المهارات الرقميه | 3 ساعات - CECS 111 | مقدمه في برمجه | 3 ساعات - ELPR 130 | اللغه الانجليزيه-3 | 3 ساعات - SCMT 102 | تفاضل و تكامل-1 | 3 ساعات - SCPH 101 | فيزياء عامه -1 | 3 ساعات', '[program:BS-ARIN-IT|level:7|summary] (collection=degree_plans)\nالخطه الدراسيه البرنامج (الكود): BS-ARIN-IT البرنامج (الاسم): الذكاء الاصطناعي البرنامج (الاسم الكامل): بكالوريوس الذكاء الاصطناعي المستوي (الكود): 7 المستوي (الاسم): المستوي 7 اجمالي ساعات البرنامج: 164 مقررات المستوي: - BCSC 100 | مقدمه في الاداره اللوجستيه | 2 ساعات - CEAI 411 | مقدمه في الروبوتات | 4 ساعات - CEAI 412 | التعلم العميق | 4 ساعات - CECN 381 | شبكات الحاسب | 4 ساعات - CESW 382 | اداره مشاريع البرمجيات | 4 ساعات']",المتطلبات السابقة لمقرر تمثيل المعرفة والاستدلال (CEAI 432) هي: CEAI 221.,المتطلبات السابقة لمقرر تمثيل المعرفة والاستدلال (CEAI 432) هي: CEAI 221.,0.9741551997216127,0.6666666666333333,1.0,1.0
ما المتطلبات السابقة لمقرر الواقع المختلط (CEAI 433)؟,المتطلبات السابقة لمقرر الواقع المختلط (CEAI 433) هي: CEAI 422.,المتطلبات السابقة لمقرر الواقع المختلط (CEAI 433) هي: CEAI 422.,"['[program:BS-ARIN-IT|elective:CEAI 433|row:2] (collection=electives)\nمقرر اختياري البرنامج (الكود): BS-ARIN-IT البرنامج (الاسم): الذكاء الاصطناعي البرنامج (الاسم الكامل): بكالوريوس الذكاء الاصطناعي الكود: CEAI 433 الاسم عربي: الواقع المختلط الاسم انجليزي: Mixed Reality الوحدات: 4 المتطلبات السابقه (رموز): CEAI 422 ملاحظات: Elective — can be taken at any level once prerequisites are met.', '[program:BS-ARIN-IT|level:3|summary] (collection=degree_plans)\nالخطه الدراسيه البرنامج (الكود): BS-ARIN-IT البرنامج (الاسم): الذكاء الاصطناعي البرنامج (الاسم الكامل): بكالوريوس الذكاء الاصطناعي المستوي (الكود): 3 المستوي (الاسم): المستوي 3 اجمالي ساعات البرنامج: 164 مقررات المستوي: - CECN 282 | تصميم المنطق الرقمي | 4 ساعات - CECS 281 | تراكيب البيانات | 4 ساعات - ELPR 220 | كتابه اكاديميه انجليزيه | 3 ساعات - ISLM 100 | ثقافه اسلاميه-1 | 2 ساعات - SCMT 211 | تفاضل و تكامل-2 | 3 ساعات - SCST 210 | احصاء عام -1 | 2 ساعات', '[program:BS-ARIN-IT|level:10|summary] (collection=degree_plans)\nالخطه الدراسيه البرنامج (الكود): BS-ARIN-IT البرنامج (الاسم): الذكاء الاصطناعي البرنامج (الاسم الكامل): بكالوريوس الذكاء الاصطناعي المستوي (الكود): 10 المستوي (الاسم): المستوي 10 اجمالي ساعات البرنامج: 164 مقررات المستوي: - CLAL 200 | مهارات لغويه-2 | 2 ساعات - ISLM 300 | ثقافه اسلاميه-3 | 3 ساعات - CEAI 496 | مشروع تخرج-2 | 4 ساعات - CEAI XXX | مقرر اختياري-2 | 3 ساعات - XXX | مقرر حر-2 | 4 ساعات - CEAI 423 | اخلاقيات وحوكمهالذكاء لاصطناعي | 3 ساعات', '[program:BS-ARIN-IT|level:2|summary] (collection=degree_plans)\nالخطه الدراسيه البرنامج (الكود): BS-ARIN-IT البرنامج (الاسم): الذكاء الاصطناعي البرنامج (الاسم الكامل): بكالوريوس الذكاء الاصطناعي المستوي (الكود): 2 المستوي (الاسم): المستوي 2 اجمالي ساعات البرنامج: 164 مقررات المستوي: - CECS 121 | برمجه شيئيه | 4 ساعات - CECS 122 | رياضيات متقدمه حاسوبيه | 3 ساعات - CEDS 124 | مقدمه قواعد البيانات | 3 ساعات - ELPR 140 | اللغه الانجليزيه-4 | 3 ساعات - SEPS 110 | مهارات الحياه الجامعيه و سوق العمل | 1 ساعات', '[program:BS-ARIN-IT|level:6|summary] (collection=degree_plans)\nالخطه الدراسيه البرنامج (الكود): BS-ARIN-IT البرنامج (الاسم): الذكاء الاصطناعي البرنامج (الاسم الكامل): بكالوريوس الذكاء الاصطناعي المستوي (الكود): 6 المستوي (الاسم): المستوي 6 اجمالي ساعات البرنامج: 164 مقررات المستوي: - CEAI 321 | مقدمه في تعلم الاله | 4 ساعات - CEAI 322 | اساسيات التحسين والبحوث | 3 ساعات - CECY 382 | اساسيات الامن السيبراني | 3 ساعات - CESW 281 | مبادئ هندسه البرمجيات | 4 ساعات - CLAL 100 | مهارات لغويه -1 | 4 ساعات', '[program:BS-ARIN-IT|level:8|summary] (collection=degree_plans)\nالخطه الدراسيه البرنامج (الكود): BS-ARIN-IT البرنامج (الاسم): الذكاء الاصطناعي البرنامج (الاسم الكامل): بكالوريوس الذكاء الاصطناعي المستوي (الكود): 8 المستوي (الاسم): المستوي 8 اجمالي ساعات البرنامج: 164 مقررات المستوي: - CEAI 392 | 1-الممارسه المهنيه | 3 ساعات - CEAI 421 | معالجه اللغه الطبيعيه | 3 ساعات - CEAI 422 | اساسيات الرؤيه الحاسوبيه | 3 ساعات - ISLM 200 | الثقافه الاسلاميه-2 | 3 ساعات - SCBI 100 | الاستدامه البيئيه | 2 ساعات - CEAI XXX | مقرر اختياري-1 | 3 ساعات - XXX | مقرر حر-1 | 4 ساعات', '[program:BS-ARIN-IT|level:5|summary] (collection=degree_plans)\nالخطه الدراسيه البرنامج (الكود): BS-ARIN-IT البرنامج (الاسم): الذكاء الاصطناعي البرنامج (الاسم الكامل): بكالوريوس الذكاء الاصطناعي المستوي (الكود): 5 المستوي (الاسم): المستوي 5 اجمالي ساعات البرنامج: 164 مقررات المستوي: - CEAI 281 | اساسيات الذكاء الاصطناعي | 4 ساعات - CEAI 311 | اسس تحليل البيانات | 4 ساعات - CECS 283 | نظم التشغيل | 3 ساعات - SCMT 221 | جبر خطي | 3 ساعات - SCST 310 | احتمالات تطبيقيه و نماذج عشوائيه | 3 ساعات', '[program:BS-ARIN-IT|level:1|summary] (collection=degree_plans)\nالخطه الدراسيه البرنامج (الكود): BS-ARIN-IT البرنامج (الاسم): الذكاء الاصطناعي البرنامج (الاسم الكامل): بكالوريوس الذكاء الاصطناعي المستوي (الكود): 1 المستوي (الاسم): المستوي 1 اجمالي ساعات البرنامج: 164 مقررات المستوي: - CECS 100 | المهارات الرقميه | 3 ساعات - CECS 111 | مقدمه في برمجه | 3 ساعات - ELPR 130 | اللغه الانجليزيه-3 | 3 ساعات - SCMT 102 | تفاضل و تكامل-1 | 3 ساعات - SCPH 101 | فيزياء عامه -1 | 3 ساعات', '[program:BS-ARIN-IT|level:7|summary] (collection=degree_plans)\nالخطه الدراسيه البرنامج (الكود): BS-ARIN-IT البرنامج (الاسم): الذكاء الاصطناعي البرنامج (الاسم الكامل): بكالوريوس الذكاء الاصطناعي المستوي (الكود): 7 المستوي (الاسم): المستوي 7 اجمالي ساعات البرنامج: 164 مقررات المستوي: - BCSC 100 | مقدمه في الاداره اللوجستيه | 2 ساعات - CEAI 411 | مقدمه في الروبوتات | 4 ساعات - CEAI 412 | التعلم العميق | 4 ساعات - CECN 381 | شبكات الحاسب | 4 ساعات - CESW 382 | اداره مشاريع البرمجيات | 4 ساعات', '[program:BS-ARIN-IT|level:4|summary] (collection=degree_plans)\nالخطه الدراسيه البرنامج (الكود): BS-ARIN-IT البرنامج (الاسم): الذكاء الاصطناعي البرنامج (الاسم الكامل): بكالوريوس الذكاء الاصطناعي المستوي (الكود): 4 المستوي (الاسم): المستوي 4 اجمالي ساعات البرنامج: 164 مقررات المستوي: - CECS 217 | تنظيم وتصميم الحاسب | 4 ساعات - CECS 218 | البرمجه المتقدمه | 4 ساعات - CECS 381 | تصميم وتحليل الخوارزميات | 3 ساعات - SCMT 212 | تفاضل و تكامل-3 | 3 ساعات - SCPH 211 | فيزياء عامه -2 | 4 ساعات']",10,True,False,False,True,ما المتطلبات السابقة لمقرر الواقع المختلط (CEAI 433)؟,,[],,Q033,electives,AI electives,medium,AI_Elective_Courses,AI_Elective_Courses.json | CEAI 433,ما المتطلبات السابقة لمقرر الواقع المختلط (CEAI 433)؟,"['[program:BS-ARIN-IT|elective:CEAI 433|row:2] (collection=electives)\nمقرر اختياري البرنامج (الكود): BS-ARIN-IT البرنامج (الاسم): الذكاء الاصطناعي البرنامج (الاسم الكامل): بكالوريوس الذكاء الاصطناعي الكود: CEAI 433 الاسم عربي: الواقع المختلط الاسم انجليزي: Mixed Reality الوحدات: 4 المتطلبات السابقه (رموز): CEAI 422 ملاحظات: Elective — can be taken at any level once prerequisites are met.', '[program:BS-ARIN-IT|level:3|summary] (collection=degree_plans)\nالخطه الدراسيه البرنامج (الكود): BS-ARIN-IT البرنامج (الاسم): الذكاء الاصطناعي البرنامج (الاسم الكامل): بكالوريوس الذكاء الاصطناعي المستوي (الكود): 3 المستوي (الاسم): المستوي 3 اجمالي ساعات البرنامج: 164 مقررات المستوي: - CECN 282 | تصميم المنطق الرقمي | 4 ساعات - CECS 281 | تراكيب البيانات | 4 ساعات - ELPR 220 | كتابه اكاديميه انجليزيه | 3 ساعات - ISLM 100 | ثقافه اسلاميه-1 | 2 ساعات - SCMT 211 | تفاضل و تكامل-2 | 3 ساعات - SCST 210 | احصاء عام -1 | 2 ساعات', '[program:BS-ARIN-IT|level:10|summary] (collection=degree_plans)\nالخطه الدراسيه البرنامج (الكود): BS-ARIN-IT البرنامج (الاسم): الذكاء الاصطناعي البرنامج (الاسم الكامل): بكالوريوس الذكاء الاصطناعي المستوي (الكود): 10 المستوي (الاسم): المستوي 10 اجمالي ساعات البرنامج: 164 مقررات المستوي: - CLAL 200 | مهارات لغويه-2 | 2 ساعات - ISLM 300 | ثقافه اسلاميه-3 | 3 ساعات - CEAI 496 | مشروع تخرج-2 | 4 ساعات - CEAI XXX | مقرر اختياري-2 | 3 ساعات - XXX | مقرر حر-2 | 4 ساعات - CEAI 423 | اخلاقيات وحوكمهالذكاء لاصطناعي | 3 ساعات', '[program:BS-ARIN-IT|level:2|summary] (collection=degree_plans)\nالخطه الدراسيه البرنامج (الكود): BS-ARIN-IT البرنامج (الاسم): الذكاء الاصطناعي البرنامج (الاسم الكامل): بكالوريوس الذكاء الاصطناعي المستوي (الكود): 2 المستوي (الاسم): المستوي 2 اجمالي ساعات البرنامج: 164 مقررات المستوي: - CECS 121 | برمجه شيئيه | 4 ساعات - CECS 122 | رياضيات متقدمه حاسوبيه | 3 ساعات - CEDS 124 | مقدمه قواعد البيانات | 3 ساعات - ELPR 140 | اللغه الانجليزيه-4 | 3 ساعات - SEPS 110 | مهارات الحياه الجامعيه و سوق العمل | 1 ساعات', '[program:BS-ARIN-IT|level:6|summary] (collection=degree_plans)\nالخطه الدراسيه البرنامج (الكود): BS-ARIN-IT البرنامج (الاسم): الذكاء الاصطناعي البرنامج (الاسم الكامل): بكالوريوس الذكاء الاصطناعي المستوي (الكود): 6 المستوي (الاسم): المستوي 6 اجمالي ساعات البرنامج: 164 مقررات المستوي: - CEAI 321 | مقدمه في تعلم الاله | 4 ساعات - CEAI 322 | اساسيات التحسين والبحوث | 3 ساعات - CECY 382 | اساسيات الامن السيبراني | 3 ساعات - CESW 281 | مبادئ هندسه البرمجيات | 4 ساعات - CLAL 100 | مهارات لغويه -1 | 4 ساعات', '[program:BS-ARIN-IT|level:8|summary] (collection=degree_plans)\nالخطه الدراسيه البرنامج (الكود): BS-ARIN-IT البرنامج (الاسم): الذكاء الاصطناعي البرنامج (الاسم الكامل): بكالوريوس الذكاء الاصطناعي المستوي (الكود): 8 المستوي (الاسم): المستوي 8 اجمالي ساعات البرنامج: 164 مقررات المستوي: - CEAI 392 | 1-الممارسه المهنيه | 3 ساعات - CEAI 421 | معالجه اللغه الطبيعيه | 3 ساعات - CEAI 422 | اساسيات الرؤيه الحاسوبيه | 3 ساعات - ISLM 200 | الثقافه الاسلاميه-2 | 3 ساعات - SCBI 100 | الاستدامه البيئيه | 2 ساعات - CEAI XXX | مقرر اختياري-1 | 3 ساعات - XXX | مقرر حر-1 | 4 ساعات', '[program:BS-ARIN-IT|level:5|summary] (collection=degree_plans)\nالخطه الدراسيه البرنامج (الكود): BS-ARIN-IT البرنامج (الاسم): الذكاء الاصطناعي البرنامج (الاسم الكامل): بكالوريوس الذكاء الاصطناعي المستوي (الكود): 5 المستوي (الاسم): المستوي 5 اجمالي ساعات البرنامج: 164 مقررات المستوي: - CEAI 281 | اساسيات الذكاء الاصطناعي | 4 ساعات - CEAI 311 | اسس تحليل البيانات | 4 ساعات - CECS 283 | نظم التشغيل | 3 ساعات - SCMT 221 | جبر خطي | 3 ساعات - SCST 310 | احتمالات تطبيقيه و نماذج عشوائيه | 3 ساعات', '[program:BS-ARIN-IT|level:1|summary] (collection=degree_plans)\nالخطه الدراسيه البرنامج (الكود): BS-ARIN-IT البرنامج (الاسم): الذكاء الاصطناعي البرنامج (الاسم الكامل): بكالوريوس الذكاء الاصطناعي المستوي (الكود): 1 المستوي (الاسم): المستوي 1 اجمالي ساعات البرنامج: 164 مقررات المستوي: - CECS 100 | المهارات الرقميه | 3 ساعات - CECS 111 | مقدمه في برمجه | 3 ساعات - ELPR 130 | اللغه الانجليزيه-3 | 3 ساعات - SCMT 102 | تفاضل و تكامل-1 | 3 ساعات - SCPH 101 | فيزياء عامه -1 | 3 ساعات', '[program:BS-ARIN-IT|level:7|summary] (collection=degree_plans)\nالخطه الدراسيه البرنامج (الكود): BS-ARIN-IT البرنامج (الاسم): الذكاء الاصطناعي البرنامج (الاسم الكامل): بكالوريوس الذكاء الاصطناعي المستوي (الكود): 7 المستوي (الاسم): المستوي 7 اجمالي ساعات البرنامج: 164 مقررات المستوي: - BCSC 100 | مقدمه في الاداره اللوجستيه | 2 ساعات - CEAI 411 | مقدمه في الروبوتات | 4 ساعات - CEAI 412 | التعلم العميق | 4 ساعات - CECN 381 | شبكات الحاسب | 4 ساعات - CESW 382 | اداره مشاريع البرمجيات | 4 ساعات', '[program:BS-ARIN-IT|level:4|summary] (collection=degree_plans)\nالخطه الدراسيه البرنامج (الكود): BS-ARIN-IT البرنامج (الاسم): الذكاء الاصطناعي البرنامج (الاسم الكامل): بكالوريوس الذكاء الاصطناعي المستوي (الكود): 4 المستوي (الاسم): المستوي 4 اجمالي ساعات البرنامج: 164 مقررات المستوي: - CECS 217 | تنظيم وتصميم الحاسب | 4 ساعات - CECS 218 | البرمجه المتقدمه | 4 ساعات - CECS 381 | تصميم وتحليل الخوارزميات | 3 ساعات - SCMT 212 | تفاضل و تكامل-3 | 3 ساعات - SCPH 211 | فيزياء عامه -2 | 4 ساعات']",المتطلبات السابقة لمقرر الواقع المختلط (CEAI 433) هي: CEAI 422.,المتطلبات السابقة لمقرر الواقع المختلط (CEAI 433) هي: CEAI 422.,0.8088743420779907,0.6333333333122222,1.0,1.0
ما المتطلبات السابقة لمقرر نظم متعددة وكلاء (CEAI 435)؟,المتطلبات السابقة لمقرر نظم متعددة وكلاء (CEAI 435) هي: CEAI 411.,المتطلبات السابقة لمقرر نظم متعددة وكلاء (CEAI 435) هي: CEAI 411.,"['[program:BS-ARIN-IT|elective:CEAI 435|row:4] (collection=electives)\nمقرر اختياري البرنامج (الكود): BS-ARIN-IT البرنامج (الاسم): الذكاء الاصطناعي البرنامج (الاسم الكامل): بكالوريوس الذكاء الاصطناعي الكود: CEAI 435 الاسم عربي: نظم متعدده وكلاء الاسم انجليزي: Multi-agent Systems الوحدات: 4 المتطلبات السابقه (رموز): CEAI 411 ملاحظات: Elective — can be taken at any level once prerequisites are met.', '[program:BS-ARIN-IT|level:3|summary] (collection=degree_plans)\nالخطه الدراسيه البرنامج (الكود): BS-ARIN-IT البرنامج (الاسم): الذكاء الاصطناعي البرنامج (الاسم الكامل): بكالوريوس الذكاء الاصطناعي المستوي (الكود): 3 المستوي (الاسم): المستوي 3 اجمالي ساعات البرنامج: 164 مقررات المستوي: - CECN 282 | تصميم المنطق الرقمي | 4 ساعات - CECS 281 | تراكيب البيانات | 4 ساعات - ELPR 220 | كتابه اكاديميه انجليزيه | 3 ساعات - ISLM 100 | ثقافه اسلاميه-1 | 2 ساعات - SCMT 211 | تفاضل و تكامل-2 | 3 ساعات - SCST 210 | احصاء عام -1 | 2 ساعات', '[program:BS-ARIN-IT|level:10|summary] (collection=degree_plans)\nالخطه الدراسيه البرنامج (الكود): BS-ARIN-IT البرنامج (الاسم): الذكاء الاصطناعي البرنامج (الاسم الكامل): بكالوريوس الذكاء الاصطناعي المستوي (الكود): 10 المستوي (الاسم): المستوي 10 اجمالي ساعات البرنامج: 164 مقررات المستوي: - CLAL 200 | مهارات لغويه-2 | 2 ساعات - ISLM 300 | ثقافه اسلاميه-3 | 3 ساعات - CEAI 496 | مشروع تخرج-2 | 4 ساعات - CEAI XXX | مقرر اختياري-2 | 3 ساعات - XXX | مقرر حر-2 | 4 ساعات - CEAI 423 | اخلاقيات وحوكمهالذكاء لاصطناعي | 3 ساعات', '[program:BS-ARIN-IT|level:2|summary] (collection=degree_plans)\nالخطه الدراسيه البرنامج (الكود): BS-ARIN-IT البرنامج (الاسم): الذكاء الاصطناعي البرنامج (الاسم الكامل): بكالوريوس الذكاء الاصطناعي المستوي (الكود): 2 المستوي (الاسم): المستوي 2 اجمالي ساعات البرنامج: 164 مقررات المستوي: - CECS 121 | برمجه شيئيه | 4 ساعات - CECS 122 | رياضيات متقدمه حاسوبيه | 3 ساعات - CEDS 124 | مقدمه قواعد البيانات | 3 ساعات - ELPR 140 | اللغه الانجليزيه-4 | 3 ساعات - SEPS 110 | مهارات الحياه الجامعيه و سوق العمل | 1 ساعات', '[program:BS-ARIN-IT|level:8|summary] (collection=degree_plans)\nالخطه الدراسيه البرنامج (الكود): BS-ARIN-IT البرنامج (الاسم): الذكاء الاصطناعي البرنامج (الاسم الكامل): بكالوريوس الذكاء الاصطناعي المستوي (الكود): 8 المستوي (الاسم): المستوي 8 اجمالي ساعات البرنامج: 164 مقررات المستوي: - CEAI 392 | 1-الممارسه المهنيه | 3 ساعات - CEAI 421 | معالجه اللغه الطبيعيه | 3 ساعات - CEAI 422 | اساسيات الرؤيه الحاسوبيه | 3 ساعات - ISLM 200 | الثقافه الاسلاميه-2 | 3 ساعات - SCBI 100 | الاستدامه البيئيه | 2 ساعات - CEAI XXX | مقرر اختياري-1 | 3 ساعات - XXX | مقرر حر-1 | 4 ساعات', '[program:BS-ARIN-IT|level:5|summary] (collection=degree_plans)\nالخطه الدراسيه البرنامج (الكود): BS-ARIN-IT البرنامج (الاسم): الذكاء الاصطناعي البرنامج (الاسم الكامل): بكالوريوس الذكاء الاصطناعي المستوي (الكود): 5 المستوي (الاسم): المستوي 5 اجمالي ساعات البرنامج: 164 مقررات المستوي: - CEAI 281 | اساسيات الذكاء الاصطناعي | 4 ساعات - CEAI 311 | اسس تحليل البيانات | 4 ساعات - CECS 283 | نظم التشغيل | 3 ساعات - SCMT 221 | جبر خطي | 3 ساعات - SCST 310 | احتمالات تطبيقيه و نماذج عشوائيه | 3 ساعات', '[program:BS-ARIN-IT|level:1|summary] (collection=degree_plans)\nالخطه الدراسيه البرنامج (الكود): BS-ARIN-IT البرنامج (الاسم): الذكاء الاصطناعي البرنامج (الاسم الكامل): بكالوريوس الذكاء الاصطناعي المستوي (الكود): 1 المستوي (الاسم): المستوي 1 اجمالي ساعات البرنامج: 164 مقررات المستوي: - CECS 100 | المهارات الرقميه | 3 ساعات - CECS 111 | مقدمه في برمجه | 3 ساعات - ELPR 130 | اللغه الانجليزيه-3 | 3 ساعات - SCMT 102 | تفاضل و تكامل-1 | 3 ساعات - SCPH 101 | فيزياء عامه -1 | 3 ساعات', '[program:BS-ARIN-IT|level:6|summary] (collection=degree_plans)\nالخطه الدراسيه البرنامج (الكود): BS-ARIN-IT البرنامج (الاسم): الذكاء الاصطناعي البرنامج (الاسم الكامل): بكالوريوس الذكاء الاصطناعي المستوي (الكود): 6 المستوي (الاسم): المستوي 6 اجمالي ساعات البرنامج: 164 مقررات المستوي: - CEAI 321 | مقدمه في تعلم الاله | 4 ساعات - CEAI 322 | اساسيات التحسين والبحوث | 3 ساعات - CECY 382 | اساسيات الامن السيبراني | 3 ساعات - CESW 281 | مبادئ هندسه البرمجيات | 4 ساعات - CLAL 100 | مهارات لغويه -1 | 4 ساعات', '[program:BS-ARIN-IT|level:4|summary] (collection=degree_plans)\nالخطه الدراسيه البرنامج (الكود): BS-ARIN-IT البرنامج (الاسم): الذكاء الاصطناعي البرنامج (الاسم الكامل): بكالوريوس الذكاء الاصطناعي المستوي (الكود): 4 المستوي (الاسم): المستوي 4 اجمالي ساعات البرنامج: 164 مقررات المستوي: - CECS 217 | تنظيم وتصميم الحاسب | 4 ساعات - CECS 218 | البرمجه المتقدمه | 4 ساعات - CECS 381 | تصميم وتحليل الخوارزميات | 3 ساعات - SCMT 212 | تفاضل و تكامل-3 | 3 ساعات - SCPH 211 | فيزياء عامه -2 | 4 ساعات', '[program:BS-ARIN-IT|level:7|summary] (collection=degree_plans)\nالخطه الدراسيه البرنامج (الكود): BS-ARIN-IT البرنامج (الاسم): الذكاء الاصطناعي البرنامج (الاسم الكامل): بكالوريوس الذكاء الاصطناعي المستوي (الكود): 7 المستوي (الاسم): المستوي 7 اجمالي ساعات البرنامج: 164 مقررات المستوي: - BCSC 100 | مقدمه في الاداره اللوجستيه | 2 ساعات - CEAI 411 | مقدمه في الروبوتات | 4 ساعات - CEAI 412 | التعلم العميق | 4 ساعات - CECN 381 | شبكات الحاسب | 4 ساعات - CESW 382 | اداره مشاريع البرمجيات | 4 ساعات']",10,True,False,False,True,ما المتطلبات السابقة لمقرر نظم متعددة وكلاء (CEAI 435)؟,,[],,Q035,electives,AI electives,medium,AI_Elective_Courses,AI_Elective_Courses.json | CEAI 435,ما المتطلبات السابقة لمقرر نظم متعددة وكلاء (CEAI 435)؟,"['[program:BS-ARIN-IT|elective:CEAI 435|row:4] (collection=electives)\nمقرر اختياري البرنامج (الكود): BS-ARIN-IT البرنامج (الاسم): الذكاء الاصطناعي البرنامج (الاسم الكامل): بكالوريوس الذكاء الاصطناعي الكود: CEAI 435 الاسم عربي: نظم متعدده وكلاء الاسم انجليزي: Multi-agent Systems الوحدات: 4 المتطلبات السابقه (رموز): CEAI 411 ملاحظات: Elective — can be taken at any level once prerequisites are met.', '[program:BS-ARIN-IT|level:3|summary] (collection=degree_plans)\nالخطه الدراسيه البرنامج (الكود): BS-ARIN-IT البرنامج (الاسم): الذكاء الاصطناعي البرنامج (الاسم الكامل): بكالوريوس الذكاء الاصطناعي المستوي (الكود): 3 المستوي (الاسم): المستوي 3 اجمالي ساعات البرنامج: 164 مقررات المستوي: - CECN 282 | تصميم المنطق الرقمي | 4 ساعات - CECS 281 | تراكيب البيانات | 4 ساعات - ELPR 220 | كتابه اكاديميه انجليزيه | 3 ساعات - ISLM 100 | ثقافه اسلاميه-1 | 2 ساعات - SCMT 211 | تفاضل و تكامل-2 | 3 ساعات - SCST 210 | احصاء عام -1 | 2 ساعات', '[program:BS-ARIN-IT|level:10|summary] (collection=degree_plans)\nالخطه الدراسيه البرنامج (الكود): BS-ARIN-IT البرنامج (الاسم): الذكاء الاصطناعي البرنامج (الاسم الكامل): بكالوريوس الذكاء الاصطناعي المستوي (الكود): 10 المستوي (الاسم): المستوي 10 اجمالي ساعات البرنامج: 164 مقررات المستوي: - CLAL 200 | مهارات لغويه-2 | 2 ساعات - ISLM 300 | ثقافه اسلاميه-3 | 3 ساعات - CEAI 496 | مشروع تخرج-2 | 4 ساعات - CEAI XXX | مقرر اختياري-2 | 3 ساعات - XXX | مقرر حر-2 | 4 ساعات - CEAI 423 | اخلاقيات وحوكمهالذكاء لاصطناعي | 3 ساعات', '[program:BS-ARIN-IT|level:2|summary] (collection=degree_plans)\nالخطه الدراسيه البرنامج (الكود): BS-ARIN-IT البرنامج (الاسم): الذكاء الاصطناعي البرنامج (الاسم الكامل): بكالوريوس الذكاء الاصطناعي المستوي (الكود): 2 المستوي (الاسم): المستوي 2 اجمالي ساعات البرنامج: 164 مقررات المستوي: - CECS 121 | برمجه شيئيه | 4 ساعات - CECS 122 | رياضيات متقدمه حاسوبيه | 3 ساعات - CEDS 124 | مقدمه قواعد البيانات | 3 ساعات - ELPR 140 | اللغه الانجليزيه-4 | 3 ساعات - SEPS 110 | مهارات الحياه الجامعيه و سوق العمل | 1 ساعات', '[program:BS-ARIN-IT|level:8|summary] (collection=degree_plans)\nالخطه الدراسيه البرنامج (الكود): BS-ARIN-IT البرنامج (الاسم): الذكاء الاصطناعي البرنامج (الاسم الكامل): بكالوريوس الذكاء الاصطناعي المستوي (الكود): 8 المستوي (الاسم): المستوي 8 اجمالي ساعات البرنامج: 164 مقررات المستوي: - CEAI 392 | 1-الممارسه المهنيه | 3 ساعات - CEAI 421 | معالجه اللغه الطبيعيه | 3 ساعات - CEAI 422 | اساسيات الرؤيه الحاسوبيه | 3 ساعات - ISLM 200 | الثقافه الاسلاميه-2 | 3 ساعات - SCBI 100 | الاستدامه البيئيه | 2 ساعات - CEAI XXX | مقرر اختياري-1 | 3 ساعات - XXX | مقرر حر-1 | 4 ساعات', '[program:BS-ARIN-IT|level:5|summary] (collection=degree_plans)\nالخطه الدراسيه البرنامج (الكود): BS-ARIN-IT البرنامج (الاسم): الذكاء الاصطناعي البرنامج (الاسم الكامل): بكالوريوس الذكاء الاصطناعي المستوي (الكود): 5 المستوي (الاسم): المستوي 5 اجمالي ساعات البرنامج: 164 مقررات المستوي: - CEAI 281 | اساسيات الذكاء الاصطناعي | 4 ساعات - CEAI 311 | اسس تحليل البيانات | 4 ساعات - CECS 283 | نظم التشغيل | 3 ساعات - SCMT 221 | جبر خطي | 3 ساعات - SCST 310 | احتمالات تطبيقيه و نماذج عشوائيه | 3 ساعات', '[program:BS-ARIN-IT|level:1|summary] (collection=degree_plans)\nالخطه الدراسيه البرنامج (الكود): BS-ARIN-IT البرنامج (الاسم): الذكاء الاصطناعي البرنامج (الاسم الكامل): بكالوريوس الذكاء الاصطناعي المستوي (الكود): 1 المستوي (الاسم): المستوي 1 اجمالي ساعات البرنامج: 164 مقررات المستوي: - CECS 100 | المهارات الرقميه | 3 ساعات - CECS 111 | مقدمه في برمجه | 3 ساعات - ELPR 130 | اللغه الانجليزيه-3 | 3 ساعات - SCMT 102 | تفاضل و تكامل-1 | 3 ساعات - SCPH 101 | فيزياء عامه -1 | 3 ساعات', '[program:BS-ARIN-IT|level:6|summary] (collection=degree_plans)\nالخطه الدراسيه البرنامج (الكود): BS-ARIN-IT البرنامج (الاسم): الذكاء الاصطناعي البرنامج (الاسم الكامل): بكالوريوس الذكاء الاصطناعي المستوي (الكود): 6 المستوي (الاسم): المستوي 6 اجمالي ساعات البرنامج: 164 مقررات المستوي: - CEAI 321 | مقدمه في تعلم الاله | 4 ساعات - CEAI 322 | اساسيات التحسين والبحوث | 3 ساعات - CECY 382 | اساسيات الامن السيبراني | 3 ساعات - CESW 281 | مبادئ هندسه البرمجيات | 4 ساعات - CLAL 100 | مهارات لغويه -1 | 4 ساعات', '[program:BS-ARIN-IT|level:4|summary] (collection=degree_plans)\nالخطه الدراسيه البرنامج (الكود): BS-ARIN-IT البرنامج (الاسم): الذكاء الاصطناعي البرنامج (الاسم الكامل): بكالوريوس الذكاء الاصطناعي المستوي (الكود): 4 المستوي (الاسم): المستوي 4 اجمالي ساعات البرنامج: 164 مقررات المستوي: - CECS 217 | تنظيم وتصميم الحاسب | 4 ساعات - CECS 218 | البرمجه المتقدمه | 4 ساعات - CECS 381 | تصميم وتحليل الخوارزميات | 3 ساعات - SCMT 212 | تفاضل و تكامل-3 | 3 ساعات - SCPH 211 | فيزياء عامه -2 | 4 ساعات', '[program:BS-ARIN-IT|level:7|summary] (collection=degree_plans)\nالخطه الدراسيه البرنامج (الكود): BS-ARIN-IT البرنامج (الاسم): الذكاء الاصطناعي البرنامج (الاسم الكامل): بكالوريوس الذكاء الاصطناعي المستوي (الكود): 7 المستوي (الاسم): المستوي 7 اجمالي ساعات البرنامج: 164 مقررات المستوي: - BCSC 100 | مقدمه في الاداره اللوجستيه | 2 ساعات - CEAI 411 | مقدمه في الروبوتات | 4 ساعات - CEAI 412 | التعلم العميق | 4 ساعات - CECN 381 | شبكات الحاسب | 4 ساعات - CESW 382 | اداره مشاريع البرمجيات | 4 ساعات']",المتطلبات السابقة لمقرر نظم متعددة وكلاء (CEAI 435) هي: CEAI 411.,المتطلبات السابقة لمقرر نظم متعددة وكلاء (CEAI 435) هي: CEAI 411.,0.9844094778175517,0.5074074073904938,1.0,1.0
هل يعتبر مقرر موضوعات متقدمة في الذكاء الاصطناعي (CEAI 436) من المقررات الاختيارية، وكم عدد وحداته؟,نعم، مقرر موضوعات متقدمة في الذكاء الاصطناعي (CEAI 436) من المقررات الاختيارية وعدد وحداته 4 وحدات.,"نعم، يعتبر مقرر ""موضوعات متقدمة في الذكاء الاصطناعي"" (CEAI 436) من المقررات الاختيارية، وعدد وحداته هو 4 وحدات.","['[program:BS-ARIN-IT|elective:CEAI 436|row:5] (collection=electives)\nمقرر اختياري البرنامج (الكود): BS-ARIN-IT البرنامج (الاسم): الذكاء الاصطناعي البرنامج (الاسم الكامل): بكالوريوس الذكاء الاصطناعي الكود: CEAI 436 الاسم عربي: موضوعات متقدمه في الذكاء الاصطناعي الاسم انجليزي: Advanced Topics in AI الوحدات: 4 المتطلبات السابقه (رموز): CEAI 321 ملاحظات: Elective — can be taken at any level once prerequisites are met.', '[program:BS-ARIN-IT|elective:CEAI 441|row:10] (collection=electives)\nمقرر اختياري البرنامج (الكود): BS-ARIN-IT البرنامج (الاسم): الذكاء الاصطناعي البرنامج (الاسم الكامل): بكالوريوس الذكاء الاصطناعي الكود: CEAI 441 الاسم عربي: موضوعات متقدمه في العمليات الاسم انجليزي: Topics in Applied Operational Research الوحدات: 4 المتطلبات السابقه (رموز): CEAI 322 ملاحظات: Elective — can be taken at any level once prerequisites are met.', '[program:BS-ARIN-IT|elective:CEAI 435|row:4] (collection=electives)\nمقرر اختياري البرنامج (الكود): BS-ARIN-IT البرنامج (الاسم): الذكاء الاصطناعي البرنامج (الاسم الكامل): بكالوريوس الذكاء الاصطناعي الكود: CEAI 435 الاسم عربي: نظم متعدده وكلاء الاسم انجليزي: Multi-agent Systems الوحدات: 4 المتطلبات السابقه (رموز): CEAI 411 ملاحظات: Elective — can be taken at any level once prerequisites are met.', '[program:BS-ARIN-IT|elective:CEAI 437|row:6] (collection=electives)\nمقرر اختياري البرنامج (الكود): BS-ARIN-IT البرنامج (الاسم): الذكاء الاصطناعي البرنامج (الاسم الكامل): بكالوريوس الذكاء الاصطناعي الكود: CEAI 437 الاسم عربي: تعلم الاله المتقدم الاسم انجليزي: Advanced Machine Learning الوحدات: 4 المتطلبات السابقه (رموز): CEAI 321 ملاحظات: Elective — can be taken at any level once prerequisites are met.', '[program:BS-ARIN-IT|elective:CEAI 432|row:1] (collection=electives)\nمقرر اختياري البرنامج (الكود): BS-ARIN-IT البرنامج (الاسم): الذكاء الاصطناعي البرنامج (الاسم الكامل): بكالوريوس الذكاء الاصطناعي الكود: CEAI 432 الاسم عربي: تمثيل المعرفه والاستدلال الاسم انجليزي: Knowledge Representation and Reasoning الوحدات: 4 المتطلبات السابقه (رموز): CEAI 221 ملاحظات: Elective — can be taken at any level once prerequisites are met.', '[program:BS-ARIN-IT|elective:CEAI 431|row:0] (collection=electives)\nمقرر اختياري البرنامج (الكود): BS-ARIN-IT البرنامج (الاسم): الذكاء الاصطناعي البرنامج (الاسم الكامل): بكالوريوس الذكاء الاصطناعي الكود: CEAI 431 الاسم عربي: نظم التوصيه الاسم انجليزي: Recommender Systems الوحدات: 4 المتطلبات السابقه (رموز): CEAI 321 ملاحظات: Elective — can be taken at any level once prerequisites are met.', '[program:BS-ARIN-IT|elective:CEAI 445|row:20] (collection=electives)\nمقرر اختياري البرنامج (الكود): BS-ARIN-IT البرنامج (الاسم): الذكاء الاصطناعي البرنامج (الاسم الكامل): بكالوريوس الذكاء الاصطناعي الكود: CEAI 445 الاسم عربي: مدخل الي اتمته العمليات الروبوتيه الاسم انجليزي: Introduction to Robotic Process Automation الوحدات: 4 المتطلبات السابقه (رموز): CEAI 321 ملاحظات: Elective — can be taken at any level once prerequisites are met.', '[program:BS-ARIN-IT|elective:CEAI 446|row:21] (collection=electives)\nمقرر اختياري البرنامج (الكود): BS-ARIN-IT البرنامج (الاسم): الذكاء الاصطناعي البرنامج (الاسم الكامل): بكالوريوس الذكاء الاصطناعي الكود: CEAI 446 الاسم عربي: مدخل في البيانات الضخمه الاسم انجليزي: Introduction to Big Data الوحدات: 4 المتطلبات السابقه (رموز): CEAI 321 ملاحظات: Elective — can be taken at any level once prerequisites are met.', '[program:BS-ARIN-IT|elective:CEAI 443|row:12] (collection=electives)\nمقرر اختياري البرنامج (الكود): BS-ARIN-IT البرنامج (الاسم): الذكاء الاصطناعي البرنامج (الاسم الكامل): بكالوريوس الذكاء الاصطناعي الكود: CEAI 443 الاسم عربي: تطبيقات الذكاء الاصطناعي في الامن السيبراني الاسم انجليزي: AI Applications in Cybersecurity الوحدات: 4 المتطلبات السابقه (رموز): CECY 382, CEAI 321 ملاحظات: Elective — can be taken at any level once prerequisites are met.', '[program:BS-ARIN-IT|elective:CEAI 433|row:2] (collection=electives)\nمقرر اختياري البرنامج (الكود): BS-ARIN-IT البرنامج (الاسم): الذكاء الاصطناعي البرنامج (الاسم الكامل): بكالوريوس الذكاء الاصطناعي الكود: CEAI 433 الاسم عربي: الواقع المختلط الاسم انجليزي: Mixed Reality الوحدات: 4 المتطلبات السابقه (رموز): CEAI 422 ملاحظات: Elective — can be taken at any level once prerequisites are met.']",10,True,False,False,True,هل يعتبر مقرر موضوعات متقدمة في الذكاء الاصطناعي (CEAI 436) من المقررات الاختيارية، وكم عدد وحداته؟,,[],,Q036,electives,AI electives,easy,AI_Elective_Courses,AI_Elective_Courses.json | CEAI 436,هل يعتبر مقرر موضوعات متقدمة في الذكاء الاصطناعي (CEAI 436) من المقررات الاختيارية، وكم عدد وحداته؟,"['[program:BS-ARIN-IT|elective:CEAI 436|row:5] (collection=electives)\nمقرر اختياري البرنامج (الكود): BS-ARIN-IT البرنامج (الاسم): الذكاء الاصطناعي البرنامج (الاسم الكامل): بكالوريوس الذكاء الاصطناعي الكود: CEAI 436 الاسم عربي: موضوعات متقدمه في الذكاء الاصطناعي الاسم انجليزي: Advanced Topics in AI الوحدات: 4 المتطلبات السابقه (رموز): CEAI 321 ملاحظات: Elective — can be taken at any level once prerequisites are met.', '[program:BS-ARIN-IT|elective:CEAI 441|row:10] (collection=electives)\nمقرر اختياري البرنامج (الكود): BS-ARIN-IT البرنامج (الاسم): الذكاء الاصطناعي البرنامج (الاسم الكامل): بكالوريوس الذكاء الاصطناعي الكود: CEAI 441 الاسم عربي: موضوعات متقدمه في العمليات الاسم انجليزي: Topics in Applied Operational Research الوحدات: 4 المتطلبات السابقه (رموز): CEAI 322 ملاحظات: Elective — can be taken at any level once prerequisites are met.', '[program:BS-ARIN-IT|elective:CEAI 435|row:4] (collection=electives)\nمقرر اختياري البرنامج (الكود): BS-ARIN-IT البرنامج (الاسم): الذكاء الاصطناعي البرنامج (الاسم الكامل): بكالوريوس الذكاء الاصطناعي الكود: CEAI 435 الاسم عربي: نظم متعدده وكلاء الاسم انجليزي: Multi-agent Systems الوحدات: 4 المتطلبات السابقه (رموز): CEAI 411 ملاحظات: Elective — can be taken at any level once prerequisites are met.', '[program:BS-ARIN-IT|elective:CEAI 437|row:6] (collection=electives)\nمقرر اختياري البرنامج (الكود): BS-ARIN-IT البرنامج (الاسم): الذكاء الاصطناعي البرنامج (الاسم الكامل): بكالوريوس الذكاء الاصطناعي الكود: CEAI 437 الاسم عربي: تعلم الاله المتقدم الاسم انجليزي: Advanced Machine Learning الوحدات: 4 المتطلبات السابقه (رموز): CEAI 321 ملاحظات: Elective — can be taken at any level once prerequisites are met.', '[program:BS-ARIN-IT|elective:CEAI 432|row:1] (collection=electives)\nمقرر اختياري البرنامج (الكود): BS-ARIN-IT البرنامج (الاسم): الذكاء الاصطناعي البرنامج (الاسم الكامل): بكالوريوس الذكاء الاصطناعي الكود: CEAI 432 الاسم عربي: تمثيل المعرفه والاستدلال الاسم انجليزي: Knowledge Representation and Reasoning الوحدات: 4 المتطلبات السابقه (رموز): CEAI 221 ملاحظات: Elective — can be taken at any level once prerequisites are met.', '[program:BS-ARIN-IT|elective:CEAI 431|row:0] (collection=electives)\nمقرر اختياري البرنامج (الكود): BS-ARIN-IT البرنامج (الاسم): الذكاء الاصطناعي البرنامج (الاسم الكامل): بكالوريوس الذكاء الاصطناعي الكود: CEAI 431 الاسم عربي: نظم التوصيه الاسم انجليزي: Recommender Systems الوحدات: 4 المتطلبات السابقه (رموز): CEAI 321 ملاحظات: Elective — can be taken at any level once prerequisites are met.', '[program:BS-ARIN-IT|elective:CEAI 445|row:20] (collection=electives)\nمقرر اختياري البرنامج (الكود): BS-ARIN-IT البرنامج (الاسم): الذكاء الاصطناعي البرنامج (الاسم الكامل): بكالوريوس الذكاء الاصطناعي الكود: CEAI 445 الاسم عربي: مدخل الي اتمته العمليات الروبوتيه الاسم انجليزي: Introduction to Robotic Process Automation الوحدات: 4 المتطلبات السابقه (رموز): CEAI 321 ملاحظات: Elective — can be taken at any level once prerequisites are met.', '[program:BS-ARIN-IT|elective:CEAI 446|row:21] (collection=electives)\nمقرر اختياري البرنامج (الكود): BS-ARIN-IT البرنامج (الاسم): الذكاء الاصطناعي البرنامج (الاسم الكامل): بكالوريوس الذكاء الاصطناعي الكود: CEAI 446 الاسم عربي: مدخل في البيانات الضخمه الاسم انجليزي: Introduction to Big Data الوحدات: 4 المتطلبات السابقه (رموز): CEAI 321 ملاحظات: Elective — can be taken at any level once prerequisites are met.', '[program:BS-ARIN-IT|elective:CEAI 443|row:12] (collection=electives)\nمقرر اختياري البرنامج (الكود): BS-ARIN-IT البرنامج (الاسم): الذكاء الاصطناعي البرنامج (الاسم الكامل): بكالوريوس الذكاء الاصطناعي الكود: CEAI 443 الاسم عربي: تطبيقات الذكاء الاصطناعي في الامن السيبراني الاسم انجليزي: AI Applications in Cybersecurity الوحدات: 4 المتطلبات السابقه (رموز): CECY 382, CEAI 321 ملاحظات: Elective — can be taken at any level once prerequisites are met.', '[program:BS-ARIN-IT|elective:CEAI 433|row:2] (collection=electives)\nمقرر اختياري البرنامج (الكود): BS-ARIN-IT البرنامج (الاسم): الذكاء الاصطناعي البرنامج (الاسم الكامل): بكالوريوس الذكاء الاصطناعي الكود: CEAI 433 الاسم عربي: الواقع المختلط الاسم انجليزي: Mixed Reality الوحدات: 4 المتطلبات السابقه (رموز): CEAI 422 ملاحظات: Elective — can be taken at any level once prerequisites are met.']","نعم، يعتبر مقرر ""موضوعات متقدمة في الذكاء الاصطناعي"" (CEAI 436) من المقررات الاختيارية، وعدد وحداته هو 4 وحدات.",نعم، مقرر موضوعات متقدمة في الذكاء الاصطناعي (CEAI 436) من المقررات الاختيارية وعدد وحداته 4 وحدات.,0.9404123829053294,0.9999999999,1.0,1.0
هل يعتبر مقرر تعلم الآلة المتقدم (CEAI 437) من المقررات الاختيارية، وكم عدد وحداته؟,نعم، مقرر تعلم الآلة المتقدم (CEAI 437) من المقررات الاختيارية وعدد وحداته 4 وحدات.,نعم، يعتبر مقرر تعلم الآلة المتقدم (CEAI 437) من المقررات الاختيارية، وعدد وحداته هو 4 وحدات.,"['[program:BS-ARIN-IT|elective:CEAI 436|row:5] (collection=electives)\nمقرر اختياري البرنامج (الكود): BS-ARIN-IT البرنامج (الاسم): الذكاء الاصطناعي البرنامج (الاسم الكامل): بكالوريوس الذكاء الاصطناعي الكود: CEAI 436 الاسم عربي: موضوعات متقدمه في الذكاء الاصطناعي الاسم انجليزي: Advanced Topics in AI الوحدات: 4 المتطلبات السابقه (رموز): CEAI 321 ملاحظات: Elective — can be taken at any level once prerequisites are met.', '[program:BS-ARIN-IT|elective:CEAI 437|row:6] (collection=electives)\nمقرر اختياري البرنامج (الكود): BS-ARIN-IT البرنامج (الاسم): الذكاء الاصطناعي البرنامج (الاسم الكامل): بكالوريوس الذكاء الاصطناعي الكود: CEAI 437 الاسم عربي: تعلم الاله المتقدم الاسم انجليزي: Advanced Machine Learning الوحدات: 4 المتطلبات السابقه (رموز): CEAI 321 ملاحظات: Elective — can be taken at any level once prerequisites are met.', '[program:BS-ARIN-IT|elective:CEAI 441|row:10] (collection=electives)\nمقرر اختياري البرنامج (الكود): BS-ARIN-IT البرنامج (الاسم): الذكاء الاصطناعي البرنامج (الاسم الكامل): بكالوريوس الذكاء الاصطناعي الكود: CEAI 441 الاسم عربي: موضوعات متقدمه في العمليات الاسم انجليزي: Topics in Applied Operational Research الوحدات: 4 المتطلبات السابقه (رموز): CEAI 322 ملاحظات: Elective — can be taken at any level once prerequisites are met.', '[program:BS-ARIN-IT|level:10|summary] (collection=degree_plans)\nالخطه الدراسيه البرنامج (الكود): BS-ARIN-IT البرنامج (الاسم): الذكاء الاصطناعي البرنامج (الاسم الكامل): بكالوريوس الذكاء الاصطناعي المستوي (الكود): 10 المستوي (الاسم): المستوي 10 اجمالي ساعات البرنامج: 164 مقررات المستوي: - CLAL 200 | مهارات لغويه-2 | 2 ساعات - ISLM 300 | ثقافه اسلاميه-3 | 3 ساعات - CEAI 496 | مشروع تخرج-2 | 4 ساعات - CEAI XXX | مقرر اختياري-2 | 3 ساعات - XXX | مقرر حر-2 | 4 ساعات - CEAI 423 | اخلاقيات وحوكمهالذكاء لاصطناعي | 3 ساعات', '[chunk_129|part:0] (collection=transfer_rules)\nمواد معياريه لبرامج الذكاء الاصطناعي: SCMT 110 و ELPR 130 ومقرر مقدمه في البرمجه.', '[program:BS-ARIN-IT|level:6|summary] (collection=degree_plans)\nالخطه الدراسيه البرنامج (الكود): BS-ARIN-IT البرنامج (الاسم): الذكاء الاصطناعي البرنامج (الاسم الكامل): بكالوريوس الذكاء الاصطناعي المستوي (الكود): 6 المستوي (الاسم): المستوي 6 اجمالي ساعات البرنامج: 164 مقررات المستوي: - CEAI 321 | مقدمه في تعلم الاله | 4 ساعات - CEAI 322 | اساسيات التحسين والبحوث | 3 ساعات - CECY 382 | اساسيات الامن السيبراني | 3 ساعات - CESW 281 | مبادئ هندسه البرمجيات | 4 ساعات - CLAL 100 | مهارات لغويه -1 | 4 ساعات', '[program:BS-ARIN-IT|elective:CEAI 435|row:4] (collection=electives)\nمقرر اختياري البرنامج (الكود): BS-ARIN-IT البرنامج (الاسم): الذكاء الاصطناعي البرنامج (الاسم الكامل): بكالوريوس الذكاء الاصطناعي الكود: CEAI 435 الاسم عربي: نظم متعدده وكلاء الاسم انجليزي: Multi-agent Systems الوحدات: 4 المتطلبات السابقه (رموز): CEAI 411 ملاحظات: Elective — can be taken at any level once prerequisites are met.', '[program:BS-ARIN-IT|elective:CEAI 431|row:0] (collection=electives)\nمقرر اختياري البرنامج (الكود): BS-ARIN-IT البرنامج (الاسم): الذكاء الاصطناعي البرنامج (الاسم الكامل): بكالوريوس الذكاء الاصطناعي الكود: CEAI 431 الاسم عربي: نظم التوصيه الاسم انجليزي: Recommender Systems الوحدات: 4 المتطلبات السابقه (رموز): CEAI 321 ملاحظات: Elective — can be taken at any level once prerequisites are met.', '[program:BS-ARIN-IT|level:1|summary] (collection=degree_plans)\nالخطه الدراسيه البرنامج (الكود): BS-ARIN-IT البرنامج (الاسم): الذكاء الاصطناعي البرنامج (الاسم الكامل): بكالوريوس الذكاء الاصطناعي المستوي (الكود): 1 المستوي (الاسم): المستوي 1 اجمالي ساعات البرنامج: 164 مقررات المستوي: - CECS 100 | المهارات الرقميه | 3 ساعات - CECS 111 | مقدمه في برمجه | 3 ساعات - ELPR 130 | اللغه الانجليزيه-3 | 3 ساعات - SCMT 102 | تفاضل و تكامل-1 | 3 ساعات - SCPH 101 | فيزياء عامه -1 | 3 ساعات', '[program:BS-ARIN-IT|elective:CEAI 445|row:20] (collection=electives)\nمقرر اختياري البرنامج (الكود): BS-ARIN-IT البرنامج (الاسم): الذكاء الاصطناعي البرنامج (الاسم الكامل): بكالوريوس الذكاء الاصطناعي الكود: CEAI 445 الاسم عربي: مدخل الي اتمته العمليات الروبوتيه الاسم انجليزي: Introduction to Robotic Process Automation الوحدات: 4 المتطلبات السابقه (رموز): CEAI 321 ملاحظات: Elective — can be taken at any level once prerequisites are met.']",10,True,False,False,True,هل يعتبر مقرر تعلم الآلة المتقدم (CEAI 437) من المقررات الاختيارية، وكم عدد وحداته؟,,[],,Q037,electives,AI electives,easy,AI_Elective_Courses,AI_Elective_Courses.json | CEAI 437,هل يعتبر مقرر تعلم الآلة المتقدم (CEAI 437) من المقررات الاختيارية، وكم عدد وحداته؟,"['[program:BS-ARIN-IT|elective:CEAI 436|row:5] (collection=electives)\nمقرر اختياري البرنامج (الكود): BS-ARIN-IT البرنامج (الاسم): الذكاء الاصطناعي البرنامج (الاسم الكامل): بكالوريوس الذكاء الاصطناعي الكود: CEAI 436 الاسم عربي: موضوعات متقدمه في الذكاء الاصطناعي الاسم انجليزي: Advanced Topics in AI الوحدات: 4 المتطلبات السابقه (رموز): CEAI 321 ملاحظات: Elective — can be taken at any level once prerequisites are met.', '[program:BS-ARIN-IT|elective:CEAI 437|row:6] (collection=electives)\nمقرر اختياري البرنامج (الكود): BS-ARIN-IT البرنامج (الاسم): الذكاء الاصطناعي البرنامج (الاسم الكامل): بكالوريوس الذكاء الاصطناعي الكود: CEAI 437 الاسم عربي: تعلم الاله المتقدم الاسم انجليزي: Advanced Machine Learning الوحدات: 4 المتطلبات السابقه (رموز): CEAI 321 ملاحظات: Elective — can be taken at any level once prerequisites are met.', '[program:BS-ARIN-IT|elective:CEAI 441|row:10] (collection=electives)\nمقرر اختياري البرنامج (الكود): BS-ARIN-IT البرنامج (الاسم): الذكاء الاصطناعي البرنامج (الاسم الكامل): بكالوريوس الذكاء الاصطناعي الكود: CEAI 441 الاسم عربي: موضوعات متقدمه في العمليات الاسم انجليزي: Topics in Applied Operational Research الوحدات: 4 المتطلبات السابقه (رموز): CEAI 322 ملاحظات: Elective — can be taken at any level once prerequisites are met.', '[program:BS-ARIN-IT|level:10|summary] (collection=degree_plans)\nالخطه الدراسيه البرنامج (الكود): BS-ARIN-IT البرنامج (الاسم): الذكاء الاصطناعي البرنامج (الاسم الكامل): بكالوريوس الذكاء الاصطناعي المستوي (الكود): 10 المستوي (الاسم): المستوي 10 اجمالي ساعات البرنامج: 164 مقررات المستوي: - CLAL 200 | مهارات لغويه-2 | 2 ساعات - ISLM 300 | ثقافه اسلاميه-3 | 3 ساعات - CEAI 496 | مشروع تخرج-2 | 4 ساعات - CEAI XXX | مقرر اختياري-2 | 3 ساعات - XXX | مقرر حر-2 | 4 ساعات - CEAI 423 | اخلاقيات وحوكمهالذكاء لاصطناعي | 3 ساعات', '[chunk_129|part:0] (collection=transfer_rules)\nمواد معياريه لبرامج الذكاء الاصطناعي: SCMT 110 و ELPR 130 ومقرر مقدمه في البرمجه.', '[program:BS-ARIN-IT|level:6|summary] (collection=degree_plans)\nالخطه الدراسيه البرنامج (الكود): BS-ARIN-IT البرنامج (الاسم): الذكاء الاصطناعي البرنامج (الاسم الكامل): بكالوريوس الذكاء الاصطناعي المستوي (الكود): 6 المستوي (الاسم): المستوي 6 اجمالي ساعات البرنامج: 164 مقررات المستوي: - CEAI 321 | مقدمه في تعلم الاله | 4 ساعات - CEAI 322 | اساسيات التحسين والبحوث | 3 ساعات - CECY 382 | اساسيات الامن السيبراني | 3 ساعات - CESW 281 | مبادئ هندسه البرمجيات | 4 ساعات - CLAL 100 | مهارات لغويه -1 | 4 ساعات', '[program:BS-ARIN-IT|elective:CEAI 435|row:4] (collection=electives)\nمقرر اختياري البرنامج (الكود): BS-ARIN-IT البرنامج (الاسم): الذكاء الاصطناعي البرنامج (الاسم الكامل): بكالوريوس الذكاء الاصطناعي الكود: CEAI 435 الاسم عربي: نظم متعدده وكلاء الاسم انجليزي: Multi-agent Systems الوحدات: 4 المتطلبات السابقه (رموز): CEAI 411 ملاحظات: Elective — can be taken at any level once prerequisites are met.', '[program:BS-ARIN-IT|elective:CEAI 431|row:0] (collection=electives)\nمقرر اختياري البرنامج (الكود): BS-ARIN-IT البرنامج (الاسم): الذكاء الاصطناعي البرنامج (الاسم الكامل): بكالوريوس الذكاء الاصطناعي الكود: CEAI 431 الاسم عربي: نظم التوصيه الاسم انجليزي: Recommender Systems الوحدات: 4 المتطلبات السابقه (رموز): CEAI 321 ملاحظات: Elective — can be taken at any level once prerequisites are met.', '[program:BS-ARIN-IT|level:1|summary] (collection=degree_plans)\nالخطه الدراسيه البرنامج (الكود): BS-ARIN-IT البرنامج (الاسم): الذكاء الاصطناعي البرنامج (الاسم الكامل): بكالوريوس الذكاء الاصطناعي المستوي (الكود): 1 المستوي (الاسم): المستوي 1 اجمالي ساعات البرنامج: 164 مقررات المستوي: - CECS 100 | المهارات الرقميه | 3 ساعات - CECS 111 | مقدمه في برمجه | 3 ساعات - ELPR 130 | اللغه الانجليزيه-3 | 3 ساعات - SCMT 102 | تفاضل و تكامل-1 | 3 ساعات - SCPH 101 | فيزياء عامه -1 | 3 ساعات', '[program:BS-ARIN-IT|elective:CEAI 445|row:20] (collection=electives)\nمقرر اختياري البرنامج (الكود): BS-ARIN-IT البرنامج (الاسم): الذكاء الاصطناعي البرنامج (الاسم الكامل): بكالوريوس الذكاء الاصطناعي الكود: CEAI 445 الاسم عربي: مدخل الي اتمته العمليات الروبوتيه الاسم انجليزي: Introduction to Robotic Process Automation الوحدات: 4 المتطلبات السابقه (رموز): CEAI 321 ملاحظات: Elective — can be taken at any level once prerequisites are met.']",نعم، يعتبر مقرر تعلم الآلة المتقدم (CEAI 437) من المقررات الاختيارية، وعدد وحداته هو 4 وحدات.,نعم، مقرر تعلم الآلة المتقدم (CEAI 437) من المقررات الاختيارية وعدد وحداته 4 وحدات.,0.9358124398740544,0.49999999995,1.0,1.0
هل يعتبر مقرر الذكاء الاصطناعي في العلوم الطبية (CEAI 438) من المقررات الاختيارية، وكم عدد وحداته؟,نعم، مقرر الذكاء الاصطناعي في العلوم الطبية (CEAI 438) من المقررات الاختيارية وعدد وحداته 4 وحدات.,نعم، يعتبر مقرر الذكاء الاصطناعي في العلوم الطبية (CEAI 438) من المقررات الاختيارية، وعدد وحداته هو 4.,"['[program:BS-ARIN-IT|elective:CEAI 438|row:7] (collection=electives)\nمقرر اختياري البرنامج (الكود): BS-ARIN-IT البرنامج (الاسم): الذكاء الاصطناعي البرنامج (الاسم الكامل): بكالوريوس الذكاء الاصطناعي الكود: CEAI 438 الاسم عربي: الذكاء الاصطناعي في العلوم الطبيه الاسم انجليزي: Applied AI in Biomedicine الوحدات: 4 المتطلبات السابقه (رموز): CEAI 434, CEAI 422 ملاحظات: Elective — can be taken at any level once prerequisites are met.', '[program:BS-ARIN-IT|elective:CEAI 435|row:4] (collection=electives)\nمقرر اختياري البرنامج (الكود): BS-ARIN-IT البرنامج (الاسم): الذكاء الاصطناعي البرنامج (الاسم الكامل): بكالوريوس الذكاء الاصطناعي الكود: CEAI 435 الاسم عربي: نظم متعدده وكلاء الاسم انجليزي: Multi-agent Systems الوحدات: 4 المتطلبات السابقه (رموز): CEAI 411 ملاحظات: Elective — can be taken at any level once prerequisites are met.', '[program:BS-ARIN-IT|elective:CEAI 431|row:0] (collection=electives)\nمقرر اختياري البرنامج (الكود): BS-ARIN-IT البرنامج (الاسم): الذكاء الاصطناعي البرنامج (الاسم الكامل): بكالوريوس الذكاء الاصطناعي الكود: CEAI 431 الاسم عربي: نظم التوصيه الاسم انجليزي: Recommender Systems الوحدات: 4 المتطلبات السابقه (رموز): CEAI 321 ملاحظات: Elective — can be taken at any level once prerequisites are met.', '[program:BS-ARIN-IT|elective:CEAI 432|row:1] (collection=electives)\nمقرر اختياري البرنامج (الكود): BS-ARIN-IT البرنامج (الاسم): الذكاء الاصطناعي البرنامج (الاسم الكامل): بكالوريوس الذكاء الاصطناعي الكود: CEAI 432 الاسم عربي: تمثيل المعرفه والاستدلال الاسم انجليزي: Knowledge Representation and Reasoning الوحدات: 4 المتطلبات السابقه (رموز): CEAI 221 ملاحظات: Elective — can be taken at any level once prerequisites are met.', '[program:BS-ARIN-IT|elective:CEAI 433|row:2] (collection=electives)\nمقرر اختياري البرنامج (الكود): BS-ARIN-IT البرنامج (الاسم): الذكاء الاصطناعي البرنامج (الاسم الكامل): بكالوريوس الذكاء الاصطناعي الكود: CEAI 433 الاسم عربي: الواقع المختلط الاسم انجليزي: Mixed Reality الوحدات: 4 المتطلبات السابقه (رموز): CEAI 422 ملاحظات: Elective — can be taken at any level once prerequisites are met.', '[program:BS-ARIN-IT|elective:CEAI 445|row:20] (collection=electives)\nمقرر اختياري البرنامج (الكود): BS-ARIN-IT البرنامج (الاسم): الذكاء الاصطناعي البرنامج (الاسم الكامل): بكالوريوس الذكاء الاصطناعي الكود: CEAI 445 الاسم عربي: مدخل الي اتمته العمليات الروبوتيه الاسم انجليزي: Introduction to Robotic Process Automation الوحدات: 4 المتطلبات السابقه (رموز): CEAI 321 ملاحظات: Elective — can be taken at any level once prerequisites are met.', '[program:BS-ARIN-IT|elective:CEAI 443|row:12] (collection=electives)\nمقرر اختياري البرنامج (الكود): BS-ARIN-IT البرنامج (الاسم): الذكاء الاصطناعي البرنامج (الاسم الكامل): بكالوريوس الذكاء الاصطناعي الكود: CEAI 443 الاسم عربي: تطبيقات الذكاء الاصطناعي في الامن السيبراني الاسم انجليزي: AI Applications in Cybersecurity الوحدات: 4 المتطلبات السابقه (رموز): CECY 382, CEAI 321 ملاحظات: Elective — can be taken at any level once prerequisites are met.', '[program:BS-ARIN-IT|elective:CEAI 436|row:5] (collection=electives)\nمقرر اختياري البرنامج (الكود): BS-ARIN-IT البرنامج (الاسم): الذكاء الاصطناعي البرنامج (الاسم الكامل): بكالوريوس الذكاء الاصطناعي الكود: CEAI 436 الاسم عربي: موضوعات متقدمه في الذكاء الاصطناعي الاسم انجليزي: Advanced Topics in AI الوحدات: 4 المتطلبات السابقه (رموز): CEAI 321 ملاحظات: Elective — can be taken at any level once prerequisites are met.', '[program:BS-ARIN-IT|elective:CEAI 444|row:17] (collection=electives)\nمقرر اختياري البرنامج (الكود): BS-ARIN-IT البرنامج (الاسم): الذكاء الاصطناعي البرنامج (الاسم الكامل): بكالوريوس الذكاء الاصطناعي الكود: CEAI 444 الاسم عربي: الحوسبه السحابيه الاسم انجليزي: Cloud Computing الوحدات: 4 المتطلبات السابقه (رموز): CECN 381 ملاحظات: Elective — can be taken at any level once prerequisites are met.', '[program:BS-ARIN-IT|elective:CEAI 441|row:10] (collection=electives)\nمقرر اختياري البرنامج (الكود): BS-ARIN-IT البرنامج (الاسم): الذكاء الاصطناعي البرنامج (الاسم الكامل): بكالوريوس الذكاء الاصطناعي الكود: CEAI 441 الاسم عربي: موضوعات متقدمه في العمليات الاسم انجليزي: Topics in Applied Operational Research الوحدات: 4 المتطلبات السابقه (رموز): CEAI 322 ملاحظات: Elective — can be taken at any level once prerequisites are met.']",10,True,False,False,True,هل يعتبر مقرر الذكاء الاصطناعي في العلوم الطبية (CEAI 438) من المقررات الاختيارية، وكم عدد وحداته؟,,[],,Q038,electives,AI electives,easy,AI_Elective_Courses,AI_Elective_Courses.json | CEAI 438,هل يعتبر مقرر الذكاء الاصطناعي في العلوم الطبية (CEAI 438) من المقررات الاختيارية، وكم عدد وحداته؟,"['[program:BS-ARIN-IT|elective:CEAI 438|row:7] (collection=electives)\nمقرر اختياري البرنامج (الكود): BS-ARIN-IT البرنامج (الاسم): الذكاء الاصطناعي البرنامج (الاسم الكامل): بكالوريوس الذكاء الاصطناعي الكود: CEAI 438 الاسم عربي: الذكاء الاصطناعي في العلوم الطبيه الاسم انجليزي: Applied AI in Biomedicine الوحدات: 4 المتطلبات السابقه (رموز): CEAI 434, CEAI 422 ملاحظات: Elective — can be taken at any level once prerequisites are met.', '[program:BS-ARIN-IT|elective:CEAI 435|row:4] (collection=electives)\nمقرر اختياري البرنامج (الكود): BS-ARIN-IT البرنامج (الاسم): الذكاء الاصطناعي البرنامج (الاسم الكامل): بكالوريوس الذكاء الاصطناعي الكود: CEAI 435 الاسم عربي: نظم متعدده وكلاء الاسم انجليزي: Multi-agent Systems الوحدات: 4 المتطلبات السابقه (رموز): CEAI 411 ملاحظات: Elective — can be taken at any level once prerequisites are met.', '[program:BS-ARIN-IT|elective:CEAI 431|row:0] (collection=electives)\nمقرر اختياري البرنامج (الكود): BS-ARIN-IT البرنامج (الاسم): الذكاء الاصطناعي البرنامج (الاسم الكامل): بكالوريوس الذكاء الاصطناعي الكود: CEAI 431 الاسم عربي: نظم التوصيه الاسم انجليزي: Recommender Systems الوحدات: 4 المتطلبات السابقه (رموز): CEAI 321 ملاحظات: Elective — can be taken at any level once prerequisites are met.', '[program:BS-ARIN-IT|elective:CEAI 432|row:1] (collection=electives)\nمقرر اختياري البرنامج (الكود): BS-ARIN-IT البرنامج (الاسم): الذكاء الاصطناعي البرنامج (الاسم الكامل): بكالوريوس الذكاء الاصطناعي الكود: CEAI 432 الاسم عربي: تمثيل المعرفه والاستدلال الاسم انجليزي: Knowledge Representation and Reasoning الوحدات: 4 المتطلبات السابقه (رموز): CEAI 221 ملاحظات: Elective — can be taken at any level once prerequisites are met.', '[program:BS-ARIN-IT|elective:CEAI 433|row:2] (collection=electives)\nمقرر اختياري البرنامج (الكود): BS-ARIN-IT البرنامج (الاسم): الذكاء الاصطناعي البرنامج (الاسم الكامل): بكالوريوس الذكاء الاصطناعي الكود: CEAI 433 الاسم عربي: الواقع المختلط الاسم انجليزي: Mixed Reality الوحدات: 4 المتطلبات السابقه (رموز): CEAI 422 ملاحظات: Elective — can be taken at any level once prerequisites are met.', '[program:BS-ARIN-IT|elective:CEAI 445|row:20] (collection=electives)\nمقرر اختياري البرنامج (الكود): BS-ARIN-IT البرنامج (الاسم): الذكاء الاصطناعي البرنامج (الاسم الكامل): بكالوريوس الذكاء الاصطناعي الكود: CEAI 445 الاسم عربي: مدخل الي اتمته العمليات الروبوتيه الاسم انجليزي: Introduction to Robotic Process Automation الوحدات: 4 المتطلبات السابقه (رموز): CEAI 321 ملاحظات: Elective — can be taken at any level once prerequisites are met.', '[program:BS-ARIN-IT|elective:CEAI 443|row:12] (collection=electives)\nمقرر اختياري البرنامج (الكود): BS-ARIN-IT البرنامج (الاسم): الذكاء الاصطناعي البرنامج (الاسم الكامل): بكالوريوس الذكاء الاصطناعي الكود: CEAI 443 الاسم عربي: تطبيقات الذكاء الاصطناعي في الامن السيبراني الاسم انجليزي: AI Applications in Cybersecurity الوحدات: 4 المتطلبات السابقه (رموز): CECY 382, CEAI 321 ملاحظات: Elective — can be taken at any level once prerequisites are met.', '[program:BS-ARIN-IT|elective:CEAI 436|row:5] (collection=electives)\nمقرر اختياري البرنامج (الكود): BS-ARIN-IT البرنامج (الاسم): الذكاء الاصطناعي البرنامج (الاسم الكامل): بكالوريوس الذكاء الاصطناعي الكود: CEAI 436 الاسم عربي: موضوعات متقدمه في الذكاء الاصطناعي الاسم انجليزي: Advanced Topics in AI الوحدات: 4 المتطلبات السابقه (رموز): CEAI 321 ملاحظات: Elective — can be taken at any level once prerequisites are met.', '[program:BS-ARIN-IT|elective:CEAI 444|row:17] (collection=electives)\nمقرر اختياري البرنامج (الكود): BS-ARIN-IT البرنامج (الاسم): الذكاء الاصطناعي البرنامج (الاسم الكامل): بكالوريوس الذكاء الاصطناعي الكود: CEAI 444 الاسم عربي: الحوسبه السحابيه الاسم انجليزي: Cloud Computing الوحدات: 4 المتطلبات السابقه (رموز): CECN 381 ملاحظات: Elective — can be taken at any level once prerequisites are met.', '[program:BS-ARIN-IT|elective:CEAI 441|row:10] (collection=electives)\nمقرر اختياري البرنامج (الكود): BS-ARIN-IT البرنامج (الاسم): الذكاء الاصطناعي البرنامج (الاسم الكامل): بكالوريوس الذكاء الاصطناعي الكود: CEAI 441 الاسم عربي: موضوعات متقدمه في العمليات الاسم انجليزي: Topics in Applied Operational Research الوحدات: 4 المتطلبات السابقه (رموز): CEAI 322 ملاحظات: Elective — can be taken at any level once prerequisites are met.']",نعم، يعتبر مقرر الذكاء الاصطناعي في العلوم الطبية (CEAI 438) من المقررات الاختيارية، وعدد وحداته هو 4.,نعم، مقرر الذكاء الاصطناعي في العلوم الطبية (CEAI 438) من المقررات الاختيارية وعدد وحداته 4 وحدات.,0.9569008816979,0.9999999999,1.0,1.0
هل يعتبر مقرر تطبيقات الذكاء الاصطناعي في اللوجستيات وسلاسل الإمداد (CEAI 439) من المقررات الاختيارية، وكم عدد وحداته؟,نعم، مقرر تطبيقات الذكاء الاصطناعي في اللوجستيات وسلاسل الإمداد (CEAI 439) من المقررات الاختيارية وعدد وحداته 4 وحدات.,نعم، يعتبر مقرر تطبيقات الذكاء الاصطناعي في اللوجستيات وسلاسل الإمداد (CEAI 439) من المقررات الاختيارية، وعدد وحداته هو 4.,"['[program:BS-ARIN-IT|elective:CEAI 439|row:8] (collection=electives)\nمقرر اختياري البرنامج (الكود): BS-ARIN-IT البرنامج (الاسم): الذكاء الاصطناعي البرنامج (الاسم الكامل): بكالوريوس الذكاء الاصطناعي الكود: CEAI 439 الاسم عربي: تطبيقات الذكاء الاصطناعي في اللوجستيات وسلاسل الامداد الاسم انجليزي: AI Applications in Logistics and Supply Chain الوحدات: 4 المتطلبات السابقه (رموز): BCSC 100, CEAI 321 ملاحظات: Elective — can be taken at any level once prerequisites are met.', '[program:BS-ARIN-IT|elective:CEAI 435|row:4] (collection=electives)\nمقرر اختياري البرنامج (الكود): BS-ARIN-IT البرنامج (الاسم): الذكاء الاصطناعي البرنامج (الاسم الكامل): بكالوريوس الذكاء الاصطناعي الكود: CEAI 435 الاسم عربي: نظم متعدده وكلاء الاسم انجليزي: Multi-agent Systems الوحدات: 4 المتطلبات السابقه (رموز): CEAI 411 ملاحظات: Elective — can be taken at any level once prerequisites are met.', '[program:BS-ARIN-IT|elective:CEAI 431|row:0] (collection=electives)\nمقرر اختياري البرنامج (الكود): BS-ARIN-IT البرنامج (الاسم): الذكاء الاصطناعي البرنامج (الاسم الكامل): بكالوريوس الذكاء الاصطناعي الكود: CEAI 431 الاسم عربي: نظم التوصيه الاسم انجليزي: Recommender Systems الوحدات: 4 المتطلبات السابقه (رموز): CEAI 321 ملاحظات: Elective — can be taken at any level once prerequisites are met.', '[program:BS-ARIN-IT|elective:CEAI 443|row:12] (collection=electives)\nمقرر اختياري البرنامج (الكود): BS-ARIN-IT البرنامج (الاسم): الذكاء الاصطناعي البرنامج (الاسم الكامل): بكالوريوس الذكاء الاصطناعي الكود: CEAI 443 الاسم عربي: تطبيقات الذكاء الاصطناعي في الامن السيبراني الاسم انجليزي: AI Applications in Cybersecurity الوحدات: 4 المتطلبات السابقه (رموز): CECY 382, CEAI 321 ملاحظات: Elective — can be taken at any level once prerequisites are met.', '[program:BS-ARIN-IT|elective:CEAI 445|row:20] (collection=electives)\nمقرر اختياري البرنامج (الكود): BS-ARIN-IT البرنامج (الاسم): الذكاء الاصطناعي البرنامج (الاسم الكامل): بكالوريوس الذكاء الاصطناعي الكود: CEAI 445 الاسم عربي: مدخل الي اتمته العمليات الروبوتيه الاسم انجليزي: Introduction to Robotic Process Automation الوحدات: 4 المتطلبات السابقه (رموز): CEAI 321 ملاحظات: Elective — can be taken at any level once prerequisites are met.', '[program:BS-ARIN-IT|elective:CEAI 441|row:10] (collection=electives)\nمقرر اختياري البرنامج (الكود): BS-ARIN-IT البرنامج (الاسم): الذكاء الاصطناعي البرنامج (الاسم الكامل): بكالوريوس الذكاء الاصطناعي الكود: CEAI 441 الاسم عربي: موضوعات متقدمه في العمليات الاسم انجليزي: Topics in Applied Operational Research الوحدات: 4 المتطلبات السابقه (رموز): CEAI 322 ملاحظات: Elective — can be taken at any level once prerequisites are met.', '[program:BS-ARIN-IT|elective:CEAI 432|row:1] (collection=electives)\nمقرر اختياري البرنامج (الكود): BS-ARIN-IT البرنامج (الاسم): الذكاء الاصطناعي البرنامج (الاسم الكامل): بكالوريوس الذكاء الاصطناعي الكود: CEAI 432 الاسم عربي: تمثيل المعرفه والاستدلال الاسم انجليزي: Knowledge Representation and Reasoning الوحدات: 4 المتطلبات السابقه (رموز): CEAI 221 ملاحظات: Elective — can be taken at any level once prerequisites are met.', '[program:BS-ARIN-IT|elective:CEAI 442|row:11] (collection=electives)\nمقرر اختياري البرنامج (الكود): BS-ARIN-IT البرنامج (الاسم): الذكاء الاصطناعي البرنامج (الاسم الكامل): بكالوريوس الذكاء الاصطناعي الكود: CEAI 442 الاسم عربي: الذكاء الاصطناعي في العلوم البيئيه الاسم انجليزي: Environmental Intelligence الوحدات: 4 المتطلبات السابقه (رموز): SCBI 349, CEAI 321 ملاحظات: Elective — can be taken at any level once prerequisites are met.', '[program:BS-ARIN-IT|elective:CEAI 433|row:2] (collection=electives)\nمقرر اختياري البرنامج (الكود): BS-ARIN-IT البرنامج (الاسم): الذكاء الاصطناعي البرنامج (الاسم الكامل): بكالوريوس الذكاء الاصطناعي الكود: CEAI 433 الاسم عربي: الواقع المختلط الاسم انجليزي: Mixed Reality الوحدات: 4 المتطلبات السابقه (رموز): CEAI 422 ملاحظات: Elective — can be taken at any level once prerequisites are met.', '[program:BS-ARIN-IT|elective:CEAI 444|row:17] (collection=electives)\nمقرر اختياري البرنامج (الكود): BS-ARIN-IT البرنامج (الاسم): الذكاء الاصطناعي البرنامج (الاسم الكامل): بكالوريوس الذكاء الاصطناعي الكود: CEAI 444 الاسم عربي: الحوسبه السحابيه الاسم انجليزي: Cloud Computing الوحدات: 4 المتطلبات السابقه (رموز): CECN 381 ملاحظات: Elective — can be taken at any level once prerequisites are met.']",10,True,False,False,True,هل يعتبر مقرر تطبيقات الذكاء الاصطناعي في اللوجستيات وسلاسل الإمداد (CEAI 439) من المقررات الاختيارية، وكم عدد وحداته؟,,[],,Q039,electives,AI electives,easy,AI_Elective_Courses,AI_Elective_Courses.json | CEAI 439,هل يعتبر مقرر تطبيقات الذكاء الاصطناعي في اللوجستيات وسلاسل الإمداد (CEAI 439) من المقررات الاختيارية، وكم عدد وحداته؟,"['[program:BS-ARIN-IT|elective:CEAI 439|row:8] (collection=electives)\nمقرر اختياري البرنامج (الكود): BS-ARIN-IT البرنامج (الاسم): الذكاء الاصطناعي البرنامج (الاسم الكامل): بكالوريوس الذكاء الاصطناعي الكود: CEAI 439 الاسم عربي: تطبيقات الذكاء الاصطناعي في اللوجستيات وسلاسل الامداد الاسم انجليزي: AI Applications in Logistics and Supply Chain الوحدات: 4 المتطلبات السابقه (رموز): BCSC 100, CEAI 321 ملاحظات: Elective — can be taken at any level once prerequisites are met.', '[program:BS-ARIN-IT|elective:CEAI 435|row:4] (collection=electives)\nمقرر اختياري البرنامج (الكود): BS-ARIN-IT البرنامج (الاسم): الذكاء الاصطناعي البرنامج (الاسم الكامل): بكالوريوس الذكاء الاصطناعي الكود: CEAI 435 الاسم عربي: نظم متعدده وكلاء الاسم انجليزي: Multi-agent Systems الوحدات: 4 المتطلبات السابقه (رموز): CEAI 411 ملاحظات: Elective — can be taken at any level once prerequisites are met.', '[program:BS-ARIN-IT|elective:CEAI 431|row:0] (collection=electives)\nمقرر اختياري البرنامج (الكود): BS-ARIN-IT البرنامج (الاسم): الذكاء الاصطناعي البرنامج (الاسم الكامل): بكالوريوس الذكاء الاصطناعي الكود: CEAI 431 الاسم عربي: نظم التوصيه الاسم انجليزي: Recommender Systems الوحدات: 4 المتطلبات السابقه (رموز): CEAI 321 ملاحظات: Elective — can be taken at any level once prerequisites are met.', '[program:BS-ARIN-IT|elective:CEAI 443|row:12] (collection=electives)\nمقرر اختياري البرنامج (الكود): BS-ARIN-IT البرنامج (الاسم): الذكاء الاصطناعي البرنامج (الاسم الكامل): بكالوريوس الذكاء الاصطناعي الكود: CEAI 443 الاسم عربي: تطبيقات الذكاء الاصطناعي في الامن السيبراني الاسم انجليزي: AI Applications in Cybersecurity الوحدات: 4 المتطلبات السابقه (رموز): CECY 382, CEAI 321 ملاحظات: Elective — can be taken at any level once prerequisites are met.', '[program:BS-ARIN-IT|elective:CEAI 445|row:20] (collection=electives)\nمقرر اختياري البرنامج (الكود): BS-ARIN-IT البرنامج (الاسم): الذكاء الاصطناعي البرنامج (الاسم الكامل): بكالوريوس الذكاء الاصطناعي الكود: CEAI 445 الاسم عربي: مدخل الي اتمته العمليات الروبوتيه الاسم انجليزي: Introduction to Robotic Process Automation الوحدات: 4 المتطلبات السابقه (رموز): CEAI 321 ملاحظات: Elective — can be taken at any level once prerequisites are met.', '[program:BS-ARIN-IT|elective:CEAI 441|row:10] (collection=electives)\nمقرر اختياري البرنامج (الكود): BS-ARIN-IT البرنامج (الاسم): الذكاء الاصطناعي البرنامج (الاسم الكامل): بكالوريوس الذكاء الاصطناعي الكود: CEAI 441 الاسم عربي: موضوعات متقدمه في العمليات الاسم انجليزي: Topics in Applied Operational Research الوحدات: 4 المتطلبات السابقه (رموز): CEAI 322 ملاحظات: Elective — can be taken at any level once prerequisites are met.', '[program:BS-ARIN-IT|elective:CEAI 432|row:1] (collection=electives)\nمقرر اختياري البرنامج (الكود): BS-ARIN-IT البرنامج (الاسم): الذكاء الاصطناعي البرنامج (الاسم الكامل): بكالوريوس الذكاء الاصطناعي الكود: CEAI 432 الاسم عربي: تمثيل المعرفه والاستدلال الاسم انجليزي: Knowledge Representation and Reasoning الوحدات: 4 المتطلبات السابقه (رموز): CEAI 221 ملاحظات: Elective — can be taken at any level once prerequisites are met.', '[program:BS-ARIN-IT|elective:CEAI 442|row:11] (collection=electives)\nمقرر اختياري البرنامج (الكود): BS-ARIN-IT البرنامج (الاسم): الذكاء الاصطناعي البرنامج (الاسم الكامل): بكالوريوس الذكاء الاصطناعي الكود: CEAI 442 الاسم عربي: الذكاء الاصطناعي في العلوم البيئيه الاسم انجليزي: Environmental Intelligence الوحدات: 4 المتطلبات السابقه (رموز): SCBI 349, CEAI 321 ملاحظات: Elective — can be taken at any level once prerequisites are met.', '[program:BS-ARIN-IT|elective:CEAI 433|row:2] (collection=electives)\nمقرر اختياري البرنامج (الكود): BS-ARIN-IT البرنامج (الاسم): الذكاء الاصطناعي البرنامج (الاسم الكامل): بكالوريوس الذكاء الاصطناعي الكود: CEAI 433 الاسم عربي: الواقع المختلط الاسم انجليزي: Mixed Reality الوحدات: 4 المتطلبات السابقه (رموز): CEAI 422 ملاحظات: Elective — can be taken at any level once prerequisites are met.', '[program:BS-ARIN-IT|elective:CEAI 444|row:17] (collection=electives)\nمقرر اختياري البرنامج (الكود): BS-ARIN-IT البرنامج (الاسم): الذكاء الاصطناعي البرنامج (الاسم الكامل): بكالوريوس الذكاء الاصطناعي الكود: CEAI 444 الاسم عربي: الحوسبه السحابيه الاسم انجليزي: Cloud Computing الوحدات: 4 المتطلبات السابقه (رموز): CECN 381 ملاحظات: Elective — can be taken at any level once prerequisites are met.']",نعم، يعتبر مقرر تطبيقات الذكاء الاصطناعي في اللوجستيات وسلاسل الإمداد (CEAI 439) من المقررات الاختيارية، وعدد وحداته هو 4.,نعم، مقرر تطبيقات الذكاء الاصطناعي في اللوجستيات وسلاسل الإمداد (CEAI 439) من المقررات الاختيارية وعدد وحداته 4 وحدات.,0.9386691873240999,0.9999999999,1.0,1.0
هل يعتبر مقرر نظرية الألعاب (CEAI 440) من المقررات الاختيارية، وكم عدد وحداته؟,نعم، مقرر نظرية الألعاب (CEAI 440) من المقررات الاختيارية وعدد وحداته 4 وحدات.,نعم، يعتبر مقرر نظرية الألعاب (CEAI 440) من المقررات الاختيارية، وعدد وحداته هو 4 وحدات.,"['[program:BS-ARIN-IT|elective:CEAI 440|row:9] (collection=electives)\nمقرر اختياري البرنامج (الكود): BS-ARIN-IT البرنامج (الاسم): الذكاء الاصطناعي البرنامج (الاسم الكامل): بكالوريوس الذكاء الاصطناعي الكود: CEAI 440 الاسم عربي: نظريه الالعاب الاسم انجليزي: Algorithmic Game Theory and its Applications الوحدات: 4 المتطلبات السابقه (رموز): CECS 381 ملاحظات: Elective — can be taken at any level once prerequisites are met.', '[program:BS-ARIN-IT|level:10|summary] (collection=degree_plans)\nالخطه الدراسيه البرنامج (الكود): BS-ARIN-IT البرنامج (الاسم): الذكاء الاصطناعي البرنامج (الاسم الكامل): بكالوريوس الذكاء الاصطناعي المستوي (الكود): 10 المستوي (الاسم): المستوي 10 اجمالي ساعات البرنامج: 164 مقررات المستوي: - CLAL 200 | مهارات لغويه-2 | 2 ساعات - ISLM 300 | ثقافه اسلاميه-3 | 3 ساعات - CEAI 496 | مشروع تخرج-2 | 4 ساعات - CEAI XXX | مقرر اختياري-2 | 3 ساعات - XXX | مقرر حر-2 | 4 ساعات - CEAI 423 | اخلاقيات وحوكمهالذكاء لاصطناعي | 3 ساعات', '[program:BS-ARIN-IT|level:1|summary] (collection=degree_plans)\nالخطه الدراسيه البرنامج (الكود): BS-ARIN-IT البرنامج (الاسم): الذكاء الاصطناعي البرنامج (الاسم الكامل): بكالوريوس الذكاء الاصطناعي المستوي (الكود): 1 المستوي (الاسم): المستوي 1 اجمالي ساعات البرنامج: 164 مقررات المستوي: - CECS 100 | المهارات الرقميه | 3 ساعات - CECS 111 | مقدمه في برمجه | 3 ساعات - ELPR 130 | اللغه الانجليزيه-3 | 3 ساعات - SCMT 102 | تفاضل و تكامل-1 | 3 ساعات - SCPH 101 | فيزياء عامه -1 | 3 ساعات', '[chunk_129|part:0] (collection=transfer_rules)\nمواد معياريه لبرامج الذكاء الاصطناعي: SCMT 110 و ELPR 130 ومقرر مقدمه في البرمجه.', '[program:BS-ARIN-IT|level:6|summary] (collection=degree_plans)\nالخطه الدراسيه البرنامج (الكود): BS-ARIN-IT البرنامج (الاسم): الذكاء الاصطناعي البرنامج (الاسم الكامل): بكالوريوس الذكاء الاصطناعي المستوي (الكود): 6 المستوي (الاسم): المستوي 6 اجمالي ساعات البرنامج: 164 مقررات المستوي: - CEAI 321 | مقدمه في تعلم الاله | 4 ساعات - CEAI 322 | اساسيات التحسين والبحوث | 3 ساعات - CECY 382 | اساسيات الامن السيبراني | 3 ساعات - CESW 281 | مبادئ هندسه البرمجيات | 4 ساعات - CLAL 100 | مهارات لغويه -1 | 4 ساعات', '[program:BS-ARIN-IT|level:3|summary] (collection=degree_plans)\nالخطه الدراسيه البرنامج (الكود): BS-ARIN-IT البرنامج (الاسم): الذكاء الاصطناعي البرنامج (الاسم الكامل): بكالوريوس الذكاء الاصطناعي المستوي (الكود): 3 المستوي (الاسم): المستوي 3 اجمالي ساعات البرنامج: 164 مقررات المستوي: - CECN 282 | تصميم المنطق الرقمي | 4 ساعات - CECS 281 | تراكيب البيانات | 4 ساعات - ELPR 220 | كتابه اكاديميه انجليزيه | 3 ساعات - ISLM 100 | ثقافه اسلاميه-1 | 2 ساعات - SCMT 211 | تفاضل و تكامل-2 | 3 ساعات - SCST 210 | احصاء عام -1 | 2 ساعات', '[program:BS-ARIN-IT|level:2|summary] (collection=degree_plans)\nالخطه الدراسيه البرنامج (الكود): BS-ARIN-IT البرنامج (الاسم): الذكاء الاصطناعي البرنامج (الاسم الكامل): بكالوريوس الذكاء الاصطناعي المستوي (الكود): 2 المستوي (الاسم): المستوي 2 اجمالي ساعات البرنامج: 164 مقررات المستوي: - CECS 121 | برمجه شيئيه | 4 ساعات - CECS 122 | رياضيات متقدمه حاسوبيه | 3 ساعات - CEDS 124 | مقدمه قواعد البيانات | 3 ساعات - ELPR 140 | اللغه الانجليزيه-4 | 3 ساعات - SEPS 110 | مهارات الحياه الجامعيه و سوق العمل | 1 ساعات', '[chunk_059|part:0] (collection=transfer_rules)\nمواد معياريه للذكاء الاصطناعي: SCMT 110 و ELPR 130 و مقرر برمجه.', '[program:BS-ARIN-IT|level:8|summary] (collection=degree_plans)\nالخطه الدراسيه البرنامج (الكود): BS-ARIN-IT البرنامج (الاسم): الذكاء الاصطناعي البرنامج (الاسم الكامل): بكالوريوس الذكاء الاصطناعي المستوي (الكود): 8 المستوي (الاسم): المستوي 8 اجمالي ساعات البرنامج: 164 مقررات المستوي: - CEAI 392 | 1-الممارسه المهنيه | 3 ساعات - CEAI 421 | معالجه اللغه الطبيعيه | 3 ساعات - CEAI 422 | اساسيات الرؤيه الحاسوبيه | 3 ساعات - ISLM 200 | الثقافه الاسلاميه-2 | 3 ساعات - SCBI 100 | الاستدامه البيئيه | 2 ساعات - CEAI XXX | مقرر اختياري-1 | 3 ساعات - XXX | مقرر حر-1 | 4 ساعات', '[chunk_102|part:0] (collection=transfer_rules)\nالذكاء الاصطناعي يشترط مهارات تحليليه وتفكير منطقي.']",10,False,False,False,True,هل يعتبر مقرر نظرية الألعاب (CEAI 440) من المقررات الاختيارية، وكم عدد وحداته؟,,[],,Q040,electives,AI electives,easy,AI_Elective_Courses,AI_Elective_Courses.json | CEAI 440,هل يعتبر مقرر نظرية الألعاب (CEAI 440) من المقررات الاختيارية، وكم عدد وحداته؟,"['[program:BS-ARIN-IT|elective:CEAI 440|row:9] (collection=electives)\nمقرر اختياري البرنامج (الكود): BS-ARIN-IT البرنامج (الاسم): الذكاء الاصطناعي البرنامج (الاسم الكامل): بكالوريوس الذكاء الاصطناعي الكود: CEAI 440 الاسم عربي: نظريه الالعاب الاسم انجليزي: Algorithmic Game Theory and its Applications الوحدات: 4 المتطلبات السابقه (رموز): CECS 381 ملاحظات: Elective — can be taken at any level once prerequisites are met.', '[program:BS-ARIN-IT|level:10|summary] (collection=degree_plans)\nالخطه الدراسيه البرنامج (الكود): BS-ARIN-IT البرنامج (الاسم): الذكاء الاصطناعي البرنامج (الاسم الكامل): بكالوريوس الذكاء الاصطناعي المستوي (الكود): 10 المستوي (الاسم): المستوي 10 اجمالي ساعات البرنامج: 164 مقررات المستوي: - CLAL 200 | مهارات لغويه-2 | 2 ساعات - ISLM 300 | ثقافه اسلاميه-3 | 3 ساعات - CEAI 496 | مشروع تخرج-2 | 4 ساعات - CEAI XXX | مقرر اختياري-2 | 3 ساعات - XXX | مقرر حر-2 | 4 ساعات - CEAI 423 | اخلاقيات وحوكمهالذكاء لاصطناعي | 3 ساعات', '[program:BS-ARIN-IT|level:1|summary] (collection=degree_plans)\nالخطه الدراسيه البرنامج (الكود): BS-ARIN-IT البرنامج (الاسم): الذكاء الاصطناعي البرنامج (الاسم الكامل): بكالوريوس الذكاء الاصطناعي المستوي (الكود): 1 المستوي (الاسم): المستوي 1 اجمالي ساعات البرنامج: 164 مقررات المستوي: - CECS 100 | المهارات الرقميه | 3 ساعات - CECS 111 | مقدمه في برمجه | 3 ساعات - ELPR 130 | اللغه الانجليزيه-3 | 3 ساعات - SCMT 102 | تفاضل و تكامل-1 | 3 ساعات - SCPH 101 | فيزياء عامه -1 | 3 ساعات', '[chunk_129|part:0] (collection=transfer_rules)\nمواد معياريه لبرامج الذكاء الاصطناعي: SCMT 110 و ELPR 130 ومقرر مقدمه في البرمجه.', '[program:BS-ARIN-IT|level:6|summary] (collection=degree_plans)\nالخطه الدراسيه البرنامج (الكود): BS-ARIN-IT البرنامج (الاسم): الذكاء الاصطناعي البرنامج (الاسم الكامل): بكالوريوس الذكاء الاصطناعي المستوي (الكود): 6 المستوي (الاسم): المستوي 6 اجمالي ساعات البرنامج: 164 مقررات المستوي: - CEAI 321 | مقدمه في تعلم الاله | 4 ساعات - CEAI 322 | اساسيات التحسين والبحوث | 3 ساعات - CECY 382 | اساسيات الامن السيبراني | 3 ساعات - CESW 281 | مبادئ هندسه البرمجيات | 4 ساعات - CLAL 100 | مهارات لغويه -1 | 4 ساعات', '[program:BS-ARIN-IT|level:3|summary] (collection=degree_plans)\nالخطه الدراسيه البرنامج (الكود): BS-ARIN-IT البرنامج (الاسم): الذكاء الاصطناعي البرنامج (الاسم الكامل): بكالوريوس الذكاء الاصطناعي المستوي (الكود): 3 المستوي (الاسم): المستوي 3 اجمالي ساعات البرنامج: 164 مقررات المستوي: - CECN 282 | تصميم المنطق الرقمي | 4 ساعات - CECS 281 | تراكيب البيانات | 4 ساعات - ELPR 220 | كتابه اكاديميه انجليزيه | 3 ساعات - ISLM 100 | ثقافه اسلاميه-1 | 2 ساعات - SCMT 211 | تفاضل و تكامل-2 | 3 ساعات - SCST 210 | احصاء عام -1 | 2 ساعات', '[program:BS-ARIN-IT|level:2|summary] (collection=degree_plans)\nالخطه الدراسيه البرنامج (الكود): BS-ARIN-IT البرنامج (الاسم): الذكاء الاصطناعي البرنامج (الاسم الكامل): بكالوريوس الذكاء الاصطناعي المستوي (الكود): 2 المستوي (الاسم): المستوي 2 اجمالي ساعات البرنامج: 164 مقررات المستوي: - CECS 121 | برمجه شيئيه | 4 ساعات - CECS 122 | رياضيات متقدمه حاسوبيه | 3 ساعات - CEDS 124 | مقدمه قواعد البيانات | 3 ساعات - ELPR 140 | اللغه الانجليزيه-4 | 3 ساعات - SEPS 110 | مهارات الحياه الجامعيه و سوق العمل | 1 ساعات', '[chunk_059|part:0] (collection=transfer_rules)\nمواد معياريه للذكاء الاصطناعي: SCMT 110 و ELPR 130 و مقرر برمجه.', '[program:BS-ARIN-IT|level:8|summary] (collection=degree_plans)\nالخطه الدراسيه البرنامج (الكود): BS-ARIN-IT البرنامج (الاسم): الذكاء الاصطناعي البرنامج (الاسم الكامل): بكالوريوس الذكاء الاصطناعي المستوي (الكود): 8 المستوي (الاسم): المستوي 8 اجمالي ساعات البرنامج: 164 مقررات المستوي: - CEAI 392 | 1-الممارسه المهنيه | 3 ساعات - CEAI 421 | معالجه اللغه الطبيعيه | 3 ساعات - CEAI 422 | اساسيات الرؤيه الحاسوبيه | 3 ساعات - ISLM 200 | الثقافه الاسلاميه-2 | 3 ساعات - SCBI 100 | الاستدامه البيئيه | 2 ساعات - CEAI XXX | مقرر اختياري-1 | 3 ساعات - XXX | مقرر حر-1 | 4 ساعات', '[chunk_102|part:0] (collection=transfer_rules)\nالذكاء الاصطناعي يشترط مهارات تحليليه وتفكير منطقي.']",نعم، يعتبر مقرر نظرية الألعاب (CEAI 440) من المقررات الاختيارية، وعدد وحداته هو 4 وحدات.,نعم، مقرر نظرية الألعاب (CEAI 440) من المقررات الاختيارية وعدد وحداته 4 وحدات.,0.9408737767118481,0.9999999999,1.0,1.0
ما متطلبات التخصيص وعدد الساعات المطلوبة لتخصص الأمن السيبراني؟,متطلبات التخصيص لتخصص requirements: لا توجد متطلبات محددة مذكورة.,"متطلبات التخصيص لتخصص الأمن السيبراني هي:

1. **الساعات المطلوبة قبل التخصيص**: 27 ساعة.
2. **المقررات المطلوبة**:
   - CECS 121 (برمجة شيئية) - 4 ساعات
   - CECS 122 (رياضيات متقطعة) - 3 ساعات

إجمالي الساعات المطلوبة للتخصص هو 166 ساعة.","['[major:MAJ_cybersecurity|row:9] (collection=specialization)\nالتخصص: الامن السيبراني معرف التخصص: MAJ_cybersecurity الكليه: كليه علوم وهندسه الحاسب معرف الكليه: COL_computing الساعات المطلوبه قبل التخصيص: 27 المتطلبات: CECS 121, CECS 122', '[program:BS-CYSE-IT|level:BS-CYSE-01|summary] (collection=degree_plans)\nالخطه الدراسيه البرنامج (الكود): BS-CYSE-IT البرنامج (الاسم): الامن السيبراني البرنامج (الاسم الكامل): بكالوريوس الامن السيبراني المستوي (الكود): BS-CYSE-01 المستوي (الاسم): المستوي 1 اجمالي ساعات البرنامج: 166 مقررات المستوي: - CECS 100 | المهارات الرقميه | 3 ساعات - CECS 111 | مقدمه برمجيه | 3 ساعات - ELPR 130 | اللغه الانجليزيه-1 | 4 ساعات - SCMT 101 | تفاضل وتكامل-1 | 3 ساعات - SCPH 101 | فيزياء عامه-1 | 2 ساعات', '[program:BS-CYSE-IT|level:BS-CYSE-08|summary] (collection=degree_plans)\nالخطه الدراسيه البرنامج (الكود): BS-CYSE-IT البرنامج (الاسم): الامن السيبراني البرنامج (الاسم الكامل): بكالوريوس الامن السيبراني المستوي (الكود): BS-CYSE-08 المستوي (الاسم): المستوي 8 اجمالي ساعات البرنامج: 166 مقررات المستوي: - CECY 392 | الممارسه المهنيه-1 | 3 ساعات - CECY 421 | جنائيات الحاسب | 4 ساعات - CECY 422 | عمليات الامن السيبراني | 4 ساعات - CECY 423 | امن الوسيطيه السحابيه | 4 ساعات', '[program:BS-CYSE-IT|level:BS-CYSE-10|summary] (collection=degree_plans)\nالخطه الدراسيه البرنامج (الكود): BS-CYSE-IT البرنامج (الاسم): الامن السيبراني البرنامج (الاسم الكامل): بكالوريوس الامن السيبراني المستوي (الكود): BS-CYSE-10 المستوي (الاسم): المستوي 10 اجمالي ساعات البرنامج: 166 مقررات المستوي: - CECY 413 | تحليل و اختراق الثغرات | 4 ساعات - CECY 414 | هندسهكسيه وتحليل البرمج | 4 ساعات - CECY 424 | اداره امن المعلومات | 3 ساعات - CECY 496 | مشروع تخرج-2 | 3 ساعات', '[program:BS-CYSE-IT|level:BS-CYSE-06|summary] (collection=degree_plans)\nالخطه الدراسيه البرنامج (الكود): BS-CYSE-IT البرنامج (الاسم): الامن السيبراني البرنامج (الاسم الكامل): بكالوريوس الامن السيبراني المستوي (الكود): BS-CYSE-06 المستوي (الاسم): المستوي 6 اجمالي ساعات البرنامج: 166 مقررات المستوي: - CECY 321 | تشفير | 4 ساعات - CECY 322 | اداره نظم | 4 ساعات - CECY 323 | امن الشبكات | 4 ساعات - CECY 324 | امن قواعد البيانات | 4 ساعات - SLPR 100 | الثقافه القانونيه | 2 ساعات', '[program:BS-CYSE-IT|level:BS-CYSE-05|summary] (collection=degree_plans)\nالخطه الدراسيه البرنامج (الكود): BS-CYSE-IT البرنامج (الاسم): الامن السيبراني البرنامج (الاسم الكامل): بكالوريوس الامن السيبراني المستوي (الكود): BS-CYSE-05 المستوي (الاسم): المستوي 5 اجمالي ساعات البرنامج: 166 مقررات المستوي: - CECY 381 | اساسيات الامن السيبراني | 4 ساعات - CLAL 200 | مهارات لغويه-2 | 2 ساعات - ISLM 200 | الثقافه الاسلاميه-2 | 2 ساعات - CECS 382 | تصميم وتحليل الخوارزميات | 3 ساعات - CECY 311 | تطوير وامن الويب | 3 ساعات - CECY 312 | سياسات وقوانين الامن السيبراني | 3 ساعات', '[program:BS-CYSE-IT|level:BS-CYSE-02|summary] (collection=degree_plans)\nالخطه الدراسيه البرنامج (الكود): BS-CYSE-IT البرنامج (الاسم): الامن السيبراني البرنامج (الاسم الكامل): بكالوريوس الامن السيبراني المستوي (الكود): BS-CYSE-02 المستوي (الاسم): المستوي 2 اجمالي ساعات البرنامج: 166 مقررات المستوي: - CECS 121 | برمجه شيئيه | 4 ساعات - CECS 122 | رياضيات متقطعه | 3 ساعات - CEDS 124 | مقدمه قواعد بيانات | 3 ساعات - ELPR 140 | اللغه الانجليزيه-2 | 3 ساعات - SEPS 110 | م. الحياه الجامعيه و سوق العمل | 2 ساعات', '[program:BS-CYSE-IT|level:BS-CYSE-09|summary] (collection=degree_plans)\nالخطه الدراسيه البرنامج (الكود): BS-CYSE-IT البرنامج (الاسم): الامن السيبراني البرنامج (الاسم الكامل): بكالوريوس الامن السيبراني المستوي (الكود): BS-CYSE-09 المستوي (الاسم): المستوي 9 اجمالي ساعات البرنامج: 166 مقررات المستوي: - CECY 495 | مشروع تخرج-1 | 2 ساعات', '[program:BS-CYSE-IT|level:BS-CYSE-04|summary] (collection=degree_plans)\nالخطه الدراسيه البرنامج (الكود): BS-CYSE-IT البرنامج (الاسم): الامن السيبراني البرنامج (الاسم الكامل): بكالوريوس الامن السيبراني المستوي (الكود): BS-CYSE-04 المستوي (الاسم): المستوي 4 اجمالي ساعات البرنامج: 166 مقررات المستوي: - CECN 382 | مقدمه في شبكات الحاسب | 4 ساعات - CECS 282 | تركيب البيانات | 4 ساعات - CECS 284 | نظم التشغيل | 4 ساعات - CECY 221 | مبادئ هندسه البرمجيات | 4 ساعات - ISLM 100 | ثقافه اسلاميه-1 | 2 ساعات', '[program:BS-CYSE-IT|level:BS-CYSE-07|summary] (collection=degree_plans)\nالخطه الدراسيه البرنامج (الكود): BS-CYSE-IT البرنامج (الاسم): الامن السيبراني البرنامج (الاسم الكامل): بكالوريوس الامن السيبراني المستوي (الكود): BS-CYSE-07 المستوي (الاسم): المستوي 7 اجمالي ساعات البرنامج: 166 مقررات المستوي: - BUBA 100 | الابتكار ورياده الاعمال | 2 ساعات - CECY 411 | هندسه ومعماريه الامن السيبراني | 4 ساعات - CECY 412 | امن انظمه التحكم الصناعيه | 4 ساعات - CECY 481 | امن البرمجيات | 4 ساعات - ISLM 300 | ثقافه اسلاميه-3 | 2 ساعات']",10,True,False,False,True,ما متطلبات التخصيص وعدد الساعات المطلوبة لتخصص الأمن السيبراني؟,,[],,Q041,specialization,requirements,medium,SpecializationGuide,SpecializationGuide.json | major: requirements,ما متطلبات التخصيص وعدد الساعات المطلوبة لتخصص الأمن السيبراني؟,"['[major:MAJ_cybersecurity|row:9] (collection=specialization)\nالتخصص: الامن السيبراني معرف التخصص: MAJ_cybersecurity الكليه: كليه علوم وهندسه الحاسب معرف الكليه: COL_computing الساعات المطلوبه قبل التخصيص: 27 المتطلبات: CECS 121, CECS 122', '[program:BS-CYSE-IT|level:BS-CYSE-01|summary] (collection=degree_plans)\nالخطه الدراسيه البرنامج (الكود): BS-CYSE-IT البرنامج (الاسم): الامن السيبراني البرنامج (الاسم الكامل): بكالوريوس الامن السيبراني المستوي (الكود): BS-CYSE-01 المستوي (الاسم): المستوي 1 اجمالي ساعات البرنامج: 166 مقررات المستوي: - CECS 100 | المهارات الرقميه | 3 ساعات - CECS 111 | مقدمه برمجيه | 3 ساعات - ELPR 130 | اللغه الانجليزيه-1 | 4 ساعات - SCMT 101 | تفاضل وتكامل-1 | 3 ساعات - SCPH 101 | فيزياء عامه-1 | 2 ساعات', '[program:BS-CYSE-IT|level:BS-CYSE-08|summary] (collection=degree_plans)\nالخطه الدراسيه البرنامج (الكود): BS-CYSE-IT البرنامج (الاسم): الامن السيبراني البرنامج (الاسم الكامل): بكالوريوس الامن السيبراني المستوي (الكود): BS-CYSE-08 المستوي (الاسم): المستوي 8 اجمالي ساعات البرنامج: 166 مقررات المستوي: - CECY 392 | الممارسه المهنيه-1 | 3 ساعات - CECY 421 | جنائيات الحاسب | 4 ساعات - CECY 422 | عمليات الامن السيبراني | 4 ساعات - CECY 423 | امن الوسيطيه السحابيه | 4 ساعات', '[program:BS-CYSE-IT|level:BS-CYSE-10|summary] (collection=degree_plans)\nالخطه الدراسيه البرنامج (الكود): BS-CYSE-IT البرنامج (الاسم): الامن السيبراني البرنامج (الاسم الكامل): بكالوريوس الامن السيبراني المستوي (الكود): BS-CYSE-10 المستوي (الاسم): المستوي 10 اجمالي ساعات البرنامج: 166 مقررات المستوي: - CECY 413 | تحليل و اختراق الثغرات | 4 ساعات - CECY 414 | هندسهكسيه وتحليل البرمج | 4 ساعات - CECY 424 | اداره امن المعلومات | 3 ساعات - CECY 496 | مشروع تخرج-2 | 3 ساعات', '[program:BS-CYSE-IT|level:BS-CYSE-06|summary] (collection=degree_plans)\nالخطه الدراسيه البرنامج (الكود): BS-CYSE-IT البرنامج (الاسم): الامن السيبراني البرنامج (الاسم الكامل): بكالوريوس الامن السيبراني المستوي (الكود): BS-CYSE-06 المستوي (الاسم): المستوي 6 اجمالي ساعات البرنامج: 166 مقررات المستوي: - CECY 321 | تشفير | 4 ساعات - CECY 322 | اداره نظم | 4 ساعات - CECY 323 | امن الشبكات | 4 ساعات - CECY 324 | امن قواعد البيانات | 4 ساعات - SLPR 100 | الثقافه القانونيه | 2 ساعات', '[program:BS-CYSE-IT|level:BS-CYSE-05|summary] (collection=degree_plans)\nالخطه الدراسيه البرنامج (الكود): BS-CYSE-IT البرنامج (الاسم): الامن السيبراني البرنامج (الاسم الكامل): بكالوريوس الامن السيبراني المستوي (الكود): BS-CYSE-05 المستوي (الاسم): المستوي 5 اجمالي ساعات البرنامج: 166 مقررات المستوي: - CECY 381 | اساسيات الامن السيبراني | 4 ساعات - CLAL 200 | مهارات لغويه-2 | 2 ساعات - ISLM 200 | الثقافه الاسلاميه-2 | 2 ساعات - CECS 382 | تصميم وتحليل الخوارزميات | 3 ساعات - CECY 311 | تطوير وامن الويب | 3 ساعات - CECY 312 | سياسات وقوانين الامن السيبراني | 3 ساعات', '[program:BS-CYSE-IT|level:BS-CYSE-02|summary] (collection=degree_plans)\nالخطه الدراسيه البرنامج (الكود): BS-CYSE-IT البرنامج (الاسم): الامن السيبراني البرنامج (الاسم الكامل): بكالوريوس الامن السيبراني المستوي (الكود): BS-CYSE-02 المستوي (الاسم): المستوي 2 اجمالي ساعات البرنامج: 166 مقررات المستوي: - CECS 121 | برمجه شيئيه | 4 ساعات - CECS 122 | رياضيات متقطعه | 3 ساعات - CEDS 124 | مقدمه قواعد بيانات | 3 ساعات - ELPR 140 | اللغه الانجليزيه-2 | 3 ساعات - SEPS 110 | م. الحياه الجامعيه و سوق العمل | 2 ساعات', '[program:BS-CYSE-IT|level:BS-CYSE-09|summary] (collection=degree_plans)\nالخطه الدراسيه البرنامج (الكود): BS-CYSE-IT البرنامج (الاسم): الامن السيبراني البرنامج (الاسم الكامل): بكالوريوس الامن السيبراني المستوي (الكود): BS-CYSE-09 المستوي (الاسم): المستوي 9 اجمالي ساعات البرنامج: 166 مقررات المستوي: - CECY 495 | مشروع تخرج-1 | 2 ساعات', '[program:BS-CYSE-IT|level:BS-CYSE-04|summary] (collection=degree_plans)\nالخطه الدراسيه البرنامج (الكود): BS-CYSE-IT البرنامج (الاسم): الامن السيبراني البرنامج (الاسم الكامل): بكالوريوس الامن السيبراني المستوي (الكود): BS-CYSE-04 المستوي (الاسم): المستوي 4 اجمالي ساعات البرنامج: 166 مقررات المستوي: - CECN 382 | مقدمه في شبكات الحاسب | 4 ساعات - CECS 282 | تركيب البيانات | 4 ساعات - CECS 284 | نظم التشغيل | 4 ساعات - CECY 221 | مبادئ هندسه البرمجيات | 4 ساعات - ISLM 100 | ثقافه اسلاميه-1 | 2 ساعات', '[program:BS-CYSE-IT|level:BS-CYSE-07|summary] (collection=degree_plans)\nالخطه الدراسيه البرنامج (الكود): BS-CYSE-IT البرنامج (الاسم): الامن السيبراني البرنامج (الاسم الكامل): بكالوريوس الامن السيبراني المستوي (الكود): BS-CYSE-07 المستوي (الاسم): المستوي 7 اجمالي ساعات البرنامج: 166 مقررات المستوي: - BUBA 100 | الابتكار ورياده الاعمال | 2 ساعات - CECY 411 | هندسه ومعماريه الامن السيبراني | 4 ساعات - CECY 412 | امن انظمه التحكم الصناعيه | 4 ساعات - CECY 481 | امن البرمجيات | 4 ساعات - ISLM 300 | ثقافه اسلاميه-3 | 2 ساعات']","متطلبات التخصيص لتخصص الأمن السيبراني هي:

1. **الساعات المطلوبة قبل التخصيص**: 27 ساعة.
2. **المقررات المطلوبة**:
   - CECS 121 (برمجة شيئية) - 4 ساعات
   - CECS 122 (رياضيات متقطعة) - 3 ساعات

إجمالي الساعات المطلوبة للتخصص هو 166 ساعة.",متطلبات التخصيص لتخصص requirements: لا توجد متطلبات محددة مذكورة.,0.8383566988922599,0.23888888888092594,1.0,0.0
ما متطلبات التخصيص وعدد الساعات المطلوبة لتخصص الذكاء الاصطناعي؟,متطلبات التخصيص لتخصص requirements: لا توجد متطلبات محددة مذكورة.,"متطلبات التخصيص لتخصص الذكاء الاصطناعي هي:

1. **عدد الساعات المطلوبة قبل التخصيص**: 27 ساعة.
2. **المتطلبات**: 
   - CECS 121 (برمجة شيئية)
   - CECS 122 (رياضيات متقدمة حاسوبية)

لا توجد معلومات إضافية حول متطلبات أخرى أو تفاصيل إضافية.","['[major:MAJ_ai|row:10] (collection=specialization)\nالتخصص: الذكاء الاصطناعي معرف التخصص: MAJ_ai الكليه: كليه علوم وهندسه الحاسب معرف الكليه: COL_computing الساعات المطلوبه قبل التخصيص: 27 المتطلبات: CECS 121, CECS 122', '[program:BS-ARIN-IT|elective:CEAI 446|row:21] (collection=electives)\nمقرر اختياري البرنامج (الكود): BS-ARIN-IT البرنامج (الاسم): الذكاء الاصطناعي البرنامج (الاسم الكامل): بكالوريوس الذكاء الاصطناعي الكود: CEAI 446 الاسم عربي: مدخل في البيانات الضخمه الاسم انجليزي: Introduction to Big Data الوحدات: 4 المتطلبات السابقه (رموز): CEAI 321 ملاحظات: Elective — can be taken at any level once prerequisites are met.', '[program:BS-ARIN-IT|level:10|summary] (collection=degree_plans)\nالخطه الدراسيه البرنامج (الكود): BS-ARIN-IT البرنامج (الاسم): الذكاء الاصطناعي البرنامج (الاسم الكامل): بكالوريوس الذكاء الاصطناعي المستوي (الكود): 10 المستوي (الاسم): المستوي 10 اجمالي ساعات البرنامج: 164 مقررات المستوي: - CLAL 200 | مهارات لغويه-2 | 2 ساعات - ISLM 300 | ثقافه اسلاميه-3 | 3 ساعات - CEAI 496 | مشروع تخرج-2 | 4 ساعات - CEAI XXX | مقرر اختياري-2 | 3 ساعات - XXX | مقرر حر-2 | 4 ساعات - CEAI 423 | اخلاقيات وحوكمهالذكاء لاصطناعي | 3 ساعات', '[program:BS-ARIN-IT|level:8|summary] (collection=degree_plans)\nالخطه الدراسيه البرنامج (الكود): BS-ARIN-IT البرنامج (الاسم): الذكاء الاصطناعي البرنامج (الاسم الكامل): بكالوريوس الذكاء الاصطناعي المستوي (الكود): 8 المستوي (الاسم): المستوي 8 اجمالي ساعات البرنامج: 164 مقررات المستوي: - CEAI 392 | 1-الممارسه المهنيه | 3 ساعات - CEAI 421 | معالجه اللغه الطبيعيه | 3 ساعات - CEAI 422 | اساسيات الرؤيه الحاسوبيه | 3 ساعات - ISLM 200 | الثقافه الاسلاميه-2 | 3 ساعات - SCBI 100 | الاستدامه البيئيه | 2 ساعات - CEAI XXX | مقرر اختياري-1 | 3 ساعات - XXX | مقرر حر-1 | 4 ساعات', '[program:BS-ARIN-IT|level:7|summary] (collection=degree_plans)\nالخطه الدراسيه البرنامج (الكود): BS-ARIN-IT البرنامج (الاسم): الذكاء الاصطناعي البرنامج (الاسم الكامل): بكالوريوس الذكاء الاصطناعي المستوي (الكود): 7 المستوي (الاسم): المستوي 7 اجمالي ساعات البرنامج: 164 مقررات المستوي: - BCSC 100 | مقدمه في الاداره اللوجستيه | 2 ساعات - CEAI 411 | مقدمه في الروبوتات | 4 ساعات - CEAI 412 | التعلم العميق | 4 ساعات - CECN 381 | شبكات الحاسب | 4 ساعات - CESW 382 | اداره مشاريع البرمجيات | 4 ساعات', '[program:BS-ARIN-IT|level:1|summary] (collection=degree_plans)\nالخطه الدراسيه البرنامج (الكود): BS-ARIN-IT البرنامج (الاسم): الذكاء الاصطناعي البرنامج (الاسم الكامل): بكالوريوس الذكاء الاصطناعي المستوي (الكود): 1 المستوي (الاسم): المستوي 1 اجمالي ساعات البرنامج: 164 مقررات المستوي: - CECS 100 | المهارات الرقميه | 3 ساعات - CECS 111 | مقدمه في برمجه | 3 ساعات - ELPR 130 | اللغه الانجليزيه-3 | 3 ساعات - SCMT 102 | تفاضل و تكامل-1 | 3 ساعات - SCPH 101 | فيزياء عامه -1 | 3 ساعات', '[program:BS-ARIN-IT|level:2|summary] (collection=degree_plans)\nالخطه الدراسيه البرنامج (الكود): BS-ARIN-IT البرنامج (الاسم): الذكاء الاصطناعي البرنامج (الاسم الكامل): بكالوريوس الذكاء الاصطناعي المستوي (الكود): 2 المستوي (الاسم): المستوي 2 اجمالي ساعات البرنامج: 164 مقررات المستوي: - CECS 121 | برمجه شيئيه | 4 ساعات - CECS 122 | رياضيات متقدمه حاسوبيه | 3 ساعات - CEDS 124 | مقدمه قواعد البيانات | 3 ساعات - ELPR 140 | اللغه الانجليزيه-4 | 3 ساعات - SEPS 110 | مهارات الحياه الجامعيه و سوق العمل | 1 ساعات', '[program:BS-ARIN-IT|level:9|summary] (collection=degree_plans)\nالخطه الدراسيه البرنامج (الكود): BS-ARIN-IT البرنامج (الاسم): الذكاء الاصطناعي البرنامج (الاسم الكامل): بكالوريوس الذكاء الاصطناعي المستوي (الكود): 9 المستوي (الاسم): المستوي 9 اجمالي ساعات البرنامج: 164 مقررات المستوي: - CEAI 495 | مشروع تخرج-1 | 4 ساعات - CEAI 395 | تدريب تعاوني | 8 ساعات', '[program:BS-ARIN-IT|level:4|summary] (collection=degree_plans)\nالخطه الدراسيه البرنامج (الكود): BS-ARIN-IT البرنامج (الاسم): الذكاء الاصطناعي البرنامج (الاسم الكامل): بكالوريوس الذكاء الاصطناعي المستوي (الكود): 4 المستوي (الاسم): المستوي 4 اجمالي ساعات البرنامج: 164 مقررات المستوي: - CECS 217 | تنظيم وتصميم الحاسب | 4 ساعات - CECS 218 | البرمجه المتقدمه | 4 ساعات - CECS 381 | تصميم وتحليل الخوارزميات | 3 ساعات - SCMT 212 | تفاضل و تكامل-3 | 3 ساعات - SCPH 211 | فيزياء عامه -2 | 4 ساعات', '[program:BS-ARIN-IT|level:6|summary] (collection=degree_plans)\nالخطه الدراسيه البرنامج (الكود): BS-ARIN-IT البرنامج (الاسم): الذكاء الاصطناعي البرنامج (الاسم الكامل): بكالوريوس الذكاء الاصطناعي المستوي (الكود): 6 المستوي (الاسم): المستوي 6 اجمالي ساعات البرنامج: 164 مقررات المستوي: - CEAI 321 | مقدمه في تعلم الاله | 4 ساعات - CEAI 322 | اساسيات التحسين والبحوث | 3 ساعات - CECY 382 | اساسيات الامن السيبراني | 3 ساعات - CESW 281 | مبادئ هندسه البرمجيات | 4 ساعات - CLAL 100 | مهارات لغويه -1 | 4 ساعات']",10,True,False,False,True,ما متطلبات التخصيص وعدد الساعات المطلوبة لتخصص الذكاء الاصطناعي؟,,[],,Q042,specialization,requirements,medium,SpecializationGuide,SpecializationGuide.json | major: requirements,ما متطلبات التخصيص وعدد الساعات المطلوبة لتخصص الذكاء الاصطناعي؟,"['[major:MAJ_ai|row:10] (collection=specialization)\nالتخصص: الذكاء الاصطناعي معرف التخصص: MAJ_ai الكليه: كليه علوم وهندسه الحاسب معرف الكليه: COL_computing الساعات المطلوبه قبل التخصيص: 27 المتطلبات: CECS 121, CECS 122', '[program:BS-ARIN-IT|elective:CEAI 446|row:21] (collection=electives)\nمقرر اختياري البرنامج (الكود): BS-ARIN-IT البرنامج (الاسم): الذكاء الاصطناعي البرنامج (الاسم الكامل): بكالوريوس الذكاء الاصطناعي الكود: CEAI 446 الاسم عربي: مدخل في البيانات الضخمه الاسم انجليزي: Introduction to Big Data الوحدات: 4 المتطلبات السابقه (رموز): CEAI 321 ملاحظات: Elective — can be taken at any level once prerequisites are met.', '[program:BS-ARIN-IT|level:10|summary] (collection=degree_plans)\nالخطه الدراسيه البرنامج (الكود): BS-ARIN-IT البرنامج (الاسم): الذكاء الاصطناعي البرنامج (الاسم الكامل): بكالوريوس الذكاء الاصطناعي المستوي (الكود): 10 المستوي (الاسم): المستوي 10 اجمالي ساعات البرنامج: 164 مقررات المستوي: - CLAL 200 | مهارات لغويه-2 | 2 ساعات - ISLM 300 | ثقافه اسلاميه-3 | 3 ساعات - CEAI 496 | مشروع تخرج-2 | 4 ساعات - CEAI XXX | مقرر اختياري-2 | 3 ساعات - XXX | مقرر حر-2 | 4 ساعات - CEAI 423 | اخلاقيات وحوكمهالذكاء لاصطناعي | 3 ساعات', '[program:BS-ARIN-IT|level:8|summary] (collection=degree_plans)\nالخطه الدراسيه البرنامج (الكود): BS-ARIN-IT البرنامج (الاسم): الذكاء الاصطناعي البرنامج (الاسم الكامل): بكالوريوس الذكاء الاصطناعي المستوي (الكود): 8 المستوي (الاسم): المستوي 8 اجمالي ساعات البرنامج: 164 مقررات المستوي: - CEAI 392 | 1-الممارسه المهنيه | 3 ساعات - CEAI 421 | معالجه اللغه الطبيعيه | 3 ساعات - CEAI 422 | اساسيات الرؤيه الحاسوبيه | 3 ساعات - ISLM 200 | الثقافه الاسلاميه-2 | 3 ساعات - SCBI 100 | الاستدامه البيئيه | 2 ساعات - CEAI XXX | مقرر اختياري-1 | 3 ساعات - XXX | مقرر حر-1 | 4 ساعات', '[program:BS-ARIN-IT|level:7|summary] (collection=degree_plans)\nالخطه الدراسيه البرنامج (الكود): BS-ARIN-IT البرنامج (الاسم): الذكاء الاصطناعي البرنامج (الاسم الكامل): بكالوريوس الذكاء الاصطناعي المستوي (الكود): 7 المستوي (الاسم): المستوي 7 اجمالي ساعات البرنامج: 164 مقررات المستوي: - BCSC 100 | مقدمه في الاداره اللوجستيه | 2 ساعات - CEAI 411 | مقدمه في الروبوتات | 4 ساعات - CEAI 412 | التعلم العميق | 4 ساعات - CECN 381 | شبكات الحاسب | 4 ساعات - CESW 382 | اداره مشاريع البرمجيات | 4 ساعات', '[program:BS-ARIN-IT|level:1|summary] (collection=degree_plans)\nالخطه الدراسيه البرنامج (الكود): BS-ARIN-IT البرنامج (الاسم): الذكاء الاصطناعي البرنامج (الاسم الكامل): بكالوريوس الذكاء الاصطناعي المستوي (الكود): 1 المستوي (الاسم): المستوي 1 اجمالي ساعات البرنامج: 164 مقررات المستوي: - CECS 100 | المهارات الرقميه | 3 ساعات - CECS 111 | مقدمه في برمجه | 3 ساعات - ELPR 130 | اللغه الانجليزيه-3 | 3 ساعات - SCMT 102 | تفاضل و تكامل-1 | 3 ساعات - SCPH 101 | فيزياء عامه -1 | 3 ساعات', '[program:BS-ARIN-IT|level:2|summary] (collection=degree_plans)\nالخطه الدراسيه البرنامج (الكود): BS-ARIN-IT البرنامج (الاسم): الذكاء الاصطناعي البرنامج (الاسم الكامل): بكالوريوس الذكاء الاصطناعي المستوي (الكود): 2 المستوي (الاسم): المستوي 2 اجمالي ساعات البرنامج: 164 مقررات المستوي: - CECS 121 | برمجه شيئيه | 4 ساعات - CECS 122 | رياضيات متقدمه حاسوبيه | 3 ساعات - CEDS 124 | مقدمه قواعد البيانات | 3 ساعات - ELPR 140 | اللغه الانجليزيه-4 | 3 ساعات - SEPS 110 | مهارات الحياه الجامعيه و سوق العمل | 1 ساعات', '[program:BS-ARIN-IT|level:9|summary] (collection=degree_plans)\nالخطه الدراسيه البرنامج (الكود): BS-ARIN-IT البرنامج (الاسم): الذكاء الاصطناعي البرنامج (الاسم الكامل): بكالوريوس الذكاء الاصطناعي المستوي (الكود): 9 المستوي (الاسم): المستوي 9 اجمالي ساعات البرنامج: 164 مقررات المستوي: - CEAI 495 | مشروع تخرج-1 | 4 ساعات - CEAI 395 | تدريب تعاوني | 8 ساعات', '[program:BS-ARIN-IT|level:4|summary] (collection=degree_plans)\nالخطه الدراسيه البرنامج (الكود): BS-ARIN-IT البرنامج (الاسم): الذكاء الاصطناعي البرنامج (الاسم الكامل): بكالوريوس الذكاء الاصطناعي المستوي (الكود): 4 المستوي (الاسم): المستوي 4 اجمالي ساعات البرنامج: 164 مقررات المستوي: - CECS 217 | تنظيم وتصميم الحاسب | 4 ساعات - CECS 218 | البرمجه المتقدمه | 4 ساعات - CECS 381 | تصميم وتحليل الخوارزميات | 3 ساعات - SCMT 212 | تفاضل و تكامل-3 | 3 ساعات - SCPH 211 | فيزياء عامه -2 | 4 ساعات', '[program:BS-ARIN-IT|level:6|summary] (collection=degree_plans)\nالخطه الدراسيه البرنامج (الكود): BS-ARIN-IT البرنامج (الاسم): الذكاء الاصطناعي البرنامج (الاسم الكامل): بكالوريوس الذكاء الاصطناعي المستوي (الكود): 6 المستوي (الاسم): المستوي 6 اجمالي ساعات البرنامج: 164 مقررات المستوي: - CEAI 321 | مقدمه في تعلم الاله | 4 ساعات - CEAI 322 | اساسيات التحسين والبحوث | 3 ساعات - CECY 382 | اساسيات الامن السيبراني | 3 ساعات - CESW 281 | مبادئ هندسه البرمجيات | 4 ساعات - CLAL 100 | مهارات لغويه -1 | 4 ساعات']","متطلبات التخصيص لتخصص الذكاء الاصطناعي هي:

1. **عدد الساعات المطلوبة قبل التخصيص**: 27 ساعة.
2. **المتطلبات**: 
   - CECS 121 (برمجة شيئية)
   - CECS 122 (رياضيات متقدمة حاسوبية)

لا توجد معلومات إضافية حول متطلبات أخرى أو تفاصيل إضافية.",متطلبات التخصيص لتخصص requirements: لا توجد متطلبات محددة مذكورة.,0.7925173712960693,0.4333333333188889,0.6666666666666666,0.0
ما متطلبات التخصيص وعدد الساعات المطلوبة لتخصص علوم البيانات؟,متطلبات التخصيص لتخصص requirements: لا توجد متطلبات محددة مذكورة.,متطلبات التخصيص لتخصص علوم البيانات تتطلب إكمال 27 ساعة دراسية قبل التخصيص، والمقررات المطلوبة هي: CECS 121 و CECS 122.,"['[major:MAJ_data_science|row:11] (collection=specialization)\nالتخصص: علوم البيانات معرف التخصص: MAJ_data_science الكليه: كليه علوم وهندسه الحاسب معرف الكليه: COL_computing الساعات المطلوبه قبل التخصيص: 27 المتطلبات: CECS 121, CECS 122', '[major:MAJ_computer_science|row:14] (collection=specialization)\nالتخصص: علوم الحاسب معرف التخصص: MAJ_computer_science الكليه: كليه علوم وهندسه الحاسب معرف الكليه: COL_computing الساعات المطلوبه قبل التخصيص: 27 المتطلبات: CECS 121, CECS 122', '[major:MAJ_cybersecurity|row:9] (collection=specialization)\nالتخصص: الامن السيبراني معرف التخصص: MAJ_cybersecurity الكليه: كليه علوم وهندسه الحاسب معرف الكليه: COL_computing الساعات المطلوبه قبل التخصيص: 27 المتطلبات: CECS 121, CECS 122', '[program:BS-DSAN-IT|level:BS-DSAN-03|summary] (collection=degree_plans)\nالخطه الدراسيه البرنامج (الكود): BS-DSAN-IT البرنامج (الاسم): BS-DSAN-IT البرنامج (الاسم الكامل): BS-DSAN-IT المستوي (الكود): BS-DSAN-03 المستوي (الاسم): المستوي 3 اجمالي ساعات البرنامج: 164 مقررات المستوي: - CECS 281 | تركيب البيانات | 4 ساعات - CEDS 211 | هيكله وتنظيم الحاسوب | 4 ساعات', '[program:BS-DSAN-IT|level:BS-DSAN-05|summary] (collection=degree_plans)\nالخطه الدراسيه البرنامج (الكود): BS-DSAN-IT البرنامج (الاسم): BS-DSAN-IT البرنامج (الاسم الكامل): BS-DSAN-IT المستوي (الكود): BS-DSAN-05 المستوي (الاسم): المستوي 5 اجمالي ساعات البرنامج: 164 مقررات المستوي: - CECN 383 | اتصالات البيانات | 4 ساعات - CECS 381 | تصميم وتحليل الخوارزميات | 3 ساعات - CEDS 311 | مقدمه في علوم البيانات | 4 ساعات', '[major:MAJ_network_eng|row:13] (collection=specialization)\nالتخصص: هندسه الحاسب والشبكات معرف التخصص: MAJ_network_eng الكليه: كليه علوم وهندسه الحاسب معرف الكليه: COL_computing الساعات المطلوبه قبل التخصيص: 27 المتطلبات: CECS 121, CECS 122', '[program:BS-DSAN-IT|level:BS-DSAN-10|summary] (collection=degree_plans)\nالخطه الدراسيه البرنامج (الكود): BS-DSAN-IT البرنامج (الاسم): BS-DSAN-IT البرنامج (الاسم الكامل): BS-DSAN-IT المستوي (الكود): BS-DSAN-10 المستوي (الاسم): المستوي 10 اجمالي ساعات البرنامج: 164 مقررات المستوي: - CEDS 431 | تحليل البيانات الضخمه | 4 ساعات - CEDS 441 | امن وخصوصيه البيانات | 3 ساعات - CEDS 442 | تطبيقات في تحليل البيانات | 4 ساعات - CEDS 496 | مشروع تخرج-2 | 3 ساعات', '[major:MAJ_ai|row:10] (collection=specialization)\nالتخصص: الذكاء الاصطناعي معرف التخصص: MAJ_ai الكليه: كليه علوم وهندسه الحاسب معرف الكليه: COL_computing الساعات المطلوبه قبل التخصيص: 27 المتطلبات: CECS 121, CECS 122', '[program:BS-DSAN-IT|level:BS-DSAN-06|summary] (collection=degree_plans)\nالخطه الدراسيه البرنامج (الكود): BS-DSAN-IT البرنامج (الاسم): BS-DSAN-IT البرنامج (الاسم الكامل): BS-DSAN-IT المستوي (الكود): BS-DSAN-06 المستوي (الاسم): المستوي 6 اجمالي ساعات البرنامج: 164 مقررات المستوي: - BUBA 100 | الابتكار ورياده الاعمال | 2 ساعات - CEAI 281 | اساسيات الذكاء الاصطناعي | 4 ساعات - CEDS 321 | تنقيب البيانات | 4 ساعات - CEDS 322 | اداره وحوكمه البيانات | 3 ساعات - CEDS 323 | الاحترافيه واعداد التقارير | 4 ساعات', '[major:MAJ_software_eng|row:12] (collection=specialization)\nالتخصص: هندسه البرمجيات معرف التخصص: MAJ_software_eng الكليه: كليه علوم وهندسه الحاسب معرف الكليه: COL_computing الساعات المطلوبه قبل التخصيص: 27 المتطلبات: CECS 121, CECS 122']",10,True,False,False,True,ما متطلبات التخصيص وعدد الساعات المطلوبة لتخصص علوم البيانات؟,,[],,Q043,specialization,requirements,medium,SpecializationGuide,SpecializationGuide.json | major: requirements,ما متطلبات التخصيص وعدد الساعات المطلوبة لتخصص علوم البيانات؟,"['[major:MAJ_data_science|row:11] (collection=specialization)\nالتخصص: علوم البيانات معرف التخصص: MAJ_data_science الكليه: كليه علوم وهندسه الحاسب معرف الكليه: COL_computing الساعات المطلوبه قبل التخصيص: 27 المتطلبات: CECS 121, CECS 122', '[major:MAJ_computer_science|row:14] (collection=specialization)\nالتخصص: علوم الحاسب معرف التخصص: MAJ_computer_science الكليه: كليه علوم وهندسه الحاسب معرف الكليه: COL_computing الساعات المطلوبه قبل التخصيص: 27 المتطلبات: CECS 121, CECS 122', '[major:MAJ_cybersecurity|row:9] (collection=specialization)\nالتخصص: الامن السيبراني معرف التخصص: MAJ_cybersecurity الكليه: كليه علوم وهندسه الحاسب معرف الكليه: COL_computing الساعات المطلوبه قبل التخصيص: 27 المتطلبات: CECS 121, CECS 122', '[program:BS-DSAN-IT|level:BS-DSAN-03|summary] (collection=degree_plans)\nالخطه الدراسيه البرنامج (الكود): BS-DSAN-IT البرنامج (الاسم): BS-DSAN-IT البرنامج (الاسم الكامل): BS-DSAN-IT المستوي (الكود): BS-DSAN-03 المستوي (الاسم): المستوي 3 اجمالي ساعات البرنامج: 164 مقررات المستوي: - CECS 281 | تركيب البيانات | 4 ساعات - CEDS 211 | هيكله وتنظيم الحاسوب | 4 ساعات', '[program:BS-DSAN-IT|level:BS-DSAN-05|summary] (collection=degree_plans)\nالخطه الدراسيه البرنامج (الكود): BS-DSAN-IT البرنامج (الاسم): BS-DSAN-IT البرنامج (الاسم الكامل): BS-DSAN-IT المستوي (الكود): BS-DSAN-05 المستوي (الاسم): المستوي 5 اجمالي ساعات البرنامج: 164 مقررات المستوي: - CECN 383 | اتصالات البيانات | 4 ساعات - CECS 381 | تصميم وتحليل الخوارزميات | 3 ساعات - CEDS 311 | مقدمه في علوم البيانات | 4 ساعات', '[major:MAJ_network_eng|row:13] (collection=specialization)\nالتخصص: هندسه الحاسب والشبكات معرف التخصص: MAJ_network_eng الكليه: كليه علوم وهندسه الحاسب معرف الكليه: COL_computing الساعات المطلوبه قبل التخصيص: 27 المتطلبات: CECS 121, CECS 122', '[program:BS-DSAN-IT|level:BS-DSAN-10|summary] (collection=degree_plans)\nالخطه الدراسيه البرنامج (الكود): BS-DSAN-IT البرنامج (الاسم): BS-DSAN-IT البرنامج (الاسم الكامل): BS-DSAN-IT المستوي (الكود): BS-DSAN-10 المستوي (الاسم): المستوي 10 اجمالي ساعات البرنامج: 164 مقررات المستوي: - CEDS 431 | تحليل البيانات الضخمه | 4 ساعات - CEDS 441 | امن وخصوصيه البيانات | 3 ساعات - CEDS 442 | تطبيقات في تحليل البيانات | 4 ساعات - CEDS 496 | مشروع تخرج-2 | 3 ساعات', '[major:MAJ_ai|row:10] (collection=specialization)\nالتخصص: الذكاء الاصطناعي معرف التخصص: MAJ_ai الكليه: كليه علوم وهندسه الحاسب معرف الكليه: COL_computing الساعات المطلوبه قبل التخصيص: 27 المتطلبات: CECS 121, CECS 122', '[program:BS-DSAN-IT|level:BS-DSAN-06|summary] (collection=degree_plans)\nالخطه الدراسيه البرنامج (الكود): BS-DSAN-IT البرنامج (الاسم): BS-DSAN-IT البرنامج (الاسم الكامل): BS-DSAN-IT المستوي (الكود): BS-DSAN-06 المستوي (الاسم): المستوي 6 اجمالي ساعات البرنامج: 164 مقررات المستوي: - BUBA 100 | الابتكار ورياده الاعمال | 2 ساعات - CEAI 281 | اساسيات الذكاء الاصطناعي | 4 ساعات - CEDS 321 | تنقيب البيانات | 4 ساعات - CEDS 322 | اداره وحوكمه البيانات | 3 ساعات - CEDS 323 | الاحترافيه واعداد التقارير | 4 ساعات', '[major:MAJ_software_eng|row:12] (collection=specialization)\nالتخصص: هندسه البرمجيات معرف التخصص: MAJ_software_eng الكليه: كليه علوم وهندسه الحاسب معرف الكليه: COL_computing الساعات المطلوبه قبل التخصيص: 27 المتطلبات: CECS 121, CECS 122']",متطلبات التخصيص لتخصص علوم البيانات تتطلب إكمال 27 ساعة دراسية قبل التخصيص، والمقررات المطلوبة هي: CECS 121 و CECS 122.,متطلبات التخصيص لتخصص requirements: لا توجد متطلبات محددة مذكورة.,0.8323335965297066,0.2730158730067725,1.0,0.0
ما متطلبات التخصيص وعدد الساعات المطلوبة لتخصص هندسة البرمجيات؟,متطلبات التخصيص لتخصص requirements: لا توجد متطلبات محددة مذكورة.,"متطلبات التخصيص لتخصص هندسة البرمجيات هي:

1. الساعات المطلوبة قبل التخصيص: 27 ساعة.
2. المقررات المطلوبة قبل التخصيص: 
   - CECS 121 (برمجة شيئية) - 4 ساعات.
   - CECS 122 (رياضيات متقطعة) - 3 ساعات.

إجمالي الساعات المطلوبة لتخصص هندسة البرمجيات هو 167 ساعة.","['[major:MAJ_software_eng|row:12] (collection=specialization)\nالتخصص: هندسه البرمجيات معرف التخصص: MAJ_software_eng الكليه: كليه علوم وهندسه الحاسب معرف الكليه: COL_computing الساعات المطلوبه قبل التخصيص: 27 المتطلبات: CECS 121, CECS 122', '[program:BS-SOEN-IT|level:BS-SOEN-02|summary] (collection=degree_plans)\nالخطه الدراسيه البرنامج (الكود): BS-SOEN-IT البرنامج (الاسم): هندسه البرمجيات البرنامج (الاسم الكامل): بكالوريوس هندسه البرمجيات المستوي (الكود): BS-SOEN-02 المستوي (الاسم): المستوي 2 اجمالي ساعات البرنامج: 167 مقررات المستوي: - CECS 121 | برمجه شيئيه | 4 ساعات - CECS 122 | رياضيات متقطعه | 3 ساعات - CEDS 124 | مقدمه قواعد بيانات | 3 ساعات - ELPR 140 | اللغه الانجليزيه-4 | 2 ساعات - SEPS 110 | م. الحياه الجامعيه و سوق العمل | 2 ساعات', '[program:BS-SOEN-IT|level:BS-SOEN-04|summary] (collection=degree_plans)\nالخطه الدراسيه البرنامج (الكود): BS-SOEN-IT البرنامج (الاسم): هندسه البرمجيات البرنامج (الاسم الكامل): بكالوريوس هندسه البرمجيات المستوي (الكود): BS-SOEN-04 المستوي (الاسم): المستوي 4 اجمالي ساعات البرنامج: 167 مقررات المستوي: - CECN 283 | معماريه الحاسب | 4 ساعات - CESW 221 | هندسه متطلبات البرمجيات | 4 ساعات - CESW 381 | تطوير الويب | 4 ساعات - ISLM 100 | ثقافه اسلاميه-1 | 2 ساعات - SCPH 211 | فيزياء عامه-2 | 4 ساعات', '[program:BS-SOEN-IT|level:BS-SOEN-01|summary] (collection=degree_plans)\nالخطه الدراسيه البرنامج (الكود): BS-SOEN-IT البرنامج (الاسم): هندسه البرمجيات البرنامج (الاسم الكامل): بكالوريوس هندسه البرمجيات المستوي (الكود): BS-SOEN-01 المستوي (الاسم): المستوي 1 اجمالي ساعات البرنامج: 167 مقررات المستوي: - CECS 100 | المهارات الرقميه | 3 ساعات - CECS 111 | مقدمه برمجيه | 4 ساعات - ELPR 130 | اللغه الانجليزيه-3 | 2 ساعات - SCMT 102 | تفاضل وتكامل-1 | 3 ساعات - SCPH 101 | فيزياء عامه-1 | 3 ساعات', '[program:BS-SOEN-IT|level:BS-SOEN-08|summary] (collection=degree_plans)\nالخطه الدراسيه البرنامج (الكود): BS-SOEN-IT البرنامج (الاسم): هندسه البرمجيات البرنامج (الاسم الكامل): بكالوريوس هندسه البرمجيات المستوي (الكود): BS-SOEN-08 المستوي (الاسم): المستوي 8 اجمالي ساعات البرنامج: 167 مقررات المستوي: - CESW 392 | الممارسه المهنيه-1 | 2 ساعات - CESW 421 | اختبار وتحقق البرمجيات | 4 ساعات - CESW 422 | نماذج تصميم البرمجيات | 4 ساعات - CESW 423 | عماره عمليات البرمجيات | 4 ساعات - SCMT 212 | تفاضل وتكامل-3 | 3 ساعات', '[program:BS-SOEN-IT|level:BS-SOEN-03|summary] (collection=degree_plans)\nالخطه الدراسيه البرنامج (الكود): BS-SOEN-IT البرنامج (الاسم): هندسه البرمجيات البرنامج (الاسم الكامل): بكالوريوس هندسه البرمجيات المستوي (الكود): BS-SOEN-03 المستوي (الاسم): المستوي 3 اجمالي ساعات البرنامج: 167 مقررات المستوي: - CECN 281 | تصميم المنطق الرقمي | 4 ساعات - CESW 281 | مبادئ هندسه البرمجيات | 4 ساعات', '[program:BS-SOEN-IT|level:BS-SOEN-06|summary] (collection=degree_plans)\nالخطه الدراسيه البرنامج (الكود): BS-SOEN-IT البرنامج (الاسم): هندسه البرمجيات البرنامج (الاسم الكامل): بكالوريوس هندسه البرمجيات المستوي (الكود): BS-SOEN-06 المستوي (الاسم): المستوي 6 اجمالي ساعات البرنامج: 167 مقررات المستوي: - BUBA 100 | الابتكار ورياده الاعمال | 2 ساعات - CECN 381 | شبكات الحاسب | 4 ساعات - CESW 321 | تصميم ومعماريه البرمجيات | 4 ساعات - CESW 322 | تقنيات البرمجه | 4 ساعات - SCST 310 | احتمالات تطبيق. و. عشوائيه | 3 ساعات', '[program:BS-SOEN-IT|level:BS-SOEN-10|summary] (collection=degree_plans)\nالخطه الدراسيه البرنامج (الكود): BS-SOEN-IT البرنامج (الاسم): هندسه البرمجيات البرنامج (الاسم الكامل): بكالوريوس هندسه البرمجيات المستوي (الكود): BS-SOEN-10 المستوي (الاسم): المستوي 10 اجمالي ساعات البرنامج: 167 مقررات المستوي: - CECY 383 | اخلاقيات وحوكمه الحاسب | 2 ساعات - CECY 482 | هندسه امن البرمجيات | 3 ساعات - CESW 415 | جوده ومقاييس البرمجيات | 4 ساعات - CESW 496 | مشروع تخرج-2 | 3 ساعات', '[program:BS-SOEN-IT|level:BS-SOEN-05|summary] (collection=degree_plans)\nالخطه الدراسيه البرنامج (الكود): BS-SOEN-IT البرنامج (الاسم): هندسه البرمجيات البرنامج (الاسم الكامل): بكالوريوس هندسه البرمجيات المستوي (الكود): BS-SOEN-05 المستوي (الاسم): المستوي 5 اجمالي ساعات البرنامج: 167 مقررات المستوي: - CECS 281 | تركيب البيانات | 4 ساعات - CESW 383 | تفاعل الانسان والحاسب | 3 ساعات - CLAL 200 | مهارات لغويه-2 | 2 ساعات', '[program:BS-SOEN-IT|level:BS-SOEN-07|summary] (collection=degree_plans)\nالخطه الدراسيه البرنامج (الكود): BS-SOEN-IT البرنامج (الاسم): هندسه البرمجيات البرنامج (الاسم الكامل): بكالوريوس هندسه البرمجيات المستوي (الكود): BS-SOEN-07 المستوي (الاسم): المستوي 7 اجمالي ساعات البرنامج: 167 مقررات المستوي: - CECS 283 | نظم التشغيل | 4 ساعات - CESW 382 | اداره مشاريع البرمجيات | 4 ساعات - CESW 411 | بناء البرمجيات | 4 ساعات - ISLM 300 | ثقافه اسلاميه-3 | 2 ساعات - SLPR 111 | مبادئ القانون | 3 ساعات']",10,True,False,False,True,ما متطلبات التخصيص وعدد الساعات المطلوبة لتخصص هندسة البرمجيات؟,,[],,Q044,specialization,requirements,medium,SpecializationGuide,SpecializationGuide.json | major: requirements,ما متطلبات التخصيص وعدد الساعات المطلوبة لتخصص هندسة البرمجيات؟,"['[major:MAJ_software_eng|row:12] (collection=specialization)\nالتخصص: هندسه البرمجيات معرف التخصص: MAJ_software_eng الكليه: كليه علوم وهندسه الحاسب معرف الكليه: COL_computing الساعات المطلوبه قبل التخصيص: 27 المتطلبات: CECS 121, CECS 122', '[program:BS-SOEN-IT|level:BS-SOEN-02|summary] (collection=degree_plans)\nالخطه الدراسيه البرنامج (الكود): BS-SOEN-IT البرنامج (الاسم): هندسه البرمجيات البرنامج (الاسم الكامل): بكالوريوس هندسه البرمجيات المستوي (الكود): BS-SOEN-02 المستوي (الاسم): المستوي 2 اجمالي ساعات البرنامج: 167 مقررات المستوي: - CECS 121 | برمجه شيئيه | 4 ساعات - CECS 122 | رياضيات متقطعه | 3 ساعات - CEDS 124 | مقدمه قواعد بيانات | 3 ساعات - ELPR 140 | اللغه الانجليزيه-4 | 2 ساعات - SEPS 110 | م. الحياه الجامعيه و سوق العمل | 2 ساعات', '[program:BS-SOEN-IT|level:BS-SOEN-04|summary] (collection=degree_plans)\nالخطه الدراسيه البرنامج (الكود): BS-SOEN-IT البرنامج (الاسم): هندسه البرمجيات البرنامج (الاسم الكامل): بكالوريوس هندسه البرمجيات المستوي (الكود): BS-SOEN-04 المستوي (الاسم): المستوي 4 اجمالي ساعات البرنامج: 167 مقررات المستوي: - CECN 283 | معماريه الحاسب | 4 ساعات - CESW 221 | هندسه متطلبات البرمجيات | 4 ساعات - CESW 381 | تطوير الويب | 4 ساعات - ISLM 100 | ثقافه اسلاميه-1 | 2 ساعات - SCPH 211 | فيزياء عامه-2 | 4 ساعات', '[program:BS-SOEN-IT|level:BS-SOEN-01|summary] (collection=degree_plans)\nالخطه الدراسيه البرنامج (الكود): BS-SOEN-IT البرنامج (الاسم): هندسه البرمجيات البرنامج (الاسم الكامل): بكالوريوس هندسه البرمجيات المستوي (الكود): BS-SOEN-01 المستوي (الاسم): المستوي 1 اجمالي ساعات البرنامج: 167 مقررات المستوي: - CECS 100 | المهارات الرقميه | 3 ساعات - CECS 111 | مقدمه برمجيه | 4 ساعات - ELPR 130 | اللغه الانجليزيه-3 | 2 ساعات - SCMT 102 | تفاضل وتكامل-1 | 3 ساعات - SCPH 101 | فيزياء عامه-1 | 3 ساعات', '[program:BS-SOEN-IT|level:BS-SOEN-08|summary] (collection=degree_plans)\nالخطه الدراسيه البرنامج (الكود): BS-SOEN-IT البرنامج (الاسم): هندسه البرمجيات البرنامج (الاسم الكامل): بكالوريوس هندسه البرمجيات المستوي (الكود): BS-SOEN-08 المستوي (الاسم): المستوي 8 اجمالي ساعات البرنامج: 167 مقررات المستوي: - CESW 392 | الممارسه المهنيه-1 | 2 ساعات - CESW 421 | اختبار وتحقق البرمجيات | 4 ساعات - CESW 422 | نماذج تصميم البرمجيات | 4 ساعات - CESW 423 | عماره عمليات البرمجيات | 4 ساعات - SCMT 212 | تفاضل وتكامل-3 | 3 ساعات', '[program:BS-SOEN-IT|level:BS-SOEN-03|summary] (collection=degree_plans)\nالخطه الدراسيه البرنامج (الكود): BS-SOEN-IT البرنامج (الاسم): هندسه البرمجيات البرنامج (الاسم الكامل): بكالوريوس هندسه البرمجيات المستوي (الكود): BS-SOEN-03 المستوي (الاسم): المستوي 3 اجمالي ساعات البرنامج: 167 مقررات المستوي: - CECN 281 | تصميم المنطق الرقمي | 4 ساعات - CESW 281 | مبادئ هندسه البرمجيات | 4 ساعات', '[program:BS-SOEN-IT|level:BS-SOEN-06|summary] (collection=degree_plans)\nالخطه الدراسيه البرنامج (الكود): BS-SOEN-IT البرنامج (الاسم): هندسه البرمجيات البرنامج (الاسم الكامل): بكالوريوس هندسه البرمجيات المستوي (الكود): BS-SOEN-06 المستوي (الاسم): المستوي 6 اجمالي ساعات البرنامج: 167 مقررات المستوي: - BUBA 100 | الابتكار ورياده الاعمال | 2 ساعات - CECN 381 | شبكات الحاسب | 4 ساعات - CESW 321 | تصميم ومعماريه البرمجيات | 4 ساعات - CESW 322 | تقنيات البرمجه | 4 ساعات - SCST 310 | احتمالات تطبيق. و. عشوائيه | 3 ساعات', '[program:BS-SOEN-IT|level:BS-SOEN-10|summary] (collection=degree_plans)\nالخطه الدراسيه البرنامج (الكود): BS-SOEN-IT البرنامج (الاسم): هندسه البرمجيات البرنامج (الاسم الكامل): بكالوريوس هندسه البرمجيات المستوي (الكود): BS-SOEN-10 المستوي (الاسم): المستوي 10 اجمالي ساعات البرنامج: 167 مقررات المستوي: - CECY 383 | اخلاقيات وحوكمه الحاسب | 2 ساعات - CECY 482 | هندسه امن البرمجيات | 3 ساعات - CESW 415 | جوده ومقاييس البرمجيات | 4 ساعات - CESW 496 | مشروع تخرج-2 | 3 ساعات', '[program:BS-SOEN-IT|level:BS-SOEN-05|summary] (collection=degree_plans)\nالخطه الدراسيه البرنامج (الكود): BS-SOEN-IT البرنامج (الاسم): هندسه البرمجيات البرنامج (الاسم الكامل): بكالوريوس هندسه البرمجيات المستوي (الكود): BS-SOEN-05 المستوي (الاسم): المستوي 5 اجمالي ساعات البرنامج: 167 مقررات المستوي: - CECS 281 | تركيب البيانات | 4 ساعات - CESW 383 | تفاعل الانسان والحاسب | 3 ساعات - CLAL 200 | مهارات لغويه-2 | 2 ساعات', '[program:BS-SOEN-IT|level:BS-SOEN-07|summary] (collection=degree_plans)\nالخطه الدراسيه البرنامج (الكود): BS-SOEN-IT البرنامج (الاسم): هندسه البرمجيات البرنامج (الاسم الكامل): بكالوريوس هندسه البرمجيات المستوي (الكود): BS-SOEN-07 المستوي (الاسم): المستوي 7 اجمالي ساعات البرنامج: 167 مقررات المستوي: - CECS 283 | نظم التشغيل | 4 ساعات - CESW 382 | اداره مشاريع البرمجيات | 4 ساعات - CESW 411 | بناء البرمجيات | 4 ساعات - ISLM 300 | ثقافه اسلاميه-3 | 2 ساعات - SLPR 111 | مبادئ القانون | 3 ساعات']","متطلبات التخصيص لتخصص هندسة البرمجيات هي:

1. الساعات المطلوبة قبل التخصيص: 27 ساعة.
2. المقررات المطلوبة قبل التخصيص: 
   - CECS 121 (برمجة شيئية) - 4 ساعات.
   - CECS 122 (رياضيات متقطعة) - 3 ساعات.

إجمالي الساعات المطلوبة لتخصص هندسة البرمجيات هو 167 ساعة.",متطلبات التخصيص لتخصص requirements: لا توجد متطلبات محددة مذكورة.,0.7953628552021148,0.4166666666458333,0.8,0.0
ما متطلبات التخصيص وعدد الساعات المطلوبة لتخصص هندسة الحاسب والشبكات؟,متطلبات التخصيص لتخصص requirements: لا توجد متطلبات محددة مذكورة.,"متطلبات التخصيص لتخصص هندسة الحاسب والشبكات هي:

- الساعات المطلوبة قبل التخصيص: 27 ساعة.
- المتطلبات: المقررات CECS 121 (برمجة شيئية) وCECS 122 (رياضيات متقطعة). 

لذا، يجب على الطالب إكمال 27 ساعة من المقررات المذكورة قبل التخصيص في هذا التخصص.","['[major:MAJ_network_eng|row:13] (collection=specialization)\nالتخصص: هندسه الحاسب والشبكات معرف التخصص: MAJ_network_eng الكليه: كليه علوم وهندسه الحاسب معرف الكليه: COL_computing الساعات المطلوبه قبل التخصيص: 27 المتطلبات: CECS 121, CECS 122', '[major:MAJ_computer_science|row:14] (collection=specialization)\nالتخصص: علوم الحاسب معرف التخصص: MAJ_computer_science الكليه: كليه علوم وهندسه الحاسب معرف الكليه: COL_computing الساعات المطلوبه قبل التخصيص: 27 المتطلبات: CECS 121, CECS 122', '[program:BS-COEN-IT|level:BS-COEN-05|summary] (collection=degree_plans)\nالخطه الدراسيه البرنامج (الكود): BS-COEN-IT البرنامج (الاسم): هندسه الحاسب البرنامج (الاسم الكامل): بكالوريوس هندسه الحاسب المستوي (الكود): BS-COEN-05 المستوي (الاسم): المستوي 5 اجمالي ساعات البرنامج: 166 مقررات المستوي: - CECN 311 | الكترونيات | 4 ساعات - CECN 381 | شبكات الحاسب | 4 ساعات - CLAL 200 | مهارات لغويه-2 | 2 ساعات - ISLM 200 | الثقافه الاسلاميه-2 | 2 ساعات - SCMT 221 | جبر خطي | 3 ساعات - SCST 310 | احتمالات تطب. و احص. عضويه | 3 ساعات', '[major:MAJ_software_eng|row:12] (collection=specialization)\nالتخصص: هندسه البرمجيات معرف التخصص: MAJ_software_eng الكليه: كليه علوم وهندسه الحاسب معرف الكليه: COL_computing الساعات المطلوبه قبل التخصيص: 27 المتطلبات: CECS 121, CECS 122', '[major:MAJ_cybersecurity|row:9] (collection=specialization)\nالتخصص: الامن السيبراني معرف التخصص: MAJ_cybersecurity الكليه: كليه علوم وهندسه الحاسب معرف الكليه: COL_computing الساعات المطلوبه قبل التخصيص: 27 المتطلبات: CECS 121, CECS 122', '[program:BS-COEN-IT|level:BS-COEN-10|summary] (collection=degree_plans)\nالخطه الدراسيه البرنامج (الكود): BS-COEN-IT البرنامج (الاسم): هندسه الحاسب البرنامج (الاسم الكامل): بكالوريوس هندسه الحاسب المستوي (الكود): BS-COEN-10 المستوي (الاسم): المستوي 10 اجمالي ساعات البرنامج: 166 مقررات المستوي: - CECN 422 | شبكات الاتصالات اللاسلكيه | 4 ساعات - | الذكاء الاصطناعي الم_ | 0 ساعات', '[major:MAJ_data_science|row:11] (collection=specialization)\nالتخصص: علوم البيانات معرف التخصص: MAJ_data_science الكليه: كليه علوم وهندسه الحاسب معرف الكليه: COL_computing الساعات المطلوبه قبل التخصيص: 27 المتطلبات: CECS 121, CECS 122', '[program:BS-COEN-IT|level:BS-COEN-02|summary] (collection=degree_plans)\nالخطه الدراسيه البرنامج (الكود): BS-COEN-IT البرنامج (الاسم): هندسه الحاسب البرنامج (الاسم الكامل): بكالوريوس هندسه الحاسب المستوي (الكود): BS-COEN-02 المستوي (الاسم): المستوي 2 اجمالي ساعات البرنامج: 166 مقررات المستوي: - CECS 121 | برمجه شيئيه | 4 ساعات - CECS 122 | رياضيات متقطعه | 3 ساعات - CEDS 124 | مقدمه قواعد بيانات | 4 ساعات - ELPR 140 | اللغه الانجليزيه-٤ | 2 ساعات - SEPS 110 | م. الحياه الجامعيه و سوق العمل | 2 ساعات', '[program:BS-COEN-IT|level:BS-COEN-08|summary] (collection=degree_plans)\nالخطه الدراسيه البرنامج (الكود): BS-COEN-IT البرنامج (الاسم): هندسه الحاسب البرنامج (الاسم الكامل): بكالوريوس هندسه الحاسب المستوي (الكود): BS-COEN-08 المستوي (الاسم): المستوي 8 اجمالي ساعات البرنامج: 166 مقررات المستوي: - CECN 392 | الممارسه المهنيه-1 | 2 ساعات - CECN 428 | هندسه الحوسبه السحابيه | 3 ساعات - CECS 285 | هندسه نظم التشغيل | 3 ساعات', '[program:BS-COEN-IT|level:BS-COEN-01|summary] (collection=degree_plans)\nالخطه الدراسيه البرنامج (الكود): BS-COEN-IT البرنامج (الاسم): هندسه الحاسب البرنامج (الاسم الكامل): بكالوريوس هندسه الحاسب المستوي (الكود): BS-COEN-01 المستوي (الاسم): المستوي 1 اجمالي ساعات البرنامج: 166 مقررات المستوي: - CECS 100 | المهارات الرقميه | 3 ساعات - CECS 111 | مقدمه برمجه | 3 ساعات - ELPR 130 | اللغه الانجليزيه-3 | 3 ساعات - SCMT 102 | تفاضل وتكامل-1 | 3 ساعات - SCPH 101 | فيزياء عامه -1 | 3 ساعات']",10,True,False,False,True,ما متطلبات التخصيص وعدد الساعات المطلوبة لتخصص هندسة الحاسب والشبكات؟,,[],,Q045,specialization,requirements,medium,SpecializationGuide,SpecializationGuide.json | major: requirements,ما متطلبات التخصيص وعدد الساعات المطلوبة لتخصص هندسة الحاسب والشبكات؟,"['[major:MAJ_network_eng|row:13] (collection=specialization)\nالتخصص: هندسه الحاسب والشبكات معرف التخصص: MAJ_network_eng الكليه: كليه علوم وهندسه الحاسب معرف الكليه: COL_computing الساعات المطلوبه قبل التخصيص: 27 المتطلبات: CECS 121, CECS 122', '[major:MAJ_computer_science|row:14] (collection=specialization)\nالتخصص: علوم الحاسب معرف التخصص: MAJ_computer_science الكليه: كليه علوم وهندسه الحاسب معرف الكليه: COL_computing الساعات المطلوبه قبل التخصيص: 27 المتطلبات: CECS 121, CECS 122', '[program:BS-COEN-IT|level:BS-COEN-05|summary] (collection=degree_plans)\nالخطه الدراسيه البرنامج (الكود): BS-COEN-IT البرنامج (الاسم): هندسه الحاسب البرنامج (الاسم الكامل): بكالوريوس هندسه الحاسب المستوي (الكود): BS-COEN-05 المستوي (الاسم): المستوي 5 اجمالي ساعات البرنامج: 166 مقررات المستوي: - CECN 311 | الكترونيات | 4 ساعات - CECN 381 | شبكات الحاسب | 4 ساعات - CLAL 200 | مهارات لغويه-2 | 2 ساعات - ISLM 200 | الثقافه الاسلاميه-2 | 2 ساعات - SCMT 221 | جبر خطي | 3 ساعات - SCST 310 | احتمالات تطب. و احص. عضويه | 3 ساعات', '[major:MAJ_software_eng|row:12] (collection=specialization)\nالتخصص: هندسه البرمجيات معرف التخصص: MAJ_software_eng الكليه: كليه علوم وهندسه الحاسب معرف الكليه: COL_computing الساعات المطلوبه قبل التخصيص: 27 المتطلبات: CECS 121, CECS 122', '[major:MAJ_cybersecurity|row:9] (collection=specialization)\nالتخصص: الامن السيبراني معرف التخصص: MAJ_cybersecurity الكليه: كليه علوم وهندسه الحاسب معرف الكليه: COL_computing الساعات المطلوبه قبل التخصيص: 27 المتطلبات: CECS 121, CECS 122', '[program:BS-COEN-IT|level:BS-COEN-10|summary] (collection=degree_plans)\nالخطه الدراسيه البرنامج (الكود): BS-COEN-IT البرنامج (الاسم): هندسه الحاسب البرنامج (الاسم الكامل): بكالوريوس هندسه الحاسب المستوي (الكود): BS-COEN-10 المستوي (الاسم): المستوي 10 اجمالي ساعات البرنامج: 166 مقررات المستوي: - CECN 422 | شبكات الاتصالات اللاسلكيه | 4 ساعات - | الذكاء الاصطناعي الم_ | 0 ساعات', '[major:MAJ_data_science|row:11] (collection=specialization)\nالتخصص: علوم البيانات معرف التخصص: MAJ_data_science الكليه: كليه علوم وهندسه الحاسب معرف الكليه: COL_computing الساعات المطلوبه قبل التخصيص: 27 المتطلبات: CECS 121, CECS 122', '[program:BS-COEN-IT|level:BS-COEN-02|summary] (collection=degree_plans)\nالخطه الدراسيه البرنامج (الكود): BS-COEN-IT البرنامج (الاسم): هندسه الحاسب البرنامج (الاسم الكامل): بكالوريوس هندسه الحاسب المستوي (الكود): BS-COEN-02 المستوي (الاسم): المستوي 2 اجمالي ساعات البرنامج: 166 مقررات المستوي: - CECS 121 | برمجه شيئيه | 4 ساعات - CECS 122 | رياضيات متقطعه | 3 ساعات - CEDS 124 | مقدمه قواعد بيانات | 4 ساعات - ELPR 140 | اللغه الانجليزيه-٤ | 2 ساعات - SEPS 110 | م. الحياه الجامعيه و سوق العمل | 2 ساعات', '[program:BS-COEN-IT|level:BS-COEN-08|summary] (collection=degree_plans)\nالخطه الدراسيه البرنامج (الكود): BS-COEN-IT البرنامج (الاسم): هندسه الحاسب البرنامج (الاسم الكامل): بكالوريوس هندسه الحاسب المستوي (الكود): BS-COEN-08 المستوي (الاسم): المستوي 8 اجمالي ساعات البرنامج: 166 مقررات المستوي: - CECN 392 | الممارسه المهنيه-1 | 2 ساعات - CECN 428 | هندسه الحوسبه السحابيه | 3 ساعات - CECS 285 | هندسه نظم التشغيل | 3 ساعات', '[program:BS-COEN-IT|level:BS-COEN-01|summary] (collection=degree_plans)\nالخطه الدراسيه البرنامج (الكود): BS-COEN-IT البرنامج (الاسم): هندسه الحاسب البرنامج (الاسم الكامل): بكالوريوس هندسه الحاسب المستوي (الكود): BS-COEN-01 المستوي (الاسم): المستوي 1 اجمالي ساعات البرنامج: 166 مقررات المستوي: - CECS 100 | المهارات الرقميه | 3 ساعات - CECS 111 | مقدمه برمجه | 3 ساعات - ELPR 130 | اللغه الانجليزيه-3 | 3 ساعات - SCMT 102 | تفاضل وتكامل-1 | 3 ساعات - SCPH 101 | فيزياء عامه -1 | 3 ساعات']","متطلبات التخصيص لتخصص هندسة الحاسب والشبكات هي:

- الساعات المطلوبة قبل التخصيص: 27 ساعة.
- المتطلبات: المقررات CECS 121 (برمجة شيئية) وCECS 122 (رياضيات متقطعة). 

لذا، يجب على الطالب إكمال 27 ساعة من المقررات المذكورة قبل التخصيص في هذا التخصص.",متطلبات التخصيص لتخصص requirements: لا توجد متطلبات محددة مذكورة.,0.851134295791938,0.0,0.5,0.0
ما متطلبات التخصيص وعدد الساعات المطلوبة لتخصص علوم الحاسب؟,متطلبات التخصيص لتخصص requirements: لا توجد متطلبات محددة مذكورة.,"متطلبات التخصيص لتخصص علوم الحاسب هي:

- الساعات المطلوبة قبل التخصيص: 27 ساعة.
- المتطلبات: CECS 121 (برمجة شيئية) وCECS 122 (رياضيات متقطعة).

لذا، يجب على الطالب إكمال 27 ساعة من المقررات المطلوبة قبل التخصيص.","['[major:MAJ_computer_science|row:14] (collection=specialization)\nالتخصص: علوم الحاسب معرف التخصص: MAJ_computer_science الكليه: كليه علوم وهندسه الحاسب معرف الكليه: COL_computing الساعات المطلوبه قبل التخصيص: 27 المتطلبات: CECS 121, CECS 122', '[major:MAJ_network_eng|row:13] (collection=specialization)\nالتخصص: هندسه الحاسب والشبكات معرف التخصص: MAJ_network_eng الكليه: كليه علوم وهندسه الحاسب معرف الكليه: COL_computing الساعات المطلوبه قبل التخصيص: 27 المتطلبات: CECS 121, CECS 122', '[major:MAJ_cybersecurity|row:9] (collection=specialization)\nالتخصص: الامن السيبراني معرف التخصص: MAJ_cybersecurity الكليه: كليه علوم وهندسه الحاسب معرف الكليه: COL_computing الساعات المطلوبه قبل التخصيص: 27 المتطلبات: CECS 121, CECS 122', '[major:MAJ_data_science|row:11] (collection=specialization)\nالتخصص: علوم البيانات معرف التخصص: MAJ_data_science الكليه: كليه علوم وهندسه الحاسب معرف الكليه: COL_computing الساعات المطلوبه قبل التخصيص: 27 المتطلبات: CECS 121, CECS 122', '[major:MAJ_software_eng|row:12] (collection=specialization)\nالتخصص: هندسه البرمجيات معرف التخصص: MAJ_software_eng الكليه: كليه علوم وهندسه الحاسب معرف الكليه: COL_computing الساعات المطلوبه قبل التخصيص: 27 المتطلبات: CECS 121, CECS 122', '[program:BS-COSC-IT|level:BS-COSC-01|summary] (collection=degree_plans)\nالخطه الدراسيه البرنامج (الكود): BS-COSC-IT البرنامج (الاسم): علوم الحاسب البرنامج (الاسم الكامل): بكالوريوس علوم الحاسب المستوي (الكود): BS-COSC-01 المستوي (الاسم): المستوي 1 اجمالي ساعات البرنامج: 168 مقررات المستوي: - CECS 100 | المهارات الرقميه | 3 ساعات - CECS 111 | مقدمه برمجيه | 3 ساعات - ELPR 130 | اللغه الانجليزيه-1 | 4 ساعات - SCMT 102 | تفاضل وتكامل-1 | 3 ساعات - SCPH 101 | فيزياء عامه-1 | 2 ساعات', '[program:BS-COEN-IT|level:BS-COEN-01|summary] (collection=degree_plans)\nالخطه الدراسيه البرنامج (الكود): BS-COEN-IT البرنامج (الاسم): هندسه الحاسب البرنامج (الاسم الكامل): بكالوريوس هندسه الحاسب المستوي (الكود): BS-COEN-01 المستوي (الاسم): المستوي 1 اجمالي ساعات البرنامج: 166 مقررات المستوي: - CECS 100 | المهارات الرقميه | 3 ساعات - CECS 111 | مقدمه برمجه | 3 ساعات - ELPR 130 | اللغه الانجليزيه-3 | 3 ساعات - SCMT 102 | تفاضل وتكامل-1 | 3 ساعات - SCPH 101 | فيزياء عامه -1 | 3 ساعات', '[program:BS-COEN-IT|level:BS-COEN-02|summary] (collection=degree_plans)\nالخطه الدراسيه البرنامج (الكود): BS-COEN-IT البرنامج (الاسم): هندسه الحاسب البرنامج (الاسم الكامل): بكالوريوس هندسه الحاسب المستوي (الكود): BS-COEN-02 المستوي (الاسم): المستوي 2 اجمالي ساعات البرنامج: 166 مقررات المستوي: - CECS 121 | برمجه شيئيه | 4 ساعات - CECS 122 | رياضيات متقطعه | 3 ساعات - CEDS 124 | مقدمه قواعد بيانات | 4 ساعات - ELPR 140 | اللغه الانجليزيه-٤ | 2 ساعات - SEPS 110 | م. الحياه الجامعيه و سوق العمل | 2 ساعات', '[program:BS-COSC-IT|level:BS-COSC-02|summary] (collection=degree_plans)\nالخطه الدراسيه البرنامج (الكود): BS-COSC-IT البرنامج (الاسم): علوم الحاسب البرنامج (الاسم الكامل): بكالوريوس علوم الحاسب المستوي (الكود): BS-COSC-02 المستوي (الاسم): المستوي 2 اجمالي ساعات البرنامج: 168 مقررات المستوي: - CECS 121 | برمجه شيئيه | 4 ساعات - CECS 122 | رياضيات متقطعه | 3 ساعات - CEDS 124 | مقدمه قواعد بيانات | 3 ساعات - ELPR 140 | اللغه الانجليزيه-2 | 3 ساعات - SEPS 110 | م. الحياه الجامعيه و سوق العمل | 2 ساعات', '[program:BS-COSC-IT|level:BS-COSC-04|summary] (collection=degree_plans)\nالخطه الدراسيه البرنامج (الكود): BS-COSC-IT البرنامج (الاسم): علوم الحاسب البرنامج (الاسم الكامل): بكالوريوس علوم الحاسب المستوي (الكود): BS-COSC-04 المستوي (الاسم): المستوي 4 اجمالي ساعات البرنامج: 168 مقررات المستوي: - CECS 221 | البرمجه المرئيه | 4 ساعات - ISLM 100 | ثقافه اسلاميه-1 | 2 ساعات - SCMT 212 | تفاضل وتكامل-3 | 3 ساعات - SCMT 221 | جير خطي | 3 ساعات - SCPH 211 | فيزياء عامه-2 | 4 ساعات']",10,True,False,False,True,ما متطلبات التخصيص وعدد الساعات المطلوبة لتخصص علوم الحاسب؟,,[],,Q046,specialization,requirements,medium,SpecializationGuide,SpecializationGuide.json | major: requirements,ما متطلبات التخصيص وعدد الساعات المطلوبة لتخصص علوم الحاسب؟,"['[major:MAJ_computer_science|row:14] (collection=specialization)\nالتخصص: علوم الحاسب معرف التخصص: MAJ_computer_science الكليه: كليه علوم وهندسه الحاسب معرف الكليه: COL_computing الساعات المطلوبه قبل التخصيص: 27 المتطلبات: CECS 121, CECS 122', '[major:MAJ_network_eng|row:13] (collection=specialization)\nالتخصص: هندسه الحاسب والشبكات معرف التخصص: MAJ_network_eng الكليه: كليه علوم وهندسه الحاسب معرف الكليه: COL_computing الساعات المطلوبه قبل التخصيص: 27 المتطلبات: CECS 121, CECS 122', '[major:MAJ_cybersecurity|row:9] (collection=specialization)\nالتخصص: الامن السيبراني معرف التخصص: MAJ_cybersecurity الكليه: كليه علوم وهندسه الحاسب معرف الكليه: COL_computing الساعات المطلوبه قبل التخصيص: 27 المتطلبات: CECS 121, CECS 122', '[major:MAJ_data_science|row:11] (collection=specialization)\nالتخصص: علوم البيانات معرف التخصص: MAJ_data_science الكليه: كليه علوم وهندسه الحاسب معرف الكليه: COL_computing الساعات المطلوبه قبل التخصيص: 27 المتطلبات: CECS 121, CECS 122', '[major:MAJ_software_eng|row:12] (collection=specialization)\nالتخصص: هندسه البرمجيات معرف التخصص: MAJ_software_eng الكليه: كليه علوم وهندسه الحاسب معرف الكليه: COL_computing الساعات المطلوبه قبل التخصيص: 27 المتطلبات: CECS 121, CECS 122', '[program:BS-COSC-IT|level:BS-COSC-01|summary] (collection=degree_plans)\nالخطه الدراسيه البرنامج (الكود): BS-COSC-IT البرنامج (الاسم): علوم الحاسب البرنامج (الاسم الكامل): بكالوريوس علوم الحاسب المستوي (الكود): BS-COSC-01 المستوي (الاسم): المستوي 1 اجمالي ساعات البرنامج: 168 مقررات المستوي: - CECS 100 | المهارات الرقميه | 3 ساعات - CECS 111 | مقدمه برمجيه | 3 ساعات - ELPR 130 | اللغه الانجليزيه-1 | 4 ساعات - SCMT 102 | تفاضل وتكامل-1 | 3 ساعات - SCPH 101 | فيزياء عامه-1 | 2 ساعات', '[program:BS-COEN-IT|level:BS-COEN-01|summary] (collection=degree_plans)\nالخطه الدراسيه البرنامج (الكود): BS-COEN-IT البرنامج (الاسم): هندسه الحاسب البرنامج (الاسم الكامل): بكالوريوس هندسه الحاسب المستوي (الكود): BS-COEN-01 المستوي (الاسم): المستوي 1 اجمالي ساعات البرنامج: 166 مقررات المستوي: - CECS 100 | المهارات الرقميه | 3 ساعات - CECS 111 | مقدمه برمجه | 3 ساعات - ELPR 130 | اللغه الانجليزيه-3 | 3 ساعات - SCMT 102 | تفاضل وتكامل-1 | 3 ساعات - SCPH 101 | فيزياء عامه -1 | 3 ساعات', '[program:BS-COEN-IT|level:BS-COEN-02|summary] (collection=degree_plans)\nالخطه الدراسيه البرنامج (الكود): BS-COEN-IT البرنامج (الاسم): هندسه الحاسب البرنامج (الاسم الكامل): بكالوريوس هندسه الحاسب المستوي (الكود): BS-COEN-02 المستوي (الاسم): المستوي 2 اجمالي ساعات البرنامج: 166 مقررات المستوي: - CECS 121 | برمجه شيئيه | 4 ساعات - CECS 122 | رياضيات متقطعه | 3 ساعات - CEDS 124 | مقدمه قواعد بيانات | 4 ساعات - ELPR 140 | اللغه الانجليزيه-٤ | 2 ساعات - SEPS 110 | م. الحياه الجامعيه و سوق العمل | 2 ساعات', '[program:BS-COSC-IT|level:BS-COSC-02|summary] (collection=degree_plans)\nالخطه الدراسيه البرنامج (الكود): BS-COSC-IT البرنامج (الاسم): علوم الحاسب البرنامج (الاسم الكامل): بكالوريوس علوم الحاسب المستوي (الكود): BS-COSC-02 المستوي (الاسم): المستوي 2 اجمالي ساعات البرنامج: 168 مقررات المستوي: - CECS 121 | برمجه شيئيه | 4 ساعات - CECS 122 | رياضيات متقطعه | 3 ساعات - CEDS 124 | مقدمه قواعد بيانات | 3 ساعات - ELPR 140 | اللغه الانجليزيه-2 | 3 ساعات - SEPS 110 | م. الحياه الجامعيه و سوق العمل | 2 ساعات', '[program:BS-COSC-IT|level:BS-COSC-04|summary] (collection=degree_plans)\nالخطه الدراسيه البرنامج (الكود): BS-COSC-IT البرنامج (الاسم): علوم الحاسب البرنامج (الاسم الكامل): بكالوريوس علوم الحاسب المستوي (الكود): BS-COSC-04 المستوي (الاسم): المستوي 4 اجمالي ساعات البرنامج: 168 مقررات المستوي: - CECS 221 | البرمجه المرئيه | 4 ساعات - ISLM 100 | ثقافه اسلاميه-1 | 2 ساعات - SCMT 212 | تفاضل وتكامل-3 | 3 ساعات - SCMT 221 | جير خطي | 3 ساعات - SCPH 211 | فيزياء عامه-2 | 4 ساعات']","متطلبات التخصيص لتخصص علوم الحاسب هي:

- الساعات المطلوبة قبل التخصيص: 27 ساعة.
- المتطلبات: CECS 121 (برمجة شيئية) وCECS 122 (رياضيات متقطعة).

لذا، يجب على الطالب إكمال 27 ساعة من المقررات المطلوبة قبل التخصيص.",متطلبات التخصيص لتخصص requirements: لا توجد متطلبات محددة مذكورة.,0.8306439869613658,0.0,1.0,0.0
إلى أي كلية ينتمي تخصص محاسبة في دليل التخصيص؟,ينتمي تخصص college mapping إلى .,تخصص محاسبة ينتمي إلى كلية الأعمال.,"['[major:MAJ_data_science|row:11] (collection=specialization)\nالتخصص: علوم البيانات معرف التخصص: MAJ_data_science الكليه: كليه علوم وهندسه الحاسب معرف الكليه: COL_computing الساعات المطلوبه قبل التخصيص: 27 المتطلبات: CECS 121, CECS 122', '[college:COL_business_khalis|row:8] (collection=specialization)\nكليه: كليه الاعمال بخليص معرف الكليه: COL_business_khalis التخصصات التابعه: محاسبه, الماليه والاقتصاد, اداره سلسله الامداد, اداره الاعمال (علمي), اداره الاعمال (انساني), التسويق, اداره الموارد البشريه, اداره نظم المعلومات, اداره الخدمات الصحيه والمستشفيات', '[major:MAJ_computer_science|row:14] (collection=specialization)\nالتخصص: علوم الحاسب معرف التخصص: MAJ_computer_science الكليه: كليه علوم وهندسه الحاسب معرف الكليه: COL_computing الساعات المطلوبه قبل التخصيص: 27 المتطلبات: CECS 121, CECS 122', '[page:38|article:1|part:0] (collection=regulations)\nرقم الصفحه: 38 العنوان: القاعده التنفيذيه للماده الثامنه و الاربعون المحتوي: بناءً علي الماده الثامنه والاربعين من اللائحه، تُحدد الشروط الاضافيه التاليه للتحويل من تخصص الي اخر داخل الكليه: 1) ان لا يقل المعدل التراكمي للطالب عن (3 من 5). 2) ان يكون التحويل مره واحده فقط. 3) ان لا يكون قد درس في تخصصه ما يزيد عن نصف متطلبات التخرج. 4) لعماده القبول والتسجيل بالتنسيق مع الكليه النظر في الحالات الاستثنائيه. 5) تقدم طلبات التحويل في الفتره المحدده في التقويم الجامعي لدي عماده القبول والتسجيل، وتعلن نتائج المقبولين طبقاً للمعايير والشروط والسعه التي تحددها الاقسام. 6) الا يكون الانتقال من قسم يتطلب السنه التحضيريه للعلوم الطبيعيه الي قسم يتطلب السنه التحضيريه للعلوم الانسانيه والعكس صحيح، ويُستثني من ذلك الاقسام التي تقبل المسارين المعتمدين في الخطط الدراسيه.', '[college:COL_business|row:7] (collection=specialization)\nكليه: كليه الاعمال معرف الكليه: COL_business التخصصات التابعه: محاسبه, الماليه والاقتصاد, اداره سلسله الامداد, اداره الاعمال (علمي), اداره الاعمال (انساني), اداره الخدمات الصحيه والمستشفيات, اداره الموارد البشريه, اداره نظم المعلومات, التسويق', '[major:MAJ_ai|row:10] (collection=specialization)\nالتخصص: الذكاء الاصطناعي معرف التخصص: MAJ_ai الكليه: كليه علوم وهندسه الحاسب معرف الكليه: COL_computing الساعات المطلوبه قبل التخصيص: 27 المتطلبات: CECS 121, CECS 122', '[major:MAJ_supply_chain|row:22] (collection=specialization)\nالتخصص: اداره سلسله الامداد معرف التخصص: MAJ_supply_chain الكليه: كليه الاعمال معرف الكليه: COL_business الساعات المطلوبه قبل التخصيص: 27 المتطلبات: غير مذكوره في هذا المصدر', '[major:MAJ_accounting|row:20] (collection=specialization)\nالتخصص: محاسبه معرف التخصص: MAJ_accounting الكليه: كليه الاعمال معرف الكليه: COL_business الساعات المطلوبه قبل التخصيص: 27 المتطلبات: BUAC 111, SCMT 110, SCST 121', '[college:COL_computing|row:3] (collection=specialization)\nكليه: كليه علوم وهندسه الحاسب معرف الكليه: COL_computing التخصصات التابعه: الامن السيبراني, الذكاء الاصطناعي, علوم البيانات, هندسه البرمجيات, هندسه الحاسب والشبكات, علوم الحاسب', '[page:24|section:0|part:0] (collection=regulations)\nعنوان الصفحه: الماده الحاديه والعشرون القسم: النص النظامي يجوز لمجلس الجامعه بناءً علي اقتراح الكليات اخذ الدراسه عن طريق الانتساب في بعض الكليات والتخصصات التي تسمح طبيعه الدراسه فيها بذلك. ويضع مجلس الجامعه القواعد والاجراءات المنظمه لذلك وفق الضوابط الاتيه: ا- الا يقل عدد الوحدات الدراسيه المطلوبه للتخرج للطالب المنتسب عن عدد الوحدات الدراسيه المطلوبه لتخرج الطالب المنتظم في التخصصات المتاحه للانتساب. ب- يعامل الطالب المنتسب من حيث القبول ورصد التقديرات والتحويل والفصل واعاده القيد وغيرها معامله الطالب المنتظم عدا حضور المحاضرات. ج- لمجلس الجامعه بناءً علي اقتراح مجالس الكليات وضع الضوابط اللازمه لتقييم اداء الطلاب المنتسبين. د- يثبت في السجل الاكاديمي ووثيقه التخرج والشهاده ما يفيد بان دراسه الطالب بالانتساب.']",10,True,False,False,True,إلى أي كلية ينتمي تخصص محاسبة في دليل التخصيص؟,,[],,Q047,specialization,college mapping,easy,SpecializationGuide,SpecializationGuide.json | major: college mapping,إلى أي كلية ينتمي تخصص محاسبة في دليل التخصيص؟,"['[major:MAJ_data_science|row:11] (collection=specialization)\nالتخصص: علوم البيانات معرف التخصص: MAJ_data_science الكليه: كليه علوم وهندسه الحاسب معرف الكليه: COL_computing الساعات المطلوبه قبل التخصيص: 27 المتطلبات: CECS 121, CECS 122', '[college:COL_business_khalis|row:8] (collection=specialization)\nكليه: كليه الاعمال بخليص معرف الكليه: COL_business_khalis التخصصات التابعه: محاسبه, الماليه والاقتصاد, اداره سلسله الامداد, اداره الاعمال (علمي), اداره الاعمال (انساني), التسويق, اداره الموارد البشريه, اداره نظم المعلومات, اداره الخدمات الصحيه والمستشفيات', '[major:MAJ_computer_science|row:14] (collection=specialization)\nالتخصص: علوم الحاسب معرف التخصص: MAJ_computer_science الكليه: كليه علوم وهندسه الحاسب معرف الكليه: COL_computing الساعات المطلوبه قبل التخصيص: 27 المتطلبات: CECS 121, CECS 122', '[page:38|article:1|part:0] (collection=regulations)\nرقم الصفحه: 38 العنوان: القاعده التنفيذيه للماده الثامنه و الاربعون المحتوي: بناءً علي الماده الثامنه والاربعين من اللائحه، تُحدد الشروط الاضافيه التاليه للتحويل من تخصص الي اخر داخل الكليه: 1) ان لا يقل المعدل التراكمي للطالب عن (3 من 5). 2) ان يكون التحويل مره واحده فقط. 3) ان لا يكون قد درس في تخصصه ما يزيد عن نصف متطلبات التخرج. 4) لعماده القبول والتسجيل بالتنسيق مع الكليه النظر في الحالات الاستثنائيه. 5) تقدم طلبات التحويل في الفتره المحدده في التقويم الجامعي لدي عماده القبول والتسجيل، وتعلن نتائج المقبولين طبقاً للمعايير والشروط والسعه التي تحددها الاقسام. 6) الا يكون الانتقال من قسم يتطلب السنه التحضيريه للعلوم الطبيعيه الي قسم يتطلب السنه التحضيريه للعلوم الانسانيه والعكس صحيح، ويُستثني من ذلك الاقسام التي تقبل المسارين المعتمدين في الخطط الدراسيه.', '[college:COL_business|row:7] (collection=specialization)\nكليه: كليه الاعمال معرف الكليه: COL_business التخصصات التابعه: محاسبه, الماليه والاقتصاد, اداره سلسله الامداد, اداره الاعمال (علمي), اداره الاعمال (انساني), اداره الخدمات الصحيه والمستشفيات, اداره الموارد البشريه, اداره نظم المعلومات, التسويق', '[major:MAJ_ai|row:10] (collection=specialization)\nالتخصص: الذكاء الاصطناعي معرف التخصص: MAJ_ai الكليه: كليه علوم وهندسه الحاسب معرف الكليه: COL_computing الساعات المطلوبه قبل التخصيص: 27 المتطلبات: CECS 121, CECS 122', '[major:MAJ_supply_chain|row:22] (collection=specialization)\nالتخصص: اداره سلسله الامداد معرف التخصص: MAJ_supply_chain الكليه: كليه الاعمال معرف الكليه: COL_business الساعات المطلوبه قبل التخصيص: 27 المتطلبات: غير مذكوره في هذا المصدر', '[major:MAJ_accounting|row:20] (collection=specialization)\nالتخصص: محاسبه معرف التخصص: MAJ_accounting الكليه: كليه الاعمال معرف الكليه: COL_business الساعات المطلوبه قبل التخصيص: 27 المتطلبات: BUAC 111, SCMT 110, SCST 121', '[college:COL_computing|row:3] (collection=specialization)\nكليه: كليه علوم وهندسه الحاسب معرف الكليه: COL_computing التخصصات التابعه: الامن السيبراني, الذكاء الاصطناعي, علوم البيانات, هندسه البرمجيات, هندسه الحاسب والشبكات, علوم الحاسب', '[page:24|section:0|part:0] (collection=regulations)\nعنوان الصفحه: الماده الحاديه والعشرون القسم: النص النظامي يجوز لمجلس الجامعه بناءً علي اقتراح الكليات اخذ الدراسه عن طريق الانتساب في بعض الكليات والتخصصات التي تسمح طبيعه الدراسه فيها بذلك. ويضع مجلس الجامعه القواعد والاجراءات المنظمه لذلك وفق الضوابط الاتيه: ا- الا يقل عدد الوحدات الدراسيه المطلوبه للتخرج للطالب المنتسب عن عدد الوحدات الدراسيه المطلوبه لتخرج الطالب المنتظم في التخصصات المتاحه للانتساب. ب- يعامل الطالب المنتسب من حيث القبول ورصد التقديرات والتحويل والفصل واعاده القيد وغيرها معامله الطالب المنتظم عدا حضور المحاضرات. ج- لمجلس الجامعه بناءً علي اقتراح مجالس الكليات وضع الضوابط اللازمه لتقييم اداء الطلاب المنتسبين. د- يثبت في السجل الاكاديمي ووثيقه التخرج والشهاده ما يفيد بان دراسه الطالب بالانتساب.']",تخصص محاسبة ينتمي إلى كلية الأعمال.,ينتمي تخصص college mapping إلى .,0.81869983943636,0.0,1.0,0.0
إلى أي كلية ينتمي تخصص المالية والاقتصاد في دليل التخصيص؟,ينتمي تخصص college mapping إلى .,تخصص المالية والاقتصاد ينتمي إلى كلية الأعمال.,"['[major:MAJ_finance|row:21] (collection=specialization)\nالتخصص: الماليه والاقتصاد معرف التخصص: MAJ_finance الكليه: كليه الاعمال معرف الكليه: COL_business الساعات المطلوبه قبل التخصيص: 27 المتطلبات: SCMT 110, SCST 121, BUFE 121', '[college:COL_business|row:7] (collection=specialization)\nكليه: كليه الاعمال معرف الكليه: COL_business التخصصات التابعه: محاسبه, الماليه والاقتصاد, اداره سلسله الامداد, اداره الاعمال (علمي), اداره الاعمال (انساني), اداره الخدمات الصحيه والمستشفيات, اداره الموارد البشريه, اداره نظم المعلومات, التسويق', '[college:COL_business_khalis|row:8] (collection=specialization)\nكليه: كليه الاعمال بخليص معرف الكليه: COL_business_khalis التخصصات التابعه: محاسبه, الماليه والاقتصاد, اداره سلسله الامداد, اداره الاعمال (علمي), اداره الاعمال (انساني), التسويق, اداره الموارد البشريه, اداره نظم المعلومات, اداره الخدمات الصحيه والمستشفيات', '[chunk_018|part:0] (collection=transfer_rules)\nبرنامج الماليه والاقتصاد (علمي) – شروط التحويل: SCMT 110 (≥80)، SCST 121 (≥80)، BUFE 121 (≥70).', '[major:MAJ_business_admin_scientific|row:23] (collection=specialization)\nالتخصص: اداره الاعمال (علمي) معرف التخصص: MAJ_business_admin_scientific الكليه: كليه الاعمال معرف الكليه: COL_business الساعات المطلوبه قبل التخصيص: غير مذكوره المتطلبات: غير مذكوره في هذا المصدر', '[major:MAJ_hr|row:27] (collection=specialization)\nالتخصص: اداره الموارد البشريه معرف التخصص: MAJ_hr الكليه: كليه الاعمال معرف الكليه: COL_business الساعات المطلوبه قبل التخصيص: غير مذكوره المتطلبات: غير مذكوره في هذا المصدر', '[major:MAJ_accounting|row:20] (collection=specialization)\nالتخصص: محاسبه معرف التخصص: MAJ_accounting الكليه: كليه الاعمال معرف الكليه: COL_business الساعات المطلوبه قبل التخصيص: 27 المتطلبات: BUAC 111, SCMT 110, SCST 121', '[major:MAJ_supply_chain|row:22] (collection=specialization)\nالتخصص: اداره سلسله الامداد معرف التخصص: MAJ_supply_chain الكليه: كليه الاعمال معرف الكليه: COL_business الساعات المطلوبه قبل التخصيص: 27 المتطلبات: غير مذكوره في هذا المصدر', '[major:MAJ_business_admin_humanities|row:24] (collection=specialization)\nالتخصص: اداره الاعمال (انساني) معرف التخصص: MAJ_business_admin_humanities الكليه: كليه الاعمال معرف الكليه: COL_business الساعات المطلوبه قبل التخصيص: غير مذكوره المتطلبات: غير مذكوره في هذا المصدر', '[major:MAJ_data_science|row:11] (collection=specialization)\nالتخصص: علوم البيانات معرف التخصص: MAJ_data_science الكليه: كليه علوم وهندسه الحاسب معرف الكليه: COL_computing الساعات المطلوبه قبل التخصيص: 27 المتطلبات: CECS 121, CECS 122']",10,True,False,False,True,إلى أي كلية ينتمي تخصص المالية والاقتصاد في دليل التخصيص؟,,[],,Q048,specialization,college mapping,easy,SpecializationGuide,SpecializationGuide.json | major: college mapping,إلى أي كلية ينتمي تخصص المالية والاقتصاد في دليل التخصيص؟,"['[major:MAJ_finance|row:21] (collection=specialization)\nالتخصص: الماليه والاقتصاد معرف التخصص: MAJ_finance الكليه: كليه الاعمال معرف الكليه: COL_business الساعات المطلوبه قبل التخصيص: 27 المتطلبات: SCMT 110, SCST 121, BUFE 121', '[college:COL_business|row:7] (collection=specialization)\nكليه: كليه الاعمال معرف الكليه: COL_business التخصصات التابعه: محاسبه, الماليه والاقتصاد, اداره سلسله الامداد, اداره الاعمال (علمي), اداره الاعمال (انساني), اداره الخدمات الصحيه والمستشفيات, اداره الموارد البشريه, اداره نظم المعلومات, التسويق', '[college:COL_business_khalis|row:8] (collection=specialization)\nكليه: كليه الاعمال بخليص معرف الكليه: COL_business_khalis التخصصات التابعه: محاسبه, الماليه والاقتصاد, اداره سلسله الامداد, اداره الاعمال (علمي), اداره الاعمال (انساني), التسويق, اداره الموارد البشريه, اداره نظم المعلومات, اداره الخدمات الصحيه والمستشفيات', '[chunk_018|part:0] (collection=transfer_rules)\nبرنامج الماليه والاقتصاد (علمي) – شروط التحويل: SCMT 110 (≥80)، SCST 121 (≥80)، BUFE 121 (≥70).', '[major:MAJ_business_admin_scientific|row:23] (collection=specialization)\nالتخصص: اداره الاعمال (علمي) معرف التخصص: MAJ_business_admin_scientific الكليه: كليه الاعمال معرف الكليه: COL_business الساعات المطلوبه قبل التخصيص: غير مذكوره المتطلبات: غير مذكوره في هذا المصدر', '[major:MAJ_hr|row:27] (collection=specialization)\nالتخصص: اداره الموارد البشريه معرف التخصص: MAJ_hr الكليه: كليه الاعمال معرف الكليه: COL_business الساعات المطلوبه قبل التخصيص: غير مذكوره المتطلبات: غير مذكوره في هذا المصدر', '[major:MAJ_accounting|row:20] (collection=specialization)\nالتخصص: محاسبه معرف التخصص: MAJ_accounting الكليه: كليه الاعمال معرف الكليه: COL_business الساعات المطلوبه قبل التخصيص: 27 المتطلبات: BUAC 111, SCMT 110, SCST 121', '[major:MAJ_supply_chain|row:22] (collection=specialization)\nالتخصص: اداره سلسله الامداد معرف التخصص: MAJ_supply_chain الكليه: كليه الاعمال معرف الكليه: COL_business الساعات المطلوبه قبل التخصيص: 27 المتطلبات: غير مذكوره في هذا المصدر', '[major:MAJ_business_admin_humanities|row:24] (collection=specialization)\nالتخصص: اداره الاعمال (انساني) معرف التخصص: MAJ_business_admin_humanities الكليه: كليه الاعمال معرف الكليه: COL_business الساعات المطلوبه قبل التخصيص: غير مذكوره المتطلبات: غير مذكوره في هذا المصدر', '[major:MAJ_data_science|row:11] (collection=specialization)\nالتخصص: علوم البيانات معرف التخصص: MAJ_data_science الكليه: كليه علوم وهندسه الحاسب معرف الكليه: COL_computing الساعات المطلوبه قبل التخصيص: 27 المتطلبات: CECS 121, CECS 122']",تخصص المالية والاقتصاد ينتمي إلى كلية الأعمال.,ينتمي تخصص college mapping إلى .,0.8651179574826844,0.0,1.0,0.0
إلى أي كلية ينتمي تخصص إدارة سلسلة الإمداد في دليل التخصيص؟,ينتمي تخصص college mapping إلى .,تخصص إدارة سلسلة الإمداد ينتمي إلى كلية الأعمال.,"['[major:MAJ_supply_chain|row:22] (collection=specialization)\nالتخصص: اداره سلسله الامداد معرف التخصص: MAJ_supply_chain الكليه: كليه الاعمال معرف الكليه: COL_business الساعات المطلوبه قبل التخصيص: 27 المتطلبات: غير مذكوره في هذا المصدر', '[chunk_019|part:0] (collection=transfer_rules)\nاداره سلسله الامداد (علمي) – مواد معياريه مطلوبه: SCMT 110، SCST 121، BUSC 121 (≥80).', '[college:COL_business|row:7] (collection=specialization)\nكليه: كليه الاعمال معرف الكليه: COL_business التخصصات التابعه: محاسبه, الماليه والاقتصاد, اداره سلسله الامداد, اداره الاعمال (علمي), اداره الاعمال (انساني), اداره الخدمات الصحيه والمستشفيات, اداره الموارد البشريه, اداره نظم المعلومات, التسويق', '[college:COL_business_khalis|row:8] (collection=specialization)\nكليه: كليه الاعمال بخليص معرف الكليه: COL_business_khalis التخصصات التابعه: محاسبه, الماليه والاقتصاد, اداره سلسله الامداد, اداره الاعمال (علمي), اداره الاعمال (انساني), التسويق, اداره الموارد البشريه, اداره نظم المعلومات, اداره الخدمات الصحيه والمستشفيات', '[college:COL_engineering|row:2] (collection=specialization)\nكليه: كليه الهندسه معرف الكليه: COL_engineering التخصصات التابعه: الهندسه الصناعيه وهندسه النظم, الهندسه الكهربائيه والالكترونيه, الهندسه الميكانيكيه وهندسه المواد, هندسه المواد, الهندسه الكيميائيه', '[major:MAJ_mis|row:26] (collection=specialization)\nالتخصص: اداره نظم المعلومات معرف التخصص: MAJ_mis الكليه: كليه الاعمال معرف الكليه: COL_business الساعات المطلوبه قبل التخصيص: غير مذكوره المتطلبات: غير مذكوره في هذا المصدر', '[program:BS-COEN-IT|level:BS-COEN-07|summary] (collection=degree_plans)\nالخطه الدراسيه البرنامج (الكود): BS-COEN-IT البرنامج (الاسم): هندسه الحاسب البرنامج (الاسم الكامل): بكالوريوس هندسه الحاسب المستوي (الكود): BS-COEN-07 المستوي (الاسم): المستوي 7 اجمالي ساعات البرنامج: 166 مقررات المستوي: - BCSC 100 | مقدمه في الاداره اللوجستيه | 2 ساعات - CECN 411 | معالجات دقيقه | 4 ساعات - CECY 384 | التشفير وامن الشبكات | 4 ساعات - CESW 382 | اداره مشاريع البرمجيات | 4 ساعات - ISLM 300 | ثقافه اسلاميه-3 | 2 ساعات', '[program:BS-ARIN-IT|elective:CEAI 439|row:8] (collection=electives)\nمقرر اختياري البرنامج (الكود): BS-ARIN-IT البرنامج (الاسم): الذكاء الاصطناعي البرنامج (الاسم الكامل): بكالوريوس الذكاء الاصطناعي الكود: CEAI 439 الاسم عربي: تطبيقات الذكاء الاصطناعي في اللوجستيات وسلاسل الامداد الاسم انجليزي: AI Applications in Logistics and Supply Chain الوحدات: 4 المتطلبات السابقه (رموز): BCSC 100, CEAI 321 ملاحظات: Elective — can be taken at any level once prerequisites are met.', '[major:MAJ_hr|row:27] (collection=specialization)\nالتخصص: اداره الموارد البشريه معرف التخصص: MAJ_hr الكليه: كليه الاعمال معرف الكليه: COL_business الساعات المطلوبه قبل التخصيص: غير مذكوره المتطلبات: غير مذكوره في هذا المصدر', '[row:7|part:0] (collection=academic_calendar)\nحدث اكاديمي: تقديم طلبات التخصيص والتحويل في الكليات (ODUS PLUS) بدايه: 2026-02-24 نهايه: 2026-05-16']",10,True,False,False,True,إلى أي كلية ينتمي تخصص إدارة سلسلة الإمداد في دليل التخصيص؟,,[],,Q049,specialization,college mapping,easy,SpecializationGuide,SpecializationGuide.json | major: college mapping,إلى أي كلية ينتمي تخصص إدارة سلسلة الإمداد في دليل التخصيص؟,"['[major:MAJ_supply_chain|row:22] (collection=specialization)\nالتخصص: اداره سلسله الامداد معرف التخصص: MAJ_supply_chain الكليه: كليه الاعمال معرف الكليه: COL_business الساعات المطلوبه قبل التخصيص: 27 المتطلبات: غير مذكوره في هذا المصدر', '[chunk_019|part:0] (collection=transfer_rules)\nاداره سلسله الامداد (علمي) – مواد معياريه مطلوبه: SCMT 110، SCST 121، BUSC 121 (≥80).', '[college:COL_business|row:7] (collection=specialization)\nكليه: كليه الاعمال معرف الكليه: COL_business التخصصات التابعه: محاسبه, الماليه والاقتصاد, اداره سلسله الامداد, اداره الاعمال (علمي), اداره الاعمال (انساني), اداره الخدمات الصحيه والمستشفيات, اداره الموارد البشريه, اداره نظم المعلومات, التسويق', '[college:COL_business_khalis|row:8] (collection=specialization)\nكليه: كليه الاعمال بخليص معرف الكليه: COL_business_khalis التخصصات التابعه: محاسبه, الماليه والاقتصاد, اداره سلسله الامداد, اداره الاعمال (علمي), اداره الاعمال (انساني), التسويق, اداره الموارد البشريه, اداره نظم المعلومات, اداره الخدمات الصحيه والمستشفيات', '[college:COL_engineering|row:2] (collection=specialization)\nكليه: كليه الهندسه معرف الكليه: COL_engineering التخصصات التابعه: الهندسه الصناعيه وهندسه النظم, الهندسه الكهربائيه والالكترونيه, الهندسه الميكانيكيه وهندسه المواد, هندسه المواد, الهندسه الكيميائيه', '[major:MAJ_mis|row:26] (collection=specialization)\nالتخصص: اداره نظم المعلومات معرف التخصص: MAJ_mis الكليه: كليه الاعمال معرف الكليه: COL_business الساعات المطلوبه قبل التخصيص: غير مذكوره المتطلبات: غير مذكوره في هذا المصدر', '[program:BS-COEN-IT|level:BS-COEN-07|summary] (collection=degree_plans)\nالخطه الدراسيه البرنامج (الكود): BS-COEN-IT البرنامج (الاسم): هندسه الحاسب البرنامج (الاسم الكامل): بكالوريوس هندسه الحاسب المستوي (الكود): BS-COEN-07 المستوي (الاسم): المستوي 7 اجمالي ساعات البرنامج: 166 مقررات المستوي: - BCSC 100 | مقدمه في الاداره اللوجستيه | 2 ساعات - CECN 411 | معالجات دقيقه | 4 ساعات - CECY 384 | التشفير وامن الشبكات | 4 ساعات - CESW 382 | اداره مشاريع البرمجيات | 4 ساعات - ISLM 300 | ثقافه اسلاميه-3 | 2 ساعات', '[program:BS-ARIN-IT|elective:CEAI 439|row:8] (collection=electives)\nمقرر اختياري البرنامج (الكود): BS-ARIN-IT البرنامج (الاسم): الذكاء الاصطناعي البرنامج (الاسم الكامل): بكالوريوس الذكاء الاصطناعي الكود: CEAI 439 الاسم عربي: تطبيقات الذكاء الاصطناعي في اللوجستيات وسلاسل الامداد الاسم انجليزي: AI Applications in Logistics and Supply Chain الوحدات: 4 المتطلبات السابقه (رموز): BCSC 100, CEAI 321 ملاحظات: Elective — can be taken at any level once prerequisites are met.', '[major:MAJ_hr|row:27] (collection=specialization)\nالتخصص: اداره الموارد البشريه معرف التخصص: MAJ_hr الكليه: كليه الاعمال معرف الكليه: COL_business الساعات المطلوبه قبل التخصيص: غير مذكوره المتطلبات: غير مذكوره في هذا المصدر', '[row:7|part:0] (collection=academic_calendar)\nحدث اكاديمي: تقديم طلبات التخصيص والتحويل في الكليات (ODUS PLUS) بدايه: 2026-02-24 نهايه: 2026-05-16']",تخصص إدارة سلسلة الإمداد ينتمي إلى كلية الأعمال.,ينتمي تخصص college mapping إلى .,0.8958523318662938,0.0,1.0,0.0
إلى أي كلية ينتمي تخصص إدارة الأعمال (علمي) في دليل التخصيص؟,ينتمي تخصص college mapping إلى .,تخصص إدارة الأعمال (علمي) ينتمي إلى كلية الأعمال.,"['[major:MAJ_business_admin_scientific|row:23] (collection=specialization)\nالتخصص: اداره الاعمال (علمي) معرف التخصص: MAJ_business_admin_scientific الكليه: كليه الاعمال معرف الكليه: COL_business الساعات المطلوبه قبل التخصيص: غير مذكوره المتطلبات: غير مذكوره في هذا المصدر', '[college:COL_business|row:7] (collection=specialization)\nكليه: كليه الاعمال معرف الكليه: COL_business التخصصات التابعه: محاسبه, الماليه والاقتصاد, اداره سلسله الامداد, اداره الاعمال (علمي), اداره الاعمال (انساني), اداره الخدمات الصحيه والمستشفيات, اداره الموارد البشريه, اداره نظم المعلومات, التسويق', '[major:MAJ_business_admin_humanities|row:24] (collection=specialization)\nالتخصص: اداره الاعمال (انساني) معرف التخصص: MAJ_business_admin_humanities الكليه: كليه الاعمال معرف الكليه: COL_business الساعات المطلوبه قبل التخصيص: غير مذكوره المتطلبات: غير مذكوره في هذا المصدر', '[major:MAJ_hr|row:27] (collection=specialization)\nالتخصص: اداره الموارد البشريه معرف التخصص: MAJ_hr الكليه: كليه الاعمال معرف الكليه: COL_business الساعات المطلوبه قبل التخصيص: غير مذكوره المتطلبات: غير مذكوره في هذا المصدر', '[college:COL_business_khalis|row:8] (collection=specialization)\nكليه: كليه الاعمال بخليص معرف الكليه: COL_business_khalis التخصصات التابعه: محاسبه, الماليه والاقتصاد, اداره سلسله الامداد, اداره الاعمال (علمي), اداره الاعمال (انساني), التسويق, اداره الموارد البشريه, اداره نظم المعلومات, اداره الخدمات الصحيه والمستشفيات', '[major:MAJ_mis|row:26] (collection=specialization)\nالتخصص: اداره نظم المعلومات معرف التخصص: MAJ_mis الكليه: كليه الاعمال معرف الكليه: COL_business الساعات المطلوبه قبل التخصيص: غير مذكوره المتطلبات: غير مذكوره في هذا المصدر', '[major:MAJ_supply_chain|row:22] (collection=specialization)\nالتخصص: اداره سلسله الامداد معرف التخصص: MAJ_supply_chain الكليه: كليه الاعمال معرف الكليه: COL_business الساعات المطلوبه قبل التخصيص: 27 المتطلبات: غير مذكوره في هذا المصدر', '[major:MAJ_health_services_admin|row:25] (collection=specialization)\nالتخصص: اداره الخدمات الصحيه والمستشفيات معرف التخصص: MAJ_health_services_admin الكليه: كليه الاعمال معرف الكليه: COL_business الساعات المطلوبه قبل التخصيص: غير مذكوره المتطلبات: غير مذكوره في هذا المصدر', '[major:MAJ_graphic_design_scientific|row:18] (collection=specialization)\nالتخصص: تصميم الجرافيك (علمي) معرف التخصص: MAJ_graphic_design_scientific الكليه: كليه التصاميم والفنون معرف الكليه: COL_design الساعات المطلوبه قبل التخصيص: غير مذكوره المتطلبات: غير مذكوره في هذا المصدر', '[chunk_020|part:0] (collection=transfer_rules)\nاداره الاعمال (علمي–انساني) – شرط التحويل: اجتياز BUBA 111.']",10,True,False,False,True,إلى أي كلية ينتمي تخصص إدارة الأعمال (علمي) في دليل التخصيص؟,,[],,Q050,specialization,college mapping,easy,SpecializationGuide,SpecializationGuide.json | major: college mapping,إلى أي كلية ينتمي تخصص إدارة الأعمال (علمي) في دليل التخصيص؟,"['[major:MAJ_business_admin_scientific|row:23] (collection=specialization)\nالتخصص: اداره الاعمال (علمي) معرف التخصص: MAJ_business_admin_scientific الكليه: كليه الاعمال معرف الكليه: COL_business الساعات المطلوبه قبل التخصيص: غير مذكوره المتطلبات: غير مذكوره في هذا المصدر', '[college:COL_business|row:7] (collection=specialization)\nكليه: كليه الاعمال معرف الكليه: COL_business التخصصات التابعه: محاسبه, الماليه والاقتصاد, اداره سلسله الامداد, اداره الاعمال (علمي), اداره الاعمال (انساني), اداره الخدمات الصحيه والمستشفيات, اداره الموارد البشريه, اداره نظم المعلومات, التسويق', '[major:MAJ_business_admin_humanities|row:24] (collection=specialization)\nالتخصص: اداره الاعمال (انساني) معرف التخصص: MAJ_business_admin_humanities الكليه: كليه الاعمال معرف الكليه: COL_business الساعات المطلوبه قبل التخصيص: غير مذكوره المتطلبات: غير مذكوره في هذا المصدر', '[major:MAJ_hr|row:27] (collection=specialization)\nالتخصص: اداره الموارد البشريه معرف التخصص: MAJ_hr الكليه: كليه الاعمال معرف الكليه: COL_business الساعات المطلوبه قبل التخصيص: غير مذكوره المتطلبات: غير مذكوره في هذا المصدر', '[college:COL_business_khalis|row:8] (collection=specialization)\nكليه: كليه الاعمال بخليص معرف الكليه: COL_business_khalis التخصصات التابعه: محاسبه, الماليه والاقتصاد, اداره سلسله الامداد, اداره الاعمال (علمي), اداره الاعمال (انساني), التسويق, اداره الموارد البشريه, اداره نظم المعلومات, اداره الخدمات الصحيه والمستشفيات', '[major:MAJ_mis|row:26] (collection=specialization)\nالتخصص: اداره نظم المعلومات معرف التخصص: MAJ_mis الكليه: كليه الاعمال معرف الكليه: COL_business الساعات المطلوبه قبل التخصيص: غير مذكوره المتطلبات: غير مذكوره في هذا المصدر', '[major:MAJ_supply_chain|row:22] (collection=specialization)\nالتخصص: اداره سلسله الامداد معرف التخصص: MAJ_supply_chain الكليه: كليه الاعمال معرف الكليه: COL_business الساعات المطلوبه قبل التخصيص: 27 المتطلبات: غير مذكوره في هذا المصدر', '[major:MAJ_health_services_admin|row:25] (collection=specialization)\nالتخصص: اداره الخدمات الصحيه والمستشفيات معرف التخصص: MAJ_health_services_admin الكليه: كليه الاعمال معرف الكليه: COL_business الساعات المطلوبه قبل التخصيص: غير مذكوره المتطلبات: غير مذكوره في هذا المصدر', '[major:MAJ_graphic_design_scientific|row:18] (collection=specialization)\nالتخصص: تصميم الجرافيك (علمي) معرف التخصص: MAJ_graphic_design_scientific الكليه: كليه التصاميم والفنون معرف الكليه: COL_design الساعات المطلوبه قبل التخصيص: غير مذكوره المتطلبات: غير مذكوره في هذا المصدر', '[chunk_020|part:0] (collection=transfer_rules)\nاداره الاعمال (علمي–انساني) – شرط التحويل: اجتياز BUBA 111.']",تخصص إدارة الأعمال (علمي) ينتمي إلى كلية الأعمال.,ينتمي تخصص college mapping إلى .,0.8387325568451832,0.0,1.0,0.0
ما وصف نادي AI Club UJ وما مجاله؟,AI Club UJ هو نادي في مجال Artificial Intelligence / Technology، ووصفه: نرحب بجميع أصدقائنا في نادي الذكاء الاصطناعي بجامعة جدة. رؤيتنا هي أن يكون النادي وجهة مفضلة للطلاب الباحثين للتعلم والنمو وتبادل الأفكار حول الذكاء الاصطناعي.,نادي AI Club UJ هو نادي طلابي يركز على الذكاء الاصطناعي والتكنولوجيا. يرحب النادي بجميع الطلاب ويهدف إلى أن يكون وجهة مفضلة للباحثين للتعلم والنمو وتبادل الأفكار حول الذكاء الاصطناعي.,"['[program:BS-ARIN-IT|elective:CEAI 431|row:0] (collection=electives)\nمقرر اختياري البرنامج (الكود): BS-ARIN-IT البرنامج (الاسم): الذكاء الاصطناعي البرنامج (الاسم الكامل): بكالوريوس الذكاء الاصطناعي الكود: CEAI 431 الاسم عربي: نظم التوصيه الاسم انجليزي: Recommender Systems الوحدات: 4 المتطلبات السابقه (رموز): CEAI 321 ملاحظات: Elective — can be taken at any level once prerequisites are met.', '[program:BS-ARIN-IT|elective:CEAI 441|row:10] (collection=electives)\nمقرر اختياري البرنامج (الكود): BS-ARIN-IT البرنامج (الاسم): الذكاء الاصطناعي البرنامج (الاسم الكامل): بكالوريوس الذكاء الاصطناعي الكود: CEAI 441 الاسم عربي: موضوعات متقدمه في العمليات الاسم انجليزي: Topics in Applied Operational Research الوحدات: 4 المتطلبات السابقه (رموز): CEAI 322 ملاحظات: Elective — can be taken at any level once prerequisites are met.', '[program:BS-ARIN-IT|elective:CEAI 432|row:1] (collection=electives)\nمقرر اختياري البرنامج (الكود): BS-ARIN-IT البرنامج (الاسم): الذكاء الاصطناعي البرنامج (الاسم الكامل): بكالوريوس الذكاء الاصطناعي الكود: CEAI 432 الاسم عربي: تمثيل المعرفه والاستدلال الاسم انجليزي: Knowledge Representation and Reasoning الوحدات: 4 المتطلبات السابقه (رموز): CEAI 221 ملاحظات: Elective — can be taken at any level once prerequisites are met.', '[program:BS-ARIN-IT|elective:CECS 221|row:14] (collection=electives)\nمقرر اختياري البرنامج (الكود): BS-ARIN-IT البرنامج (الاسم): الذكاء الاصطناعي البرنامج (الاسم الكامل): بكالوريوس الذكاء الاصطناعي الكود: CECS 221 الاسم عربي: البرمجه المرئيه الاسم انجليزي: Visual Programming الوحدات: 4 المتطلبات السابقه (رموز): CECS 121 ملاحظات: Elective — can be taken at any level once prerequisites are met.', '[program:BS-ARIN-IT|elective:CECS 226|row:15] (collection=electives)\nمقرر اختياري البرنامج (الكود): BS-ARIN-IT البرنامج (الاسم): الذكاء الاصطناعي البرنامج (الاسم الكامل): بكالوريوس الذكاء الاصطناعي الكود: CECS 226 الاسم عربي: سهوله الاستخدام الاسم انجليزي: Usability Design الوحدات: 4 المتطلبات السابقه (رموز): CECS 121 ملاحظات: Elective — can be taken at any level once prerequisites are met.', '[program:BS-ARIN-IT|elective:CECS 219|row:19] (collection=electives)\nمقرر اختياري البرنامج (الكود): BS-ARIN-IT البرنامج (الاسم): الذكاء الاصطناعي البرنامج (الاسم الكامل): بكالوريوس الذكاء الاصطناعي الكود: CECS 219 الاسم عربي: برمجه بدون كود/ قليله الكود الاسم انجليزي: No Code / Low Code Programming الوحدات: 4 المتطلبات السابقه: لا يوجد ملاحظات: Elective — can be taken at any level once prerequisites are met.', '[program:BS-ARIN-IT|elective:CEAI 446|row:21] (collection=electives)\nمقرر اختياري البرنامج (الكود): BS-ARIN-IT البرنامج (الاسم): الذكاء الاصطناعي البرنامج (الاسم الكامل): بكالوريوس الذكاء الاصطناعي الكود: CEAI 446 الاسم عربي: مدخل في البيانات الضخمه الاسم انجليزي: Introduction to Big Data الوحدات: 4 المتطلبات السابقه (رموز): CEAI 321 ملاحظات: Elective — can be taken at any level once prerequisites are met.', '[club:club_002|row:1] (collection=clubs)\nنادي طلابي: AI Club UJ التصنيف: Artificial Intelligence / Technology الوصف: نرحب بجميع اصدقائنا في نادي الذكاء الاصطناعي بجامعه جده. رؤيتنا هي ان يكون النادي وجهه مفضله للطلاب الباحثين للتعلم والنمو وتبادل الافكار حول الذكاء الاصطناعي. واتساب: غير متوفر روابط: لا يوجد القواعد: لا توجد المصدر: manual_collection', '[program:BS-ARIN-IT|elective:CEAI 437|row:6] (collection=electives)\nمقرر اختياري البرنامج (الكود): BS-ARIN-IT البرنامج (الاسم): الذكاء الاصطناعي البرنامج (الاسم الكامل): بكالوريوس الذكاء الاصطناعي الكود: CEAI 437 الاسم عربي: تعلم الاله المتقدم الاسم انجليزي: Advanced Machine Learning الوحدات: 4 المتطلبات السابقه (رموز): CEAI 321 ملاحظات: Elective — can be taken at any level once prerequisites are met.', '[program:BS-ARIN-IT|elective:CEAI 444|row:17] (collection=electives)\nمقرر اختياري البرنامج (الكود): BS-ARIN-IT البرنامج (الاسم): الذكاء الاصطناعي البرنامج (الاسم الكامل): بكالوريوس الذكاء الاصطناعي الكود: CEAI 444 الاسم عربي: الحوسبه السحابيه الاسم انجليزي: Cloud Computing الوحدات: 4 المتطلبات السابقه (رموز): CECN 381 ملاحظات: Elective — can be taken at any level once prerequisites are met.']",10,True,False,False,True,ما وصف نادي AI Club UJ وما مجاله؟,,[],,Q052,clubs,AI Club UJ,easy,clubs.json,clubs.json | AI Club UJ,ما وصف نادي AI Club UJ وما مجاله؟,"['[program:BS-ARIN-IT|elective:CEAI 431|row:0] (collection=electives)\nمقرر اختياري البرنامج (الكود): BS-ARIN-IT البرنامج (الاسم): الذكاء الاصطناعي البرنامج (الاسم الكامل): بكالوريوس الذكاء الاصطناعي الكود: CEAI 431 الاسم عربي: نظم التوصيه الاسم انجليزي: Recommender Systems الوحدات: 4 المتطلبات السابقه (رموز): CEAI 321 ملاحظات: Elective — can be taken at any level once prerequisites are met.', '[program:BS-ARIN-IT|elective:CEAI 441|row:10] (collection=electives)\nمقرر اختياري البرنامج (الكود): BS-ARIN-IT البرنامج (الاسم): الذكاء الاصطناعي البرنامج (الاسم الكامل): بكالوريوس الذكاء الاصطناعي الكود: CEAI 441 الاسم عربي: موضوعات متقدمه في العمليات الاسم انجليزي: Topics in Applied Operational Research الوحدات: 4 المتطلبات السابقه (رموز): CEAI 322 ملاحظات: Elective — can be taken at any level once prerequisites are met.', '[program:BS-ARIN-IT|elective:CEAI 432|row:1] (collection=electives)\nمقرر اختياري البرنامج (الكود): BS-ARIN-IT البرنامج (الاسم): الذكاء الاصطناعي البرنامج (الاسم الكامل): بكالوريوس الذكاء الاصطناعي الكود: CEAI 432 الاسم عربي: تمثيل المعرفه والاستدلال الاسم انجليزي: Knowledge Representation and Reasoning الوحدات: 4 المتطلبات السابقه (رموز): CEAI 221 ملاحظات: Elective — can be taken at any level once prerequisites are met.', '[program:BS-ARIN-IT|elective:CECS 221|row:14] (collection=electives)\nمقرر اختياري البرنامج (الكود): BS-ARIN-IT البرنامج (الاسم): الذكاء الاصطناعي البرنامج (الاسم الكامل): بكالوريوس الذكاء الاصطناعي الكود: CECS 221 الاسم عربي: البرمجه المرئيه الاسم انجليزي: Visual Programming الوحدات: 4 المتطلبات السابقه (رموز): CECS 121 ملاحظات: Elective — can be taken at any level once prerequisites are met.', '[program:BS-ARIN-IT|elective:CECS 226|row:15] (collection=electives)\nمقرر اختياري البرنامج (الكود): BS-ARIN-IT البرنامج (الاسم): الذكاء الاصطناعي البرنامج (الاسم الكامل): بكالوريوس الذكاء الاصطناعي الكود: CECS 226 الاسم عربي: سهوله الاستخدام الاسم انجليزي: Usability Design الوحدات: 4 المتطلبات السابقه (رموز): CECS 121 ملاحظات: Elective — can be taken at any level once prerequisites are met.', '[program:BS-ARIN-IT|elective:CECS 219|row:19] (collection=electives)\nمقرر اختياري البرنامج (الكود): BS-ARIN-IT البرنامج (الاسم): الذكاء الاصطناعي البرنامج (الاسم الكامل): بكالوريوس الذكاء الاصطناعي الكود: CECS 219 الاسم عربي: برمجه بدون كود/ قليله الكود الاسم انجليزي: No Code / Low Code Programming الوحدات: 4 المتطلبات السابقه: لا يوجد ملاحظات: Elective — can be taken at any level once prerequisites are met.', '[program:BS-ARIN-IT|elective:CEAI 446|row:21] (collection=electives)\nمقرر اختياري البرنامج (الكود): BS-ARIN-IT البرنامج (الاسم): الذكاء الاصطناعي البرنامج (الاسم الكامل): بكالوريوس الذكاء الاصطناعي الكود: CEAI 446 الاسم عربي: مدخل في البيانات الضخمه الاسم انجليزي: Introduction to Big Data الوحدات: 4 المتطلبات السابقه (رموز): CEAI 321 ملاحظات: Elective — can be taken at any level once prerequisites are met.', '[club:club_002|row:1] (collection=clubs)\nنادي طلابي: AI Club UJ التصنيف: Artificial Intelligence / Technology الوصف: نرحب بجميع اصدقائنا في نادي الذكاء الاصطناعي بجامعه جده. رؤيتنا هي ان يكون النادي وجهه مفضله للطلاب الباحثين للتعلم والنمو وتبادل الافكار حول الذكاء الاصطناعي. واتساب: غير متوفر روابط: لا يوجد القواعد: لا توجد المصدر: manual_collection', '[program:BS-ARIN-IT|elective:CEAI 437|row:6] (collection=electives)\nمقرر اختياري البرنامج (الكود): BS-ARIN-IT البرنامج (الاسم): الذكاء الاصطناعي البرنامج (الاسم الكامل): بكالوريوس الذكاء الاصطناعي الكود: CEAI 437 الاسم عربي: تعلم الاله المتقدم الاسم انجليزي: Advanced Machine Learning الوحدات: 4 المتطلبات السابقه (رموز): CEAI 321 ملاحظات: Elective — can be taken at any level once prerequisites are met.', '[program:BS-ARIN-IT|elective:CEAI 444|row:17] (collection=electives)\nمقرر اختياري البرنامج (الكود): BS-ARIN-IT البرنامج (الاسم): الذكاء الاصطناعي البرنامج (الاسم الكامل): بكالوريوس الذكاء الاصطناعي الكود: CEAI 444 الاسم عربي: الحوسبه السحابيه الاسم انجليزي: Cloud Computing الوحدات: 4 المتطلبات السابقه (رموز): CECN 381 ملاحظات: Elective — can be taken at any level once prerequisites are met.']",نادي AI Club UJ هو نادي طلابي يركز على الذكاء الاصطناعي والتكنولوجيا. يرحب النادي بجميع الطلاب ويهدف إلى أن يكون وجهة مفضلة للباحثين للتعلم والنمو وتبادل الأفكار حول الذكاء الاصطناعي.,AI Club UJ هو نادي في مجال Artificial Intelligence / Technology، ووصفه: نرحب بجميع أصدقائنا في نادي الذكاء الاصطناعي بجامعة جدة. رؤيتنا هي أن يكون النادي وجهة مفضلة للطلاب الباحثين للتعلم والنمو وتبادل الأفكار حول الذكاء الاصطناعي.,0.9087302110153364,0.1249999999875,1.0,1.0
ما وصف نادي نادي علوم البيانات وما مجاله؟,نادي علوم البيانات هو نادي في مجال Data Science / Technology، ووصفه: مجتمع لتبادل الخبرات وتقديم النصائح في مجال تحليل البيانات. يمنع التسويق والإعلانات. العضوية مجانية.,نادي علوم البيانات هو مجتمع يهدف إلى تبادل الخبرات وتقديم النصائح في مجال تحليل البيانات. ينتمي النادي إلى تصنيف علوم البيانات والتكنولوجيا، ويمنع فيه التسويق والإعلانات. العضوية في النادي مجانية.,"['[club:club_004|row:3] (collection=clubs)\nنادي طلابي: نادي علوم البيانات التصنيف: Data Science / Technology الوصف: مجتمع لتبادل الخبرات وتقديم النصائح في مجال تحليل البيانات. يمنع التسويق والاعلانات. العضويه مجانيه. واتساب: غير متوفر روابط: لا يوجد القواعد: يمنع التسويق او الاعلانات | العضويه مجانيه المصدر: manual_collection', '[club:club_002|row:1] (collection=clubs)\nنادي طلابي: AI Club UJ التصنيف: Artificial Intelligence / Technology الوصف: نرحب بجميع اصدقائنا في نادي الذكاء الاصطناعي بجامعه جده. رؤيتنا هي ان يكون النادي وجهه مفضله للطلاب الباحثين للتعلم والنمو وتبادل الافكار حول الذكاء الاصطناعي. واتساب: غير متوفر روابط: لا يوجد القواعد: لا توجد المصدر: manual_collection', '[club:club_007|row:6] (collection=clubs)\nنادي طلابي: Cybersecurity Club UJ التصنيف: Cybersecurity / Technology الوصف: الصفحه الرسميه لنادي الامن السيبراني في كليه علوم وهندسه الحاسب بجامعه جده. واتساب: غير متوفر روابط: https://www.linkedin.com/company/cybersecurityclub-uj القواعد: لا توجد المصدر: manual_collection', '[club:club_006|row:5] (collection=clubs)\nنادي طلابي: فريق الالعاب الالكترونيه والواقع الافتراضي التصنيف: Gaming / VR / Software الوصف: فريق متخصص في تطوير الالعاب واستكشاف تقنيات الواقع الافتراضي والمعزز. واتساب: غير متوفر روابط: https://twitter.com/SESC_UJ القواعد: لا توجد المصدر: manual_collection', '[club:club_001|row:0] (collection=clubs)\nنادي طلابي: Drone Club UJ التصنيف: Technology / Engineering الوصف: نادي الدرونز في جامعه جده. يقدم التدريب والتوعيه والتطوير في مجال الطائرات بدون طيار. واتساب: https://chat.whatsapp.com/Cfh9qieSpbR1rPyEBUWw6q?mode=wwc روابط: https://linktr.ee/DRONE_CLUB_UJ, https://x.com/drones_aca_uj, https://x.com/droneclub_uj, https://www.linkedin.com/company/drone-club-uj القواعد: لا توجد المصدر: manual_collection', '[club:club_003|row:2] (collection=clubs)\nنادي طلابي: GDG UJ Public Community التصنيف: Google Developer Group الوصف: مجموعه مطوري جوجل الطلابيه بجامعه جده. هدفها نشر المعرفه والاعلان عن ورش العمل والفرص. واتساب: غير متوفر روابط: لا يوجد القواعد: الالتزام بالاخلاقيات واحترام الزملاء | عدم ارسال الاعلانات المصدر: manual_collection', '[club:club_005|row:4] (collection=clubs)\nنادي طلابي: مجتمع المستفيدين CCSE التصنيف: College Community الوصف: مجتمع طلاب كليه علوم وهندسه الحاسب. يقدم فرص تدريب وتطوير مهارات وتنبيه الطلاب بالاخبار الهامه. واتساب: https://chat.whatsapp.com/EgW2lDAO2lnJsmOcnPnEu0 روابط: https://www.linkedin.com/company/ccse-club القواعد: لا توجد المصدر: manual_collection', '[row:178|part:0] (collection=student_helpers)\nطالبه مساعده الاسم: نوف اليامي الماده: تحليل البيانات البريد: nwf.alyamy@outlook.com', '[college:COL_computing|row:3] (collection=specialization)\nكليه: كليه علوم وهندسه الحاسب معرف الكليه: COL_computing التخصصات التابعه: الامن السيبراني, الذكاء الاصطناعي, علوم البيانات, هندسه البرمجيات, هندسه الحاسب والشبكات, علوم الحاسب', '[major:MAJ_data_science|row:11] (collection=specialization)\nالتخصص: علوم البيانات معرف التخصص: MAJ_data_science الكليه: كليه علوم وهندسه الحاسب معرف الكليه: COL_computing الساعات المطلوبه قبل التخصيص: 27 المتطلبات: CECS 121, CECS 122']",10,True,False,False,True,ما وصف نادي نادي علوم البيانات وما مجاله؟,,[],,Q054,clubs,نادي علوم البيانات,easy,clubs.json,clubs.json | نادي علوم البيانات,ما وصف نادي نادي علوم البيانات وما مجاله؟,"['[club:club_004|row:3] (collection=clubs)\nنادي طلابي: نادي علوم البيانات التصنيف: Data Science / Technology الوصف: مجتمع لتبادل الخبرات وتقديم النصائح في مجال تحليل البيانات. يمنع التسويق والاعلانات. العضويه مجانيه. واتساب: غير متوفر روابط: لا يوجد القواعد: يمنع التسويق او الاعلانات | العضويه مجانيه المصدر: manual_collection', '[club:club_002|row:1] (collection=clubs)\nنادي طلابي: AI Club UJ التصنيف: Artificial Intelligence / Technology الوصف: نرحب بجميع اصدقائنا في نادي الذكاء الاصطناعي بجامعه جده. رؤيتنا هي ان يكون النادي وجهه مفضله للطلاب الباحثين للتعلم والنمو وتبادل الافكار حول الذكاء الاصطناعي. واتساب: غير متوفر روابط: لا يوجد القواعد: لا توجد المصدر: manual_collection', '[club:club_007|row:6] (collection=clubs)\nنادي طلابي: Cybersecurity Club UJ التصنيف: Cybersecurity / Technology الوصف: الصفحه الرسميه لنادي الامن السيبراني في كليه علوم وهندسه الحاسب بجامعه جده. واتساب: غير متوفر روابط: https://www.linkedin.com/company/cybersecurityclub-uj القواعد: لا توجد المصدر: manual_collection', '[club:club_006|row:5] (collection=clubs)\nنادي طلابي: فريق الالعاب الالكترونيه والواقع الافتراضي التصنيف: Gaming / VR / Software الوصف: فريق متخصص في تطوير الالعاب واستكشاف تقنيات الواقع الافتراضي والمعزز. واتساب: غير متوفر روابط: https://twitter.com/SESC_UJ القواعد: لا توجد المصدر: manual_collection', '[club:club_001|row:0] (collection=clubs)\nنادي طلابي: Drone Club UJ التصنيف: Technology / Engineering الوصف: نادي الدرونز في جامعه جده. يقدم التدريب والتوعيه والتطوير في مجال الطائرات بدون طيار. واتساب: https://chat.whatsapp.com/Cfh9qieSpbR1rPyEBUWw6q?mode=wwc روابط: https://linktr.ee/DRONE_CLUB_UJ, https://x.com/drones_aca_uj, https://x.com/droneclub_uj, https://www.linkedin.com/company/drone-club-uj القواعد: لا توجد المصدر: manual_collection', '[club:club_003|row:2] (collection=clubs)\nنادي طلابي: GDG UJ Public Community التصنيف: Google Developer Group الوصف: مجموعه مطوري جوجل الطلابيه بجامعه جده. هدفها نشر المعرفه والاعلان عن ورش العمل والفرص. واتساب: غير متوفر روابط: لا يوجد القواعد: الالتزام بالاخلاقيات واحترام الزملاء | عدم ارسال الاعلانات المصدر: manual_collection', '[club:club_005|row:4] (collection=clubs)\nنادي طلابي: مجتمع المستفيدين CCSE التصنيف: College Community الوصف: مجتمع طلاب كليه علوم وهندسه الحاسب. يقدم فرص تدريب وتطوير مهارات وتنبيه الطلاب بالاخبار الهامه. واتساب: https://chat.whatsapp.com/EgW2lDAO2lnJsmOcnPnEu0 روابط: https://www.linkedin.com/company/ccse-club القواعد: لا توجد المصدر: manual_collection', '[row:178|part:0] (collection=student_helpers)\nطالبه مساعده الاسم: نوف اليامي الماده: تحليل البيانات البريد: nwf.alyamy@outlook.com', '[college:COL_computing|row:3] (collection=specialization)\nكليه: كليه علوم وهندسه الحاسب معرف الكليه: COL_computing التخصصات التابعه: الامن السيبراني, الذكاء الاصطناعي, علوم البيانات, هندسه البرمجيات, هندسه الحاسب والشبكات, علوم الحاسب', '[major:MAJ_data_science|row:11] (collection=specialization)\nالتخصص: علوم البيانات معرف التخصص: MAJ_data_science الكليه: كليه علوم وهندسه الحاسب معرف الكليه: COL_computing الساعات المطلوبه قبل التخصيص: 27 المتطلبات: CECS 121, CECS 122']",نادي علوم البيانات هو مجتمع يهدف إلى تبادل الخبرات وتقديم النصائح في مجال تحليل البيانات. ينتمي النادي إلى تصنيف علوم البيانات والتكنولوجيا، ويمنع فيه التسويق والإعلانات. العضوية في النادي مجانية.,نادي علوم البيانات هو نادي في مجال Data Science / Technology، ووصفه: مجتمع لتبادل الخبرات وتقديم النصائح في مجال تحليل البيانات. يمنع التسويق والإعلانات. العضوية مجانية.,0.8866857021830272,0.6111111110805556,1.0,1.0
ما وصف نادي مجتمع المستفيدين CCSE وما مجاله؟,مجتمع المستفيدين CCSE هو نادي في مجال College Community، ووصفه: مجتمع طلاب كلية علوم وهندسة الحاسب. يقدم فرص تدريب وتطوير مهارات وتنبيه الطلاب بالأخبار الهامة.,نادي مجتمع المستفيدين CCSE هو مجتمع طلابي في كلية علوم وهندسة الحاسب. يهدف النادي إلى تقديم فرص تدريب وتطوير مهارات الطلاب، بالإضافة إلى تنبيههم بالأخبار المهمة.,"['[club:club_005|row:4] (collection=clubs)\nنادي طلابي: مجتمع المستفيدين CCSE التصنيف: College Community الوصف: مجتمع طلاب كليه علوم وهندسه الحاسب. يقدم فرص تدريب وتطوير مهارات وتنبيه الطلاب بالاخبار الهامه. واتساب: https://chat.whatsapp.com/EgW2lDAO2lnJsmOcnPnEu0 روابط: https://www.linkedin.com/company/ccse-club القواعد: لا توجد المصدر: manual_collection', '[club:club_007|row:6] (collection=clubs)\nنادي طلابي: Cybersecurity Club UJ التصنيف: Cybersecurity / Technology الوصف: الصفحه الرسميه لنادي الامن السيبراني في كليه علوم وهندسه الحاسب بجامعه جده. واتساب: غير متوفر روابط: https://www.linkedin.com/company/cybersecurityclub-uj القواعد: لا توجد المصدر: manual_collection', '[club:club_004|row:3] (collection=clubs)\nنادي طلابي: نادي علوم البيانات التصنيف: Data Science / Technology الوصف: مجتمع لتبادل الخبرات وتقديم النصائح في مجال تحليل البيانات. يمنع التسويق والاعلانات. العضويه مجانيه. واتساب: غير متوفر روابط: لا يوجد القواعد: يمنع التسويق او الاعلانات | العضويه مجانيه المصدر: manual_collection', '[club:club_006|row:5] (collection=clubs)\nنادي طلابي: فريق الالعاب الالكترونيه والواقع الافتراضي التصنيف: Gaming / VR / Software الوصف: فريق متخصص في تطوير الالعاب واستكشاف تقنيات الواقع الافتراضي والمعزز. واتساب: غير متوفر روابط: https://twitter.com/SESC_UJ القواعد: لا توجد المصدر: manual_collection', '[club:club_002|row:1] (collection=clubs)\nنادي طلابي: AI Club UJ التصنيف: Artificial Intelligence / Technology الوصف: نرحب بجميع اصدقائنا في نادي الذكاء الاصطناعي بجامعه جده. رؤيتنا هي ان يكون النادي وجهه مفضله للطلاب الباحثين للتعلم والنمو وتبادل الافكار حول الذكاء الاصطناعي. واتساب: غير متوفر روابط: لا يوجد القواعد: لا توجد المصدر: manual_collection', '[club:club_003|row:2] (collection=clubs)\nنادي طلابي: GDG UJ Public Community التصنيف: Google Developer Group الوصف: مجموعه مطوري جوجل الطلابيه بجامعه جده. هدفها نشر المعرفه والاعلان عن ورش العمل والفرص. واتساب: غير متوفر روابط: لا يوجد القواعد: الالتزام بالاخلاقيات واحترام الزملاء | عدم ارسال الاعلانات المصدر: manual_collection', '[row:50|part:0] (collection=coop_replies)\nتجربه تدريب تعاوني الجهه: مؤسسه صدي لتحصيل الديون ضمن التخصص: لا التقييم: nan', '[row:10|part:0] (collection=coop_replies)\nتجربه تدريب تعاوني الجهه: مركز الارصاد الوطني ضمن التخصص: لا التقييم: ممتاز', '[row:57|part:0] (collection=coop_replies)\nتجربه تدريب تعاوني الجهه: هيئه العامه للزكاه والدخل ضمن التخصص: لا التقييم: nan', '[row:28|part:0] (collection=coop_replies)\nتجربه تدريب تعاوني الجهه: الشركه السعوديه للكهرباء ضمن التخصص: لا التقييم: ضمن الاختصاص والمجال / مجهود عالي ضمن اطار الامكانيات/ ممتازه ومحفزه']",10,True,False,False,True,ما وصف نادي مجتمع المستفيدين CCSE وما مجاله؟,,[],,Q055,clubs,مجتمع المستفيدين CCSE,easy,clubs.json,clubs.json | مجتمع المستفيدين CCSE,ما وصف نادي مجتمع المستفيدين CCSE وما مجاله؟,"['[club:club_005|row:4] (collection=clubs)\nنادي طلابي: مجتمع المستفيدين CCSE التصنيف: College Community الوصف: مجتمع طلاب كليه علوم وهندسه الحاسب. يقدم فرص تدريب وتطوير مهارات وتنبيه الطلاب بالاخبار الهامه. واتساب: https://chat.whatsapp.com/EgW2lDAO2lnJsmOcnPnEu0 روابط: https://www.linkedin.com/company/ccse-club القواعد: لا توجد المصدر: manual_collection', '[club:club_007|row:6] (collection=clubs)\nنادي طلابي: Cybersecurity Club UJ التصنيف: Cybersecurity / Technology الوصف: الصفحه الرسميه لنادي الامن السيبراني في كليه علوم وهندسه الحاسب بجامعه جده. واتساب: غير متوفر روابط: https://www.linkedin.com/company/cybersecurityclub-uj القواعد: لا توجد المصدر: manual_collection', '[club:club_004|row:3] (collection=clubs)\nنادي طلابي: نادي علوم البيانات التصنيف: Data Science / Technology الوصف: مجتمع لتبادل الخبرات وتقديم النصائح في مجال تحليل البيانات. يمنع التسويق والاعلانات. العضويه مجانيه. واتساب: غير متوفر روابط: لا يوجد القواعد: يمنع التسويق او الاعلانات | العضويه مجانيه المصدر: manual_collection', '[club:club_006|row:5] (collection=clubs)\nنادي طلابي: فريق الالعاب الالكترونيه والواقع الافتراضي التصنيف: Gaming / VR / Software الوصف: فريق متخصص في تطوير الالعاب واستكشاف تقنيات الواقع الافتراضي والمعزز. واتساب: غير متوفر روابط: https://twitter.com/SESC_UJ القواعد: لا توجد المصدر: manual_collection', '[club:club_002|row:1] (collection=clubs)\nنادي طلابي: AI Club UJ التصنيف: Artificial Intelligence / Technology الوصف: نرحب بجميع اصدقائنا في نادي الذكاء الاصطناعي بجامعه جده. رؤيتنا هي ان يكون النادي وجهه مفضله للطلاب الباحثين للتعلم والنمو وتبادل الافكار حول الذكاء الاصطناعي. واتساب: غير متوفر روابط: لا يوجد القواعد: لا توجد المصدر: manual_collection', '[club:club_003|row:2] (collection=clubs)\nنادي طلابي: GDG UJ Public Community التصنيف: Google Developer Group الوصف: مجموعه مطوري جوجل الطلابيه بجامعه جده. هدفها نشر المعرفه والاعلان عن ورش العمل والفرص. واتساب: غير متوفر روابط: لا يوجد القواعد: الالتزام بالاخلاقيات واحترام الزملاء | عدم ارسال الاعلانات المصدر: manual_collection', '[row:50|part:0] (collection=coop_replies)\nتجربه تدريب تعاوني الجهه: مؤسسه صدي لتحصيل الديون ضمن التخصص: لا التقييم: nan', '[row:10|part:0] (collection=coop_replies)\nتجربه تدريب تعاوني الجهه: مركز الارصاد الوطني ضمن التخصص: لا التقييم: ممتاز', '[row:57|part:0] (collection=coop_replies)\nتجربه تدريب تعاوني الجهه: هيئه العامه للزكاه والدخل ضمن التخصص: لا التقييم: nan', '[row:28|part:0] (collection=coop_replies)\nتجربه تدريب تعاوني الجهه: الشركه السعوديه للكهرباء ضمن التخصص: لا التقييم: ضمن الاختصاص والمجال / مجهود عالي ضمن اطار الامكانيات/ ممتازه ومحفزه']",نادي مجتمع المستفيدين CCSE هو مجتمع طلابي في كلية علوم وهندسة الحاسب. يهدف النادي إلى تقديم فرص تدريب وتطوير مهارات الطلاب، بالإضافة إلى تنبيههم بالأخبار المهمة.,مجتمع المستفيدين CCSE هو نادي في مجال College Community، ووصفه: مجتمع طلاب كلية علوم وهندسة الحاسب. يقدم فرص تدريب وتطوير مهارات وتنبيه الطلاب بالأخبار الهامة.,0.9256141564417337,0.99999999995,1.0,1.0
هل لدى GDG UJ Public Community روابط تواصل أو قوانين خاصة للعضوية؟,توجد قواعد عضوية مذكورة.,نعم، لدى GDG UJ Public Community قواعد خاصة للعضوية، وهي الالتزام بالأخلاقيات واحترام الزملاء. ومع ذلك، لا توجد روابط تواصل متاحة مثل واتساب أو روابط أخرى.,"['[club:club_003|row:2] (collection=clubs)\nنادي طلابي: GDG UJ Public Community التصنيف: Google Developer Group الوصف: مجموعه مطوري جوجل الطلابيه بجامعه جده. هدفها نشر المعرفه والاعلان عن ورش العمل والفرص. واتساب: غير متوفر روابط: لا يوجد القواعد: الالتزام بالاخلاقيات واحترام الزملاء | عدم ارسال الاعلانات المصدر: manual_collection', '[club:club_007|row:6] (collection=clubs)\nنادي طلابي: Cybersecurity Club UJ التصنيف: Cybersecurity / Technology الوصف: الصفحه الرسميه لنادي الامن السيبراني في كليه علوم وهندسه الحاسب بجامعه جده. واتساب: غير متوفر روابط: https://www.linkedin.com/company/cybersecurityclub-uj القواعد: لا توجد المصدر: manual_collection', '[club:club_001|row:0] (collection=clubs)\nنادي طلابي: Drone Club UJ التصنيف: Technology / Engineering الوصف: نادي الدرونز في جامعه جده. يقدم التدريب والتوعيه والتطوير في مجال الطائرات بدون طيار. واتساب: https://chat.whatsapp.com/Cfh9qieSpbR1rPyEBUWw6q?mode=wwc روابط: https://linktr.ee/DRONE_CLUB_UJ, https://x.com/drones_aca_uj, https://x.com/droneclub_uj, https://www.linkedin.com/company/drone-club-uj القواعد: لا توجد المصدر: manual_collection', '[club:club_002|row:1] (collection=clubs)\nنادي طلابي: AI Club UJ التصنيف: Artificial Intelligence / Technology الوصف: نرحب بجميع اصدقائنا في نادي الذكاء الاصطناعي بجامعه جده. رؤيتنا هي ان يكون النادي وجهه مفضله للطلاب الباحثين للتعلم والنمو وتبادل الافكار حول الذكاء الاصطناعي. واتساب: غير متوفر روابط: لا يوجد القواعد: لا توجد المصدر: manual_collection', '[row:46|part:0] (collection=faculty_offices)\nمكتب عضو هيئه تدريس الاسم: غاده قشقري رقم المكتب: 252.0 التواصل: gagashgari@uj.edu.sa', '[row:20|part:0] (collection=faculty_offices)\nمكتب عضو هيئه تدريس الاسم: نهله الجوجو رقم المكتب: 232.0 التواصل: Nmaljojo@ui.edu.sa', '[row:52|part:0] (collection=faculty_offices)\nمكتب عضو هيئه تدريس الاسم: اسيا الجحدلي رقم المكتب: 261.0 التواصل: aoaljabdali@uj.edu.sa', '[row:11|part:0] (collection=faculty_offices)\nمكتب عضو هيئه تدريس الاسم: خلود جستينه رقم المكتب: 222.0 التواصل: kjataniah@uj.edu.sa', '[row:8|part:0] (collection=student_helpers)\nطالبه مساعده الاسم: جود العبدالله الماده: اساسيات الذكاء الاصطناعي البريد: jwd.alabdallah@outlook.com', '[row:12|part:0] (collection=faculty_offices)\nمكتب عضو هيئه تدريس الاسم: صفاء حبيب الله رقم المكتب: 223.0 التواصل: shhabiballah@uj.edu.sa']",10,True,False,False,True,ما هي روابط التواصل أو القوانين الخاصة بالعضوية في GDG UJ Public Community؟,,[],,Q056,clubs,GDG UJ Public Community,medium,clubs.json,clubs.json | GDG UJ Public Community,هل لدى GDG UJ Public Community روابط تواصل أو قوانين خاصة للعضوية؟,"['[club:club_003|row:2] (collection=clubs)\nنادي طلابي: GDG UJ Public Community التصنيف: Google Developer Group الوصف: مجموعه مطوري جوجل الطلابيه بجامعه جده. هدفها نشر المعرفه والاعلان عن ورش العمل والفرص. واتساب: غير متوفر روابط: لا يوجد القواعد: الالتزام بالاخلاقيات واحترام الزملاء | عدم ارسال الاعلانات المصدر: manual_collection', '[club:club_007|row:6] (collection=clubs)\nنادي طلابي: Cybersecurity Club UJ التصنيف: Cybersecurity / Technology الوصف: الصفحه الرسميه لنادي الامن السيبراني في كليه علوم وهندسه الحاسب بجامعه جده. واتساب: غير متوفر روابط: https://www.linkedin.com/company/cybersecurityclub-uj القواعد: لا توجد المصدر: manual_collection', '[club:club_001|row:0] (collection=clubs)\nنادي طلابي: Drone Club UJ التصنيف: Technology / Engineering الوصف: نادي الدرونز في جامعه جده. يقدم التدريب والتوعيه والتطوير في مجال الطائرات بدون طيار. واتساب: https://chat.whatsapp.com/Cfh9qieSpbR1rPyEBUWw6q?mode=wwc روابط: https://linktr.ee/DRONE_CLUB_UJ, https://x.com/drones_aca_uj, https://x.com/droneclub_uj, https://www.linkedin.com/company/drone-club-uj القواعد: لا توجد المصدر: manual_collection', '[club:club_002|row:1] (collection=clubs)\nنادي طلابي: AI Club UJ التصنيف: Artificial Intelligence / Technology الوصف: نرحب بجميع اصدقائنا في نادي الذكاء الاصطناعي بجامعه جده. رؤيتنا هي ان يكون النادي وجهه مفضله للطلاب الباحثين للتعلم والنمو وتبادل الافكار حول الذكاء الاصطناعي. واتساب: غير متوفر روابط: لا يوجد القواعد: لا توجد المصدر: manual_collection', '[row:46|part:0] (collection=faculty_offices)\nمكتب عضو هيئه تدريس الاسم: غاده قشقري رقم المكتب: 252.0 التواصل: gagashgari@uj.edu.sa', '[row:20|part:0] (collection=faculty_offices)\nمكتب عضو هيئه تدريس الاسم: نهله الجوجو رقم المكتب: 232.0 التواصل: Nmaljojo@ui.edu.sa', '[row:52|part:0] (collection=faculty_offices)\nمكتب عضو هيئه تدريس الاسم: اسيا الجحدلي رقم المكتب: 261.0 التواصل: aoaljabdali@uj.edu.sa', '[row:11|part:0] (collection=faculty_offices)\nمكتب عضو هيئه تدريس الاسم: خلود جستينه رقم المكتب: 222.0 التواصل: kjataniah@uj.edu.sa', '[row:8|part:0] (collection=student_helpers)\nطالبه مساعده الاسم: جود العبدالله الماده: اساسيات الذكاء الاصطناعي البريد: jwd.alabdallah@outlook.com', '[row:12|part:0] (collection=faculty_offices)\nمكتب عضو هيئه تدريس الاسم: صفاء حبيب الله رقم المكتب: 223.0 التواصل: shhabiballah@uj.edu.sa']",نعم، لدى GDG UJ Public Community قواعد خاصة للعضوية، وهي الالتزام بالأخلاقيات واحترام الزملاء. ومع ذلك، لا توجد روابط تواصل متاحة مثل واتساب أو روابط أخرى.,توجد قواعد عضوية مذكورة.,0.856598909107228,0.9999999999,1.0,0.0
هل لدى نادي علوم البيانات روابط تواصل أو قوانين خاصة للعضوية؟,توجد قواعد عضوية مذكورة.,نادي علوم البيانات لديه قواعد خاصة للعضوية، حيث العضوية مجانية ويمنع التسويق والإعلانات. ومع ذلك، لا توجد روابط تواصل متاحة مثل واتساب أو أي روابط أخرى.,"['[club:club_004|row:3] (collection=clubs)\nنادي طلابي: نادي علوم البيانات التصنيف: Data Science / Technology الوصف: مجتمع لتبادل الخبرات وتقديم النصائح في مجال تحليل البيانات. يمنع التسويق والاعلانات. العضويه مجانيه. واتساب: غير متوفر روابط: لا يوجد القواعد: يمنع التسويق او الاعلانات | العضويه مجانيه المصدر: manual_collection', '[row:82|part:0] (collection=faculty_offices)\nمكتب عضو هيئه تدريس الاسم: nan رقم المكتب: nan التواصل: nan', '[club:club_002|row:1] (collection=clubs)\nنادي طلابي: AI Club UJ التصنيف: Artificial Intelligence / Technology الوصف: نرحب بجميع اصدقائنا في نادي الذكاء الاصطناعي بجامعه جده. رؤيتنا هي ان يكون النادي وجهه مفضله للطلاب الباحثين للتعلم والنمو وتبادل الافكار حول الذكاء الاصطناعي. واتساب: غير متوفر روابط: لا يوجد القواعد: لا توجد المصدر: manual_collection', '[row:17|part:0] (collection=faculty_offices)\nمكتب عضو هيئه تدريس الاسم: ارائك طاشكندي رقم المكتب: 229.0 التواصل: astashkandi@uj.edu.sa', '[club:club_007|row:6] (collection=clubs)\nنادي طلابي: Cybersecurity Club UJ التصنيف: Cybersecurity / Technology الوصف: الصفحه الرسميه لنادي الامن السيبراني في كليه علوم وهندسه الحاسب بجامعه جده. واتساب: غير متوفر روابط: https://www.linkedin.com/company/cybersecurityclub-uj القواعد: لا توجد المصدر: manual_collection', '[row:69|part:0] (collection=faculty_offices)\nمكتب عضو هيئه تدريس الاسم: حنان نديم رقم المكتب: 271.0 التواصل: hanadeem@uj.edu.sa', '[row:42|part:0] (collection=faculty_offices)\nمكتب عضو هيئه تدريس الاسم: نوف رحيمي رقم المكتب: 247.0 التواصل: nmraheeme@ul.edu.sa', '[row:52|part:0] (collection=faculty_offices)\nمكتب عضو هيئه تدريس الاسم: اسيا الجحدلي رقم المكتب: 261.0 التواصل: aoaljabdali@uj.edu.sa', '[chunk_193|part:0] (collection=transfer_rules)\nيمكن التواصل مع الارشاد الاكاديمي للاستفسارات عن التحويل.', '[row:41|part:0] (collection=faculty_offices)\nمكتب عضو هيئه تدريس الاسم: ندي السالمي رقم المكتب: 246.0 التواصل: nalsalmi@uj.edu.sa']",10,True,False,False,True,هل لدى نادي علوم البيانات روابط تواصل أو قوانين خاصة للعضوية؟,,[],,Q057,clubs,نادي علوم البيانات,medium,clubs.json,clubs.json | نادي علوم البيانات,هل لدى نادي علوم البيانات روابط تواصل أو قوانين خاصة للعضوية؟,"['[club:club_004|row:3] (collection=clubs)\nنادي طلابي: نادي علوم البيانات التصنيف: Data Science / Technology الوصف: مجتمع لتبادل الخبرات وتقديم النصائح في مجال تحليل البيانات. يمنع التسويق والاعلانات. العضويه مجانيه. واتساب: غير متوفر روابط: لا يوجد القواعد: يمنع التسويق او الاعلانات | العضويه مجانيه المصدر: manual_collection', '[row:82|part:0] (collection=faculty_offices)\nمكتب عضو هيئه تدريس الاسم: nan رقم المكتب: nan التواصل: nan', '[club:club_002|row:1] (collection=clubs)\nنادي طلابي: AI Club UJ التصنيف: Artificial Intelligence / Technology الوصف: نرحب بجميع اصدقائنا في نادي الذكاء الاصطناعي بجامعه جده. رؤيتنا هي ان يكون النادي وجهه مفضله للطلاب الباحثين للتعلم والنمو وتبادل الافكار حول الذكاء الاصطناعي. واتساب: غير متوفر روابط: لا يوجد القواعد: لا توجد المصدر: manual_collection', '[row:17|part:0] (collection=faculty_offices)\nمكتب عضو هيئه تدريس الاسم: ارائك طاشكندي رقم المكتب: 229.0 التواصل: astashkandi@uj.edu.sa', '[club:club_007|row:6] (collection=clubs)\nنادي طلابي: Cybersecurity Club UJ التصنيف: Cybersecurity / Technology الوصف: الصفحه الرسميه لنادي الامن السيبراني في كليه علوم وهندسه الحاسب بجامعه جده. واتساب: غير متوفر روابط: https://www.linkedin.com/company/cybersecurityclub-uj القواعد: لا توجد المصدر: manual_collection', '[row:69|part:0] (collection=faculty_offices)\nمكتب عضو هيئه تدريس الاسم: حنان نديم رقم المكتب: 271.0 التواصل: hanadeem@uj.edu.sa', '[row:42|part:0] (collection=faculty_offices)\nمكتب عضو هيئه تدريس الاسم: نوف رحيمي رقم المكتب: 247.0 التواصل: nmraheeme@ul.edu.sa', '[row:52|part:0] (collection=faculty_offices)\nمكتب عضو هيئه تدريس الاسم: اسيا الجحدلي رقم المكتب: 261.0 التواصل: aoaljabdali@uj.edu.sa', '[chunk_193|part:0] (collection=transfer_rules)\nيمكن التواصل مع الارشاد الاكاديمي للاستفسارات عن التحويل.', '[row:41|part:0] (collection=faculty_offices)\nمكتب عضو هيئه تدريس الاسم: ندي السالمي رقم المكتب: 246.0 التواصل: nalsalmi@uj.edu.sa']",نادي علوم البيانات لديه قواعد خاصة للعضوية، حيث العضوية مجانية ويمنع التسويق والإعلانات. ومع ذلك، لا توجد روابط تواصل متاحة مثل واتساب أو أي روابط أخرى.,توجد قواعد عضوية مذكورة.,0.0,0.9999999999,1.0,1.0
هل لدى مجتمع المستفيدين CCSE روابط تواصل أو قوانين خاصة للعضوية؟,واتساب متاح؛ روابط التواصل المتاحة: 1 رابط/روابط؛ لا توجد قواعد عضوية خاصة مذكورة.,"نعم، لدى مجتمع المستفيدين CCSE روابط تواصل، حيث يمكن التواصل عبر واتساب من خلال الرابط التالي: [واتساب](https://chat.whatsapp.com/EgW2lDAO2lnJsmOcnPnEu0)، كما يوجد رابط لموقعهم على لينكد إن: [لينكد إن](https://www.linkedin.com/company/ccse-club). 

أما بالنسبة للقوانين الخاصة بالعضوية، فلا توجد معلومات متاحة في المقاطع المقدمة.","['[club:club_005|row:4] (collection=clubs)\nنادي طلابي: مجتمع المستفيدين CCSE التصنيف: College Community الوصف: مجتمع طلاب كليه علوم وهندسه الحاسب. يقدم فرص تدريب وتطوير مهارات وتنبيه الطلاب بالاخبار الهامه. واتساب: https://chat.whatsapp.com/EgW2lDAO2lnJsmOcnPnEu0 روابط: https://www.linkedin.com/company/ccse-club القواعد: لا توجد المصدر: manual_collection', '[chunk_193|part:0] (collection=transfer_rules)\nيمكن التواصل مع الارشاد الاكاديمي للاستفسارات عن التحويل.', '[chunk_171|part:0] (collection=transfer_rules)\nتخصصات الاعلام والقانون والسياحه قد تتطلب مقابلات الزاميه.', '[row:57|part:0] (collection=coop_replies)\nتجربه تدريب تعاوني الجهه: هيئه العامه للزكاه والدخل ضمن التخصص: لا التقييم: nan', '[chunk_221|part:0] (collection=transfer_rules)\nيجب التاكد من صحه بيانات التواصل لاستلام النتائج.', '[section:general_requirements|part:0] (collection=specialization)\ngeneral_requirements: - ان يكون الطالب/ه قد انهي فصول الخطه الدراسيه المحدده له - استيفاء جميع الشروط الخاصه بالتخصص - يكون التخصيص مفاضله حسب المعدلات والمقاعد المتاحه', '[chunk_160|part:0] (collection=transfer_rules)\nشروط التحويل قد تختلف في الفروع بحسب المتطلبات المحليه.', '[row:82|part:0] (collection=faculty_offices)\nمكتب عضو هيئه تدريس الاسم: nan رقم المكتب: nan التواصل: nan', '[chunk_230|part:0] (collection=transfer_rules)\nالتواصل مع مرشد اكاديمي يساعد علي تحديد المسار الانسب.', '[chunk_140|part:0] (collection=transfer_rules)\nقد تستثني الحالات الصحيه او الظروف القاهره بناءً علي قرار اللجنه الاكاديميه.']",10,True,False,False,True,هل لدى مجتمع المستفيدين CCSE روابط تواصل أو قوانين خاصة للعضوية؟,,[],,Q058,clubs,مجتمع المستفيدين CCSE,medium,clubs.json,clubs.json | مجتمع المستفيدين CCSE,هل لدى مجتمع المستفيدين CCSE روابط تواصل أو قوانين خاصة للعضوية؟,"['[club:club_005|row:4] (collection=clubs)\nنادي طلابي: مجتمع المستفيدين CCSE التصنيف: College Community الوصف: مجتمع طلاب كليه علوم وهندسه الحاسب. يقدم فرص تدريب وتطوير مهارات وتنبيه الطلاب بالاخبار الهامه. واتساب: https://chat.whatsapp.com/EgW2lDAO2lnJsmOcnPnEu0 روابط: https://www.linkedin.com/company/ccse-club القواعد: لا توجد المصدر: manual_collection', '[chunk_193|part:0] (collection=transfer_rules)\nيمكن التواصل مع الارشاد الاكاديمي للاستفسارات عن التحويل.', '[chunk_171|part:0] (collection=transfer_rules)\nتخصصات الاعلام والقانون والسياحه قد تتطلب مقابلات الزاميه.', '[row:57|part:0] (collection=coop_replies)\nتجربه تدريب تعاوني الجهه: هيئه العامه للزكاه والدخل ضمن التخصص: لا التقييم: nan', '[chunk_221|part:0] (collection=transfer_rules)\nيجب التاكد من صحه بيانات التواصل لاستلام النتائج.', '[section:general_requirements|part:0] (collection=specialization)\ngeneral_requirements: - ان يكون الطالب/ه قد انهي فصول الخطه الدراسيه المحدده له - استيفاء جميع الشروط الخاصه بالتخصص - يكون التخصيص مفاضله حسب المعدلات والمقاعد المتاحه', '[chunk_160|part:0] (collection=transfer_rules)\nشروط التحويل قد تختلف في الفروع بحسب المتطلبات المحليه.', '[row:82|part:0] (collection=faculty_offices)\nمكتب عضو هيئه تدريس الاسم: nan رقم المكتب: nan التواصل: nan', '[chunk_230|part:0] (collection=transfer_rules)\nالتواصل مع مرشد اكاديمي يساعد علي تحديد المسار الانسب.', '[chunk_140|part:0] (collection=transfer_rules)\nقد تستثني الحالات الصحيه او الظروف القاهره بناءً علي قرار اللجنه الاكاديميه.']","نعم، لدى مجتمع المستفيدين CCSE روابط تواصل، حيث يمكن التواصل عبر واتساب من خلال الرابط التالي: [واتساب](https://chat.whatsapp.com/EgW2lDAO2lnJsmOcnPnEu0)، كما يوجد رابط لموقعهم على لينكد إن: [لينكد إن](https://www.linkedin.com/company/ccse-club). 

أما بالنسبة للقوانين الخاصة بالعضوية، فلا توجد معلومات متاحة في المقاطع المقدمة.",واتساب متاح؛ روابط التواصل المتاحة: 1 رابط/روابط؛ لا توجد قواعد عضوية خاصة مذكورة.,0.0,0.9999999999,1.0,1.0
هل لدى Cybersecurity Club UJ روابط تواصل أو قوانين خاصة للعضوية؟,روابط التواصل المتاحة: 1 رابط/روابط؛ لا توجد قواعد عضوية خاصة مذكورة.,نادي Cybersecurity Club UJ لديه رابط تواصل متوفر على لينكد إن: [رابط النادي](https://www.linkedin.com/company/cybersecurityclub-uj). أما بالنسبة للقوانين الخاصة بالعضوية، فلا توجد معلومات متاحة حولها.,"['[club:club_007|row:6] (collection=clubs)\nنادي طلابي: Cybersecurity Club UJ التصنيف: Cybersecurity / Technology الوصف: الصفحه الرسميه لنادي الامن السيبراني في كليه علوم وهندسه الحاسب بجامعه جده. واتساب: غير متوفر روابط: https://www.linkedin.com/company/cybersecurityclub-uj القواعد: لا توجد المصدر: manual_collection', '[club:club_002|row:1] (collection=clubs)\nنادي طلابي: AI Club UJ التصنيف: Artificial Intelligence / Technology الوصف: نرحب بجميع اصدقائنا في نادي الذكاء الاصطناعي بجامعه جده. رؤيتنا هي ان يكون النادي وجهه مفضله للطلاب الباحثين للتعلم والنمو وتبادل الافكار حول الذكاء الاصطناعي. واتساب: غير متوفر روابط: لا يوجد القواعد: لا توجد المصدر: manual_collection', '[club:club_001|row:0] (collection=clubs)\nنادي طلابي: Drone Club UJ التصنيف: Technology / Engineering الوصف: نادي الدرونز في جامعه جده. يقدم التدريب والتوعيه والتطوير في مجال الطائرات بدون طيار. واتساب: https://chat.whatsapp.com/Cfh9qieSpbR1rPyEBUWw6q?mode=wwc روابط: https://linktr.ee/DRONE_CLUB_UJ, https://x.com/drones_aca_uj, https://x.com/droneclub_uj, https://www.linkedin.com/company/drone-club-uj القواعد: لا توجد المصدر: manual_collection', '[club:club_003|row:2] (collection=clubs)\nنادي طلابي: GDG UJ Public Community التصنيف: Google Developer Group الوصف: مجموعه مطوري جوجل الطلابيه بجامعه جده. هدفها نشر المعرفه والاعلان عن ورش العمل والفرص. واتساب: غير متوفر روابط: لا يوجد القواعد: الالتزام بالاخلاقيات واحترام الزملاء | عدم ارسال الاعلانات المصدر: manual_collection', '[row:18|part:0] (collection=student_helpers)\nطالبه مساعده الاسم: سميه الفوزان الماده: امن الشبكات السيبراني البريد: somyah.alfwzan@outlook.com', '[chunk_208|part:0] (collection=transfer_rules)\nتحويل الطلاب الي الامن السيبراني يتطلب مهارات برمجيه وشبكيه قويه.', '[chunk_100|part:0] (collection=transfer_rules)\nبرامج الامن السيبراني تتطلب اساسيات البرمجه والشبكات.', '[row:19|part:0] (collection=student_helpers)\nطالبه مساعده الاسم: هند العواجي الماده: امن الشبكات السيبراني البريد: hnd.alawajy@outlook.com', '[chunk_168|part:0] (collection=transfer_rules)\nبرامج الامن السيبراني تشترط مهارات اساسيه في البرمجه والشبكات.', '[row:2|part:0] (collection=student_helpers)\nطالبه مساعده الاسم: دانه الغامدي الماده: اساسيات الامن السيبراني البريد: danh.alghamdy@outlook.com']",10,True,False,False,True,ما هي روابط التواصل أو القوانين الخاصة بعضوية نادي الأمن السيبراني بجامعة جدة؟,,[],,Q060,clubs,Cybersecurity Club UJ,medium,clubs.json,clubs.json | Cybersecurity Club UJ,هل لدى Cybersecurity Club UJ روابط تواصل أو قوانين خاصة للعضوية؟,"['[club:club_007|row:6] (collection=clubs)\nنادي طلابي: Cybersecurity Club UJ التصنيف: Cybersecurity / Technology الوصف: الصفحه الرسميه لنادي الامن السيبراني في كليه علوم وهندسه الحاسب بجامعه جده. واتساب: غير متوفر روابط: https://www.linkedin.com/company/cybersecurityclub-uj القواعد: لا توجد المصدر: manual_collection', '[club:club_002|row:1] (collection=clubs)\nنادي طلابي: AI Club UJ التصنيف: Artificial Intelligence / Technology الوصف: نرحب بجميع اصدقائنا في نادي الذكاء الاصطناعي بجامعه جده. رؤيتنا هي ان يكون النادي وجهه مفضله للطلاب الباحثين للتعلم والنمو وتبادل الافكار حول الذكاء الاصطناعي. واتساب: غير متوفر روابط: لا يوجد القواعد: لا توجد المصدر: manual_collection', '[club:club_001|row:0] (collection=clubs)\nنادي طلابي: Drone Club UJ التصنيف: Technology / Engineering الوصف: نادي الدرونز في جامعه جده. يقدم التدريب والتوعيه والتطوير في مجال الطائرات بدون طيار. واتساب: https://chat.whatsapp.com/Cfh9qieSpbR1rPyEBUWw6q?mode=wwc روابط: https://linktr.ee/DRONE_CLUB_UJ, https://x.com/drones_aca_uj, https://x.com/droneclub_uj, https://www.linkedin.com/company/drone-club-uj القواعد: لا توجد المصدر: manual_collection', '[club:club_003|row:2] (collection=clubs)\nنادي طلابي: GDG UJ Public Community التصنيف: Google Developer Group الوصف: مجموعه مطوري جوجل الطلابيه بجامعه جده. هدفها نشر المعرفه والاعلان عن ورش العمل والفرص. واتساب: غير متوفر روابط: لا يوجد القواعد: الالتزام بالاخلاقيات واحترام الزملاء | عدم ارسال الاعلانات المصدر: manual_collection', '[row:18|part:0] (collection=student_helpers)\nطالبه مساعده الاسم: سميه الفوزان الماده: امن الشبكات السيبراني البريد: somyah.alfwzan@outlook.com', '[chunk_208|part:0] (collection=transfer_rules)\nتحويل الطلاب الي الامن السيبراني يتطلب مهارات برمجيه وشبكيه قويه.', '[chunk_100|part:0] (collection=transfer_rules)\nبرامج الامن السيبراني تتطلب اساسيات البرمجه والشبكات.', '[row:19|part:0] (collection=student_helpers)\nطالبه مساعده الاسم: هند العواجي الماده: امن الشبكات السيبراني البريد: hnd.alawajy@outlook.com', '[chunk_168|part:0] (collection=transfer_rules)\nبرامج الامن السيبراني تشترط مهارات اساسيه في البرمجه والشبكات.', '[row:2|part:0] (collection=student_helpers)\nطالبه مساعده الاسم: دانه الغامدي الماده: اساسيات الامن السيبراني البريد: danh.alghamdy@outlook.com']",نادي Cybersecurity Club UJ لديه رابط تواصل متوفر على لينكد إن: [رابط النادي](https://www.linkedin.com/company/cybersecurityclub-uj). أما بالنسبة للقوانين الخاصة بالعضوية، فلا توجد معلومات متاحة حولها.,روابط التواصل المتاحة: 1 رابط/روابط؛ لا توجد قواعد عضوية خاصة مذكورة.,0.0,0.9999999999,1.0,1.0
كيف قيّم الطلاب تجربة التدريب في جهة امانة جده؟,قيّم الطلاب تجربة التدريب في امانة جده بأنها: مفيدة جدا كان الشغل خفيف لكن مفيد و استفدت بخبرات جديده الشركة وفرت لنا دورات كل اسبوع للافادة,"قيّم الطلاب تجربة التدريب في جهة أمانة جدة بشكل متنوع، حيث جاءت الآراء كالتالي:

1. بعض الطلاب وجدوا أن التدريب كان ممتعًا وذو دعم كامل من جميع الأقسام، مع تسلسل جيد في تنفيذ الأعمال، بالإضافة إلى جانب التعليم مع العمل.
2. آخرون اعتبروا التجربة جيدة، حيث كانت بيئة العمل مريحة وصحية.
3. هناك من رأى أن التدريب كان مفيدًا جدًا، حيث كانت الأعمال خفيفة ولكنها مفيدة، مع توفير دورات أسبوعية.
4. بعض الطلاب أشاروا إلى أن التدريب كان عبارة عن مهام تُعطى كل يومين، وكان جيدًا إلى حد ما، لكنه استمر لمدة 6 أسابيع فقط.
5. في المقابل، كان هناك تقييم سلبي من طالب ذكر أن التجربة كانت ""تسليك"" ولا ينصح بها.
6. أخيرًا، أحد الطلاب شعر أن التدريب لم يكن كافيًا لتجربة بيئة عمل حقيقية، حيث شعر وكأنه لا يزال في الجامعة.

بناءً على هذه الآراء، يمكن القول إن التجربة كانت مختلطة بين الإيجابية والسلبية.","['[row:9|part:0] (collection=coop_replies)\nتجربه تدريب تعاوني الجهه: امانه جده ضمن التخصص: لا التقييم: الشغل ممتع وفيه دعم كامل من كل الاقسام وفيه تسلسل كبير في وقت تنفيذ الشغل بالاضافه الي جانب التعليم مع جانب العمل', '[row:4|part:0] (collection=coop_replies)\nتجربه تدريب تعاوني الجهه: امانه جده ضمن التخصص: لا التقييم: تجربه جيده دوام مريح بيئه عمل صحيه', '[row:0|part:0] (collection=coop_replies)\nتجربه تدريب تعاوني الجهه: امانه جده ضمن التخصص: لا التقييم: مفيده جدا كان الشغل خفيف لكن مفيد و استفدت بخبرات جديده الشركه وفرت لنا دورات كل اسبوع للافاده', '[row:38|part:0] (collection=coop_replies)\nتجربه تدريب تعاوني الجهه: امانه جده ضمن التخصص: نعم التقييم: كان عباره عن تاسكات يدونا هي كل يومين يوم شرحو التاسك و ترجع تسويه في بيتك ويوم تسليم وتشرح ايش سويت، يعتبر كان كويس الي حداً وكان فقط ٦ اسابيع', '[row:26|part:0] (collection=coop_replies)\nتجربه تدريب تعاوني الجهه: امانه جده ضمن التخصص: لا التقييم: بكل شفافيه ( تسليك ولا انصح )', '[row:33|part:0] (collection=coop_replies)\nتجربه تدريب تعاوني الجهه: Jedco ضمن التخصص: لا التقييم: صراحه تدريب بكل الانواع للامن السيبراني ، كميه الشغل ليست كبيره ولا القليله ، بيئه العمل رائعه', '[row:41|part:0] (collection=coop_replies)\nتجربه تدريب تعاوني الجهه: جامعه جده ضمن التخصص: نعم التقييم: nan', '[row:13|part:0] (collection=coop_replies)\nتجربه تدريب تعاوني الجهه: DDC ضمن التخصص: لا التقييم: كويسه بس كان نفسي اجرب اشتغل في بيئه عمل حقيقيه حسيت في التدريب كاني في الجامعه', '[row:61|part:0] (collection=coop_replies)\nتجربه تدريب تعاوني الجهه: شركه مطارات جده ضمن التخصص: لا التقييم: nan', '[row:29|part:0] (collection=coop_replies)\nتجربه تدريب تعاوني الجهه: الارصاد بجده ضمن التخصص: لا التقييم: حلوه مرا ادونا ٣ تاسكات كلها متعلقه بتخصصي الذكاء الاصطناعي وكان كل تاسك له فتره معينه مثلا اسبوعين وبعد الاسبوعين نسوي ميتنق نشوف شغل بعض ونتناقش بيئه العمل مو افضل شي كانو يخلونا احنا البنات تحت بغرفه والعيال فوق عنذهم مكاتب وماعندهم مكان للاسترخاء مثلا ولا جلسات للكافي ما استمتعت صراحه وكاستفاده كانت بسيطه']",10,False,False,False,True,كيف قيّم الطلاب تجربة التدريب في جهة امانة جده؟,,[],,Q061,coop_replies,امانة جده,medium,COOPreplies.csv,COOPreplies.csv | organization: امانة جده,كيف قيّم الطلاب تجربة التدريب في جهة امانة جده؟,"['[row:9|part:0] (collection=coop_replies)\nتجربه تدريب تعاوني الجهه: امانه جده ضمن التخصص: لا التقييم: الشغل ممتع وفيه دعم كامل من كل الاقسام وفيه تسلسل كبير في وقت تنفيذ الشغل بالاضافه الي جانب التعليم مع جانب العمل', '[row:4|part:0] (collection=coop_replies)\nتجربه تدريب تعاوني الجهه: امانه جده ضمن التخصص: لا التقييم: تجربه جيده دوام مريح بيئه عمل صحيه', '[row:0|part:0] (collection=coop_replies)\nتجربه تدريب تعاوني الجهه: امانه جده ضمن التخصص: لا التقييم: مفيده جدا كان الشغل خفيف لكن مفيد و استفدت بخبرات جديده الشركه وفرت لنا دورات كل اسبوع للافاده', '[row:38|part:0] (collection=coop_replies)\nتجربه تدريب تعاوني الجهه: امانه جده ضمن التخصص: نعم التقييم: كان عباره عن تاسكات يدونا هي كل يومين يوم شرحو التاسك و ترجع تسويه في بيتك ويوم تسليم وتشرح ايش سويت، يعتبر كان كويس الي حداً وكان فقط ٦ اسابيع', '[row:26|part:0] (collection=coop_replies)\nتجربه تدريب تعاوني الجهه: امانه جده ضمن التخصص: لا التقييم: بكل شفافيه ( تسليك ولا انصح )', '[row:33|part:0] (collection=coop_replies)\nتجربه تدريب تعاوني الجهه: Jedco ضمن التخصص: لا التقييم: صراحه تدريب بكل الانواع للامن السيبراني ، كميه الشغل ليست كبيره ولا القليله ، بيئه العمل رائعه', '[row:41|part:0] (collection=coop_replies)\nتجربه تدريب تعاوني الجهه: جامعه جده ضمن التخصص: نعم التقييم: nan', '[row:13|part:0] (collection=coop_replies)\nتجربه تدريب تعاوني الجهه: DDC ضمن التخصص: لا التقييم: كويسه بس كان نفسي اجرب اشتغل في بيئه عمل حقيقيه حسيت في التدريب كاني في الجامعه', '[row:61|part:0] (collection=coop_replies)\nتجربه تدريب تعاوني الجهه: شركه مطارات جده ضمن التخصص: لا التقييم: nan', '[row:29|part:0] (collection=coop_replies)\nتجربه تدريب تعاوني الجهه: الارصاد بجده ضمن التخصص: لا التقييم: حلوه مرا ادونا ٣ تاسكات كلها متعلقه بتخصصي الذكاء الاصطناعي وكان كل تاسك له فتره معينه مثلا اسبوعين وبعد الاسبوعين نسوي ميتنق نشوف شغل بعض ونتناقش بيئه العمل مو افضل شي كانو يخلونا احنا البنات تحت بغرفه والعيال فوق عنذهم مكاتب وماعندهم مكان للاسترخاء مثلا ولا جلسات للكافي ما استمتعت صراحه وكاستفاده كانت بسيطه']","قيّم الطلاب تجربة التدريب في جهة أمانة جدة بشكل متنوع، حيث جاءت الآراء كالتالي:

1. بعض الطلاب وجدوا أن التدريب كان ممتعًا وذو دعم كامل من جميع الأقسام، مع تسلسل جيد في تنفيذ الأعمال، بالإضافة إلى جانب التعليم مع العمل.
2. آخرون اعتبروا التجربة جيدة، حيث كانت بيئة العمل مريحة وصحية.
3. هناك من رأى أن التدريب كان مفيدًا جدًا، حيث كانت الأعمال خفيفة ولكنها مفيدة، مع توفير دورات أسبوعية.
4. بعض الطلاب أشاروا إلى أن التدريب كان عبارة عن مهام تُعطى كل يومين، وكان جيدًا إلى حد ما، لكنه استمر لمدة 6 أسابيع فقط.
5. في المقابل، كان هناك تقييم سلبي من طالب ذكر أن التجربة كانت ""تسليك"" ولا ينصح بها.
6. أخيرًا، أحد الطلاب شعر أن التدريب لم يكن كافيًا لتجربة بيئة عمل حقيقية، حيث شعر وكأنه لا يزال في الجامعة.

بناءً على هذه الآراء، يمكن القول إن التجربة كانت مختلطة بين الإيجابية والسلبية.",قيّم الطلاب تجربة التدريب في امانة جده بأنها: مفيدة جدا كان الشغل خفيف لكن مفيد و استفدت بخبرات جديده الشركة وفرت لنا دورات كل اسبوع للافادة,0.0,0.9999999999888889,1.0,1.0
كيف قيّم الطلاب تجربة التدريب في جهة شركة محمد يوسف ناغي للسيارات؟,قيّم الطلاب تجربة التدريب في شركة محمد يوسف ناغي للسيارات بأنها: الشغل كان قليل والدوام كان سلسل بيئة العمل كانت محترمه و متعاونة اشتغل علي ٣ مشاريع شات بوت و ٢ نموذج تصنيف واحد tickets لقسم IT و survey,قيّم الطلاب تجربة التدريب في شركة محمد يوسف ناغي للسيارات بأنها كانت جيدة، حيث ذكر أحد الطلاب أن العمل كان قليلاً والدوام كان سلساً، كما كانت بيئة العمل محترمة ومتعاونة. وقد عمل الطالب على ثلاثة مشاريع تتعلق بالشات بوت ونموذج تصنيف وتذاكر لقسم IT واستطاع الاستفادة من هذه التجربة.,"['[row:1|part:0] (collection=coop_replies)\nتجربه تدريب تعاوني الجهه: شركه محمد يوسف ناغي للسيارات ضمن التخصص: نعم التقييم: الشغل كان قليل والدوام كان سلسل بيئه العمل كانت محترمه و متعاونه اشتغل علي ٣ مشاريع شات بوت و ٢ نموذج تصنيف واحد tickets لقسم IT و survey', '[row:47|part:0] (collection=coop_replies)\nتجربه تدريب تعاوني الجهه: شركه مؤسسه التدريب ضمن التخصص: نعم التقييم: nan', '[row:30|part:0] (collection=coop_replies)\nتجربه تدريب تعاوني الجهه: الخطوط السعوديه ضمن التخصص: نعم التقييم: ما كان تدريب ممتاز لاكن كان تدريب جيد، انصح فيه لو تبغا/تبغي الانتهاء من التدريب، لاكن لو تبغا/تبغي تدريب لفتره اطول او بعد ما تخلص/تخلصي التدريب تتعاقد معاهم علي عشان تكسب/تكسبي خبره ما انصح. نوع الشغل:copilot studio، كميه الشغل: متوسط في الاسبوع تاسكين، بيئه العمل: جميله ومناسبه.', '[row:37|part:0] (collection=coop_replies)\nتجربه تدريب تعاوني الجهه: RCJY ضمن التخصص: نعم التقييم: التدريب كان يعتبر ممتاز من جهه المتدربين والشغل ولكن كانت المشكله في المشرفين كانو يتجاهلو طلباتي مثلا في توقيع الاوراق او ترتيب الخطه اما بنسبه لبيئه العمل كانت ممتازه ولكن لازم تكوني صبوره معاهم لان البعض يتجاهلك يفرغ غضبه عليكي بدون سبب', '[row:35|part:0] (collection=coop_replies)\nتجربه تدريب تعاوني الجهه: سابك ضمن التخصص: نعم التقييم: كانت تجربه ممتعه بس بعيده عن تخصصي و بيئه العمل كانت كويسه وتعاملهم كويس', '[row:18|part:0] (collection=coop_replies)\nتجربه تدريب تعاوني الجهه: اكاديميه الامير سلطان- خطوط السعوديه ضمن التخصص: نعم التقييم: جميل', '[row:0|part:0] (collection=coop_replies)\nتجربه تدريب تعاوني الجهه: امانه جده ضمن التخصص: لا التقييم: مفيده جدا كان الشغل خفيف لكن مفيد و استفدت بخبرات جديده الشركه وفرت لنا دورات كل اسبوع للافاده', '[row:32|part:0] (collection=coop_replies)\nتجربه تدريب تعاوني الجهه: شركه تكرار للحلول التقنيه ضمن التخصص: لا التقييم: تجربه ممتازه خصوصا ان الشركه تقنيه وكمهندسه برمجيات ف كان عندي فرصه اشارك مع كل قسم من ال software lifecycle وكميه الشغل في البدايه كانت خفيفه بعدين بالتدريج بدا يزيد الي ان سار شغليشبه الموظفين وعندي موعد للتسليم وتقديمه للعميل. بيئه العمل جداً ممتازه اغلب الموظفين متوسطين الاعمار والhr جداً متعاونين والخطه كانت جداً flexible حسب انا فين اشوف نفسي افضل. انصح فيها جداً', '[row:12|part:0] (collection=coop_replies)\nتجربه تدريب تعاوني الجهه: HelpAG ضمن التخصص: لا التقييم: جدًا رهيبه ١٠/١٠ انصح كل شخص سايبر يقدم فيها ولكنهم بالرياض', '[row:42|part:0] (collection=coop_replies)\nتجربه تدريب تعاوني الجهه: شركه الخطوط السعوديه لضيافه و هندسه الطيران ضمن التخصص: لا التقييم: nan']",10,True,False,False,True,كيف قيّم الطلاب تجربة التدريب في جهة شركة محمد يوسف ناغي للسيارات؟,,[],,Q062,coop_replies,شركة محمد يوسف ناغي للسيارات,medium,COOPreplies.csv,COOPreplies.csv | organization: شركة محمد يوسف ناغي للسيارات,كيف قيّم الطلاب تجربة التدريب في جهة شركة محمد يوسف ناغي للسيارات؟,"['[row:1|part:0] (collection=coop_replies)\nتجربه تدريب تعاوني الجهه: شركه محمد يوسف ناغي للسيارات ضمن التخصص: نعم التقييم: الشغل كان قليل والدوام كان سلسل بيئه العمل كانت محترمه و متعاونه اشتغل علي ٣ مشاريع شات بوت و ٢ نموذج تصنيف واحد tickets لقسم IT و survey', '[row:47|part:0] (collection=coop_replies)\nتجربه تدريب تعاوني الجهه: شركه مؤسسه التدريب ضمن التخصص: نعم التقييم: nan', '[row:30|part:0] (collection=coop_replies)\nتجربه تدريب تعاوني الجهه: الخطوط السعوديه ضمن التخصص: نعم التقييم: ما كان تدريب ممتاز لاكن كان تدريب جيد، انصح فيه لو تبغا/تبغي الانتهاء من التدريب، لاكن لو تبغا/تبغي تدريب لفتره اطول او بعد ما تخلص/تخلصي التدريب تتعاقد معاهم علي عشان تكسب/تكسبي خبره ما انصح. نوع الشغل:copilot studio، كميه الشغل: متوسط في الاسبوع تاسكين، بيئه العمل: جميله ومناسبه.', '[row:37|part:0] (collection=coop_replies)\nتجربه تدريب تعاوني الجهه: RCJY ضمن التخصص: نعم التقييم: التدريب كان يعتبر ممتاز من جهه المتدربين والشغل ولكن كانت المشكله في المشرفين كانو يتجاهلو طلباتي مثلا في توقيع الاوراق او ترتيب الخطه اما بنسبه لبيئه العمل كانت ممتازه ولكن لازم تكوني صبوره معاهم لان البعض يتجاهلك يفرغ غضبه عليكي بدون سبب', '[row:35|part:0] (collection=coop_replies)\nتجربه تدريب تعاوني الجهه: سابك ضمن التخصص: نعم التقييم: كانت تجربه ممتعه بس بعيده عن تخصصي و بيئه العمل كانت كويسه وتعاملهم كويس', '[row:18|part:0] (collection=coop_replies)\nتجربه تدريب تعاوني الجهه: اكاديميه الامير سلطان- خطوط السعوديه ضمن التخصص: نعم التقييم: جميل', '[row:0|part:0] (collection=coop_replies)\nتجربه تدريب تعاوني الجهه: امانه جده ضمن التخصص: لا التقييم: مفيده جدا كان الشغل خفيف لكن مفيد و استفدت بخبرات جديده الشركه وفرت لنا دورات كل اسبوع للافاده', '[row:32|part:0] (collection=coop_replies)\nتجربه تدريب تعاوني الجهه: شركه تكرار للحلول التقنيه ضمن التخصص: لا التقييم: تجربه ممتازه خصوصا ان الشركه تقنيه وكمهندسه برمجيات ف كان عندي فرصه اشارك مع كل قسم من ال software lifecycle وكميه الشغل في البدايه كانت خفيفه بعدين بالتدريج بدا يزيد الي ان سار شغليشبه الموظفين وعندي موعد للتسليم وتقديمه للعميل. بيئه العمل جداً ممتازه اغلب الموظفين متوسطين الاعمار والhr جداً متعاونين والخطه كانت جداً flexible حسب انا فين اشوف نفسي افضل. انصح فيها جداً', '[row:12|part:0] (collection=coop_replies)\nتجربه تدريب تعاوني الجهه: HelpAG ضمن التخصص: لا التقييم: جدًا رهيبه ١٠/١٠ انصح كل شخص سايبر يقدم فيها ولكنهم بالرياض', '[row:42|part:0] (collection=coop_replies)\nتجربه تدريب تعاوني الجهه: شركه الخطوط السعوديه لضيافه و هندسه الطيران ضمن التخصص: لا التقييم: nan']",قيّم الطلاب تجربة التدريب في شركة محمد يوسف ناغي للسيارات بأنها كانت جيدة، حيث ذكر أحد الطلاب أن العمل كان قليلاً والدوام كان سلساً، كما كانت بيئة العمل محترمة ومتعاونة. وقد عمل الطالب على ثلاثة مشاريع تتعلق بالشات بوت ونموذج تصنيف وتذاكر لقسم IT واستطاع الاستفادة من هذه التجربة.,قيّم الطلاب تجربة التدريب في شركة محمد يوسف ناغي للسيارات بأنها: الشغل كان قليل والدوام كان سلسل بيئة العمل كانت محترمه و متعاونة اشتغل علي ٣ مشاريع شات بوت و ٢ نموذج تصنيف واحد tickets لقسم IT و survey,0.8883247040039243,0.9999999999,0.875,0.5
كيف قيّم الطلاب تجربة التدريب في جهة مستشفى العسكري؟,قيّم الطلاب تجربة التدريب في مستشفى العسكري بأنها: رائع,"قيّم الطلاب تجربة التدريب في مستشفى العسكري بأنها ""رائعة"".","['[row:2|part:0] (collection=coop_replies)\nتجربه تدريب تعاوني الجهه: مستشفي العسكري ضمن التخصص: لا التقييم: رائع', '[row:15|part:0] (collection=coop_replies)\nتجربه تدريب تعاوني الجهه: مستشفي الملك فهد للقوات المسلحه ضمن التخصص: نعم التقييم: تجربه سيئه ، ما اعطونا اي شغل يخص مجالنا واغلب الوقت فاضين ، ويرمون علينا مهام مالها داعي وحرفيا ماستفدت منهم شيء', '[section:evaluation|summary] (collection=coop_rules)\nقواعد التدريب القسم: evaluation - يتم تقييم التدريب بناءً علي خطه التدريب (3%)، تقرير المتابعه (12%)، تقييم جهه التدريب (35%)، التقرير النهائي (35%)، والعرض النهائي (15%). - يحصل الطالب علي درجه PASS او FAIL بناءً علي التقرير النهائي، تقرير المتابعه، وتقييم جهه التدريب.', '[row:27|part:0] (collection=coop_replies)\nتجربه تدريب تعاوني الجهه: مستشفي العيون ضمن التخصص: لا التقييم: اشتغلت ك it كنا احنا نجري وراهم ونقول لنا اعطونا شغل، الشغل كان بسيط تشيكين علي الكمبيوترات من ناحيه البرامج الي يحتاجها المستشفي ونسخه وندوز اذا تحتاج تحديث او لا فكنا نمر علي جميع اجهزه المباني عشان نشيك عليها الي يبغي شي مفيد مو مناسب الصراحه', '[row:54|part:0] (collection=coop_replies)\nتجربه تدريب تعاوني الجهه: مستشفي جامعه الملك عبد العزيز ضمن التخصص: نعم التقييم: nan', '[row:13|part:0] (collection=coop_replies)\nتجربه تدريب تعاوني الجهه: DDC ضمن التخصص: لا التقييم: كويسه بس كان نفسي اجرب اشتغل في بيئه عمل حقيقيه حسيت في التدريب كاني في الجامعه', '[row:53|part:0] (collection=coop_replies)\nتجربه تدريب تعاوني الجهه: مستشفي الملك فهد العام ضمن التخصص: نعم التقييم: nan', '[coop_rule:final_evaluation_rule|part:0] (collection=coop_rules)\nيحصل الطالب علي درجه PASS او FAIL بناءً علي التقرير النهائي، تقرير المتابعه، وتقييم جهه التدريب.', '[row:37|part:0] (collection=coop_replies)\nتجربه تدريب تعاوني الجهه: RCJY ضمن التخصص: نعم التقييم: التدريب كان يعتبر ممتاز من جهه المتدربين والشغل ولكن كانت المشكله في المشرفين كانو يتجاهلو طلباتي مثلا في توقيع الاوراق او ترتيب الخطه اما بنسبه لبيئه العمل كانت ممتازه ولكن لازم تكوني صبوره معاهم لان البعض يتجاهلك يفرغ غضبه عليكي بدون سبب', '[row:19|part:0] (collection=coop_replies)\nتجربه تدريب تعاوني الجهه: SDAIA ضمن التخصص: نعم التقييم: تجربه كويسه نوع الشغل كان كله في مجالي بس مره متقدم بس مقدور عليه كميه الشغل كانت معقوله يعني التاسكات الطويله كان الديدلاين حقها طويله وكذا البيئه كويسه الكل هناك مستعد يساعدك']",10,True,False,False,True,كيف قيّم الطلاب تجربة التدريب في جهة مستشفى العسكري؟,,[],,Q063,coop_replies,مستشفى العسكري,medium,COOPreplies.csv,COOPreplies.csv | organization: مستشفى العسكري,كيف قيّم الطلاب تجربة التدريب في جهة مستشفى العسكري؟,"['[row:2|part:0] (collection=coop_replies)\nتجربه تدريب تعاوني الجهه: مستشفي العسكري ضمن التخصص: لا التقييم: رائع', '[row:15|part:0] (collection=coop_replies)\nتجربه تدريب تعاوني الجهه: مستشفي الملك فهد للقوات المسلحه ضمن التخصص: نعم التقييم: تجربه سيئه ، ما اعطونا اي شغل يخص مجالنا واغلب الوقت فاضين ، ويرمون علينا مهام مالها داعي وحرفيا ماستفدت منهم شيء', '[section:evaluation|summary] (collection=coop_rules)\nقواعد التدريب القسم: evaluation - يتم تقييم التدريب بناءً علي خطه التدريب (3%)، تقرير المتابعه (12%)، تقييم جهه التدريب (35%)، التقرير النهائي (35%)، والعرض النهائي (15%). - يحصل الطالب علي درجه PASS او FAIL بناءً علي التقرير النهائي، تقرير المتابعه، وتقييم جهه التدريب.', '[row:27|part:0] (collection=coop_replies)\nتجربه تدريب تعاوني الجهه: مستشفي العيون ضمن التخصص: لا التقييم: اشتغلت ك it كنا احنا نجري وراهم ونقول لنا اعطونا شغل، الشغل كان بسيط تشيكين علي الكمبيوترات من ناحيه البرامج الي يحتاجها المستشفي ونسخه وندوز اذا تحتاج تحديث او لا فكنا نمر علي جميع اجهزه المباني عشان نشيك عليها الي يبغي شي مفيد مو مناسب الصراحه', '[row:54|part:0] (collection=coop_replies)\nتجربه تدريب تعاوني الجهه: مستشفي جامعه الملك عبد العزيز ضمن التخصص: نعم التقييم: nan', '[row:13|part:0] (collection=coop_replies)\nتجربه تدريب تعاوني الجهه: DDC ضمن التخصص: لا التقييم: كويسه بس كان نفسي اجرب اشتغل في بيئه عمل حقيقيه حسيت في التدريب كاني في الجامعه', '[row:53|part:0] (collection=coop_replies)\nتجربه تدريب تعاوني الجهه: مستشفي الملك فهد العام ضمن التخصص: نعم التقييم: nan', '[coop_rule:final_evaluation_rule|part:0] (collection=coop_rules)\nيحصل الطالب علي درجه PASS او FAIL بناءً علي التقرير النهائي، تقرير المتابعه، وتقييم جهه التدريب.', '[row:37|part:0] (collection=coop_replies)\nتجربه تدريب تعاوني الجهه: RCJY ضمن التخصص: نعم التقييم: التدريب كان يعتبر ممتاز من جهه المتدربين والشغل ولكن كانت المشكله في المشرفين كانو يتجاهلو طلباتي مثلا في توقيع الاوراق او ترتيب الخطه اما بنسبه لبيئه العمل كانت ممتازه ولكن لازم تكوني صبوره معاهم لان البعض يتجاهلك يفرغ غضبه عليكي بدون سبب', '[row:19|part:0] (collection=coop_replies)\nتجربه تدريب تعاوني الجهه: SDAIA ضمن التخصص: نعم التقييم: تجربه كويسه نوع الشغل كان كله في مجالي بس مره متقدم بس مقدور عليه كميه الشغل كانت معقوله يعني التاسكات الطويله كان الديدلاين حقها طويله وكذا البيئه كويسه الكل هناك مستعد يساعدك']","قيّم الطلاب تجربة التدريب في مستشفى العسكري بأنها ""رائعة"".",قيّم الطلاب تجربة التدريب في مستشفى العسكري بأنها: رائع,0.9399114457935633,0.9999999999,1.0,1.0
كيف قيّم الطلاب تجربة التدريب في جهة جامعة الملك خالد - قسم تقنية المعلومات؟,قيّم الطلاب تجربة التدريب في جامعة الملك خالد - قسم تقنية المعلومات بأنها: خطة مرنة وضعت حسب التخصص ، تعامل ممتاز من قبل الموظفين، بيئة عمل مختلطة بس فيه قسم خاص للنساء فقط ، تجربة رائعة الحمدلله,"قيّم الطلاب تجربة التدريب في جهة جامعة الملك خالد - قسم تقنية المعلومات بشكل إيجابي، حيث وصفوها بأنها ""تجربة رائعة"" مع خطة مرنة وضعت حسب التخصص، وتفاعل ممتاز من قبل الموظفين. كما أشاروا إلى وجود بيئة عمل مختلطة مع قسم خاص للنساء.","['[row:3|part:0] (collection=coop_replies)\nتجربه تدريب تعاوني الجهه: جامعه الملك خالد - قسم تقنيه المعلومات ضمن التخصص: لا التقييم: خطه مرنه وضعت حسب التخصص ، تعامل ممتاز من قبل الموظفين، بيئه عمل مختلطه بس فيه قسم خاص للنساء فقط ، تجربه رائعه الحمدلله', '[row:15|part:0] (collection=coop_replies)\nتجربه تدريب تعاوني الجهه: مستشفي الملك فهد للقوات المسلحه ضمن التخصص: نعم التقييم: تجربه سيئه ، ما اعطونا اي شغل يخص مجالنا واغلب الوقت فاضين ، ويرمون علينا مهام مالها داعي وحرفيا ماستفدت منهم شيء', '[row:54|part:0] (collection=coop_replies)\nتجربه تدريب تعاوني الجهه: مستشفي جامعه الملك عبد العزيز ضمن التخصص: نعم التقييم: nan', '[row:51|part:0] (collection=coop_replies)\nتجربه تدريب تعاوني الجهه: مجمع الملك عبد العزيز الطبي ضمن التخصص: نعم التقييم: nan', '[row:31|part:0] (collection=coop_replies)\nتجربه تدريب تعاوني الجهه: مركز البيانات التنمويه بمنطقه مكه المكرمه ضمن التخصص: لا التقييم: ممتازه بكل النواحي', '[row:39|part:0] (collection=coop_replies)\nتجربه تدريب تعاوني الجهه: مركز البيانات التنمويه ضمن التخصص: نعم التقييم: ممتاز جدا', '[row:34|part:0] (collection=coop_replies)\nتجربه تدريب تعاوني الجهه: اكاديميه كاوست ضمن التخصص: نعم التقييم: والله رهيبين', '[row:58|part:0] (collection=coop_replies)\nتجربه تدريب تعاوني الجهه: جامعه الملك سعود ف ي الحرس الوطن ي ضمن التخصص: نعم التقييم: nan', '[row:53|part:0] (collection=coop_replies)\nتجربه تدريب تعاوني الجهه: مستشفي الملك فهد العام ضمن التخصص: نعم التقييم: nan', '[row:13|part:0] (collection=coop_replies)\nتجربه تدريب تعاوني الجهه: DDC ضمن التخصص: لا التقييم: كويسه بس كان نفسي اجرب اشتغل في بيئه عمل حقيقيه حسيت في التدريب كاني في الجامعه']",10,True,False,False,True,كيف قيّم الطلاب تجربة التدريب في جهة جامعة الملك خالد - قسم تقنية المعلومات؟,,[],,Q064,coop_replies,جامعة الملك خالد - قسم تقنية المعلومات,medium,COOPreplies.csv,COOPreplies.csv | organization: جامعة الملك خالد - قسم تقنية المعلومات,كيف قيّم الطلاب تجربة التدريب في جهة جامعة الملك خالد - قسم تقنية المعلومات؟,"['[row:3|part:0] (collection=coop_replies)\nتجربه تدريب تعاوني الجهه: جامعه الملك خالد - قسم تقنيه المعلومات ضمن التخصص: لا التقييم: خطه مرنه وضعت حسب التخصص ، تعامل ممتاز من قبل الموظفين، بيئه عمل مختلطه بس فيه قسم خاص للنساء فقط ، تجربه رائعه الحمدلله', '[row:15|part:0] (collection=coop_replies)\nتجربه تدريب تعاوني الجهه: مستشفي الملك فهد للقوات المسلحه ضمن التخصص: نعم التقييم: تجربه سيئه ، ما اعطونا اي شغل يخص مجالنا واغلب الوقت فاضين ، ويرمون علينا مهام مالها داعي وحرفيا ماستفدت منهم شيء', '[row:54|part:0] (collection=coop_replies)\nتجربه تدريب تعاوني الجهه: مستشفي جامعه الملك عبد العزيز ضمن التخصص: نعم التقييم: nan', '[row:51|part:0] (collection=coop_replies)\nتجربه تدريب تعاوني الجهه: مجمع الملك عبد العزيز الطبي ضمن التخصص: نعم التقييم: nan', '[row:31|part:0] (collection=coop_replies)\nتجربه تدريب تعاوني الجهه: مركز البيانات التنمويه بمنطقه مكه المكرمه ضمن التخصص: لا التقييم: ممتازه بكل النواحي', '[row:39|part:0] (collection=coop_replies)\nتجربه تدريب تعاوني الجهه: مركز البيانات التنمويه ضمن التخصص: نعم التقييم: ممتاز جدا', '[row:34|part:0] (collection=coop_replies)\nتجربه تدريب تعاوني الجهه: اكاديميه كاوست ضمن التخصص: نعم التقييم: والله رهيبين', '[row:58|part:0] (collection=coop_replies)\nتجربه تدريب تعاوني الجهه: جامعه الملك سعود ف ي الحرس الوطن ي ضمن التخصص: نعم التقييم: nan', '[row:53|part:0] (collection=coop_replies)\nتجربه تدريب تعاوني الجهه: مستشفي الملك فهد العام ضمن التخصص: نعم التقييم: nan', '[row:13|part:0] (collection=coop_replies)\nتجربه تدريب تعاوني الجهه: DDC ضمن التخصص: لا التقييم: كويسه بس كان نفسي اجرب اشتغل في بيئه عمل حقيقيه حسيت في التدريب كاني في الجامعه']","قيّم الطلاب تجربة التدريب في جهة جامعة الملك خالد - قسم تقنية المعلومات بشكل إيجابي، حيث وصفوها بأنها ""تجربة رائعة"" مع خطة مرنة وضعت حسب التخصص، وتفاعل ممتاز من قبل الموظفين. كما أشاروا إلى وجود بيئة عمل مختلطة مع قسم خاص للنساء.",قيّم الطلاب تجربة التدريب في جامعة الملك خالد - قسم تقنية المعلومات بأنها: خطة مرنة وضعت حسب التخصص ، تعامل ممتاز من قبل الموظفين، بيئة عمل مختلطة بس فيه قسم خاص للنساء فقط ، تجربة رائعة الحمدلله,0.8745912572008341,0.6666666666333333,1.0,1.0
كيف قيّم الطلاب تجربة التدريب في جهة امانة جدة؟,قيّم الطلاب تجربة التدريب في امانة جدة بأنها: تجربة جيدة دوام مريح بيئة عمل صحية,"قيّم الطلاب تجربة التدريب في جهة أمانة جدة بشكل متنوع، حيث كانت الآراء كالتالي:

1. بعض الطلاب وجدوا أن التدريب كان ممتعًا ويدعمه جميع الأقسام، مع وجود تسلسل جيد في تنفيذ العمل، بالإضافة إلى جانب التعليم.
2. آخرون اعتبروا التجربة جيدة، حيث كانت بيئة العمل مريحة وصحية.
3. هناك من رأى أن التدريب كان مفيدًا جدًا، حيث كانت المهام خفيفة ولكنها مفيدة، مع توفير دورات أسبوعية.
4. بعض الطلاب أشاروا إلى أن التدريب كان عبارة عن مهام تُعطى كل يومين، وكان جيدًا إلى حد ما، لكنه استمر لمدة 6 أسابيع فقط.
5. في المقابل، كان هناك تقييم سلبي من طالب ذكر أن التجربة كانت ""تسليك"" ولا ينصح بها.
6. أيضًا، تم الإشارة إلى أن بيئة العمل لم تكن مثالية، حيث تم فصل الطلاب حسب الجنس، مما أثر على تجربتهم.

بشكل عام، تتراوح تقييمات الطلاب بين الإيجابية والسلبية، مما يدل على تنوع التجارب.","['[row:9|part:0] (collection=coop_replies)\nتجربه تدريب تعاوني الجهه: امانه جده ضمن التخصص: لا التقييم: الشغل ممتع وفيه دعم كامل من كل الاقسام وفيه تسلسل كبير في وقت تنفيذ الشغل بالاضافه الي جانب التعليم مع جانب العمل', '[row:4|part:0] (collection=coop_replies)\nتجربه تدريب تعاوني الجهه: امانه جده ضمن التخصص: لا التقييم: تجربه جيده دوام مريح بيئه عمل صحيه', '[row:0|part:0] (collection=coop_replies)\nتجربه تدريب تعاوني الجهه: امانه جده ضمن التخصص: لا التقييم: مفيده جدا كان الشغل خفيف لكن مفيد و استفدت بخبرات جديده الشركه وفرت لنا دورات كل اسبوع للافاده', '[row:38|part:0] (collection=coop_replies)\nتجربه تدريب تعاوني الجهه: امانه جده ضمن التخصص: نعم التقييم: كان عباره عن تاسكات يدونا هي كل يومين يوم شرحو التاسك و ترجع تسويه في بيتك ويوم تسليم وتشرح ايش سويت، يعتبر كان كويس الي حداً وكان فقط ٦ اسابيع', '[row:26|part:0] (collection=coop_replies)\nتجربه تدريب تعاوني الجهه: امانه جده ضمن التخصص: لا التقييم: بكل شفافيه ( تسليك ولا انصح )', '[row:33|part:0] (collection=coop_replies)\nتجربه تدريب تعاوني الجهه: Jedco ضمن التخصص: لا التقييم: صراحه تدريب بكل الانواع للامن السيبراني ، كميه الشغل ليست كبيره ولا القليله ، بيئه العمل رائعه', '[row:41|part:0] (collection=coop_replies)\nتجربه تدريب تعاوني الجهه: جامعه جده ضمن التخصص: نعم التقييم: nan', '[row:13|part:0] (collection=coop_replies)\nتجربه تدريب تعاوني الجهه: DDC ضمن التخصص: لا التقييم: كويسه بس كان نفسي اجرب اشتغل في بيئه عمل حقيقيه حسيت في التدريب كاني في الجامعه', '[row:61|part:0] (collection=coop_replies)\nتجربه تدريب تعاوني الجهه: شركه مطارات جده ضمن التخصص: لا التقييم: nan', '[row:29|part:0] (collection=coop_replies)\nتجربه تدريب تعاوني الجهه: الارصاد بجده ضمن التخصص: لا التقييم: حلوه مرا ادونا ٣ تاسكات كلها متعلقه بتخصصي الذكاء الاصطناعي وكان كل تاسك له فتره معينه مثلا اسبوعين وبعد الاسبوعين نسوي ميتنق نشوف شغل بعض ونتناقش بيئه العمل مو افضل شي كانو يخلونا احنا البنات تحت بغرفه والعيال فوق عنذهم مكاتب وماعندهم مكان للاسترخاء مثلا ولا جلسات للكافي ما استمتعت صراحه وكاستفاده كانت بسيطه']",10,False,False,False,True,كيف قيّم الطلاب تجربة التدريب في جهة امانة جدة؟,,[],,Q065,coop_replies,امانة جدة,medium,COOPreplies.csv,COOPreplies.csv | organization: امانة جدة,كيف قيّم الطلاب تجربة التدريب في جهة امانة جدة؟,"['[row:9|part:0] (collection=coop_replies)\nتجربه تدريب تعاوني الجهه: امانه جده ضمن التخصص: لا التقييم: الشغل ممتع وفيه دعم كامل من كل الاقسام وفيه تسلسل كبير في وقت تنفيذ الشغل بالاضافه الي جانب التعليم مع جانب العمل', '[row:4|part:0] (collection=coop_replies)\nتجربه تدريب تعاوني الجهه: امانه جده ضمن التخصص: لا التقييم: تجربه جيده دوام مريح بيئه عمل صحيه', '[row:0|part:0] (collection=coop_replies)\nتجربه تدريب تعاوني الجهه: امانه جده ضمن التخصص: لا التقييم: مفيده جدا كان الشغل خفيف لكن مفيد و استفدت بخبرات جديده الشركه وفرت لنا دورات كل اسبوع للافاده', '[row:38|part:0] (collection=coop_replies)\nتجربه تدريب تعاوني الجهه: امانه جده ضمن التخصص: نعم التقييم: كان عباره عن تاسكات يدونا هي كل يومين يوم شرحو التاسك و ترجع تسويه في بيتك ويوم تسليم وتشرح ايش سويت، يعتبر كان كويس الي حداً وكان فقط ٦ اسابيع', '[row:26|part:0] (collection=coop_replies)\nتجربه تدريب تعاوني الجهه: امانه جده ضمن التخصص: لا التقييم: بكل شفافيه ( تسليك ولا انصح )', '[row:33|part:0] (collection=coop_replies)\nتجربه تدريب تعاوني الجهه: Jedco ضمن التخصص: لا التقييم: صراحه تدريب بكل الانواع للامن السيبراني ، كميه الشغل ليست كبيره ولا القليله ، بيئه العمل رائعه', '[row:41|part:0] (collection=coop_replies)\nتجربه تدريب تعاوني الجهه: جامعه جده ضمن التخصص: نعم التقييم: nan', '[row:13|part:0] (collection=coop_replies)\nتجربه تدريب تعاوني الجهه: DDC ضمن التخصص: لا التقييم: كويسه بس كان نفسي اجرب اشتغل في بيئه عمل حقيقيه حسيت في التدريب كاني في الجامعه', '[row:61|part:0] (collection=coop_replies)\nتجربه تدريب تعاوني الجهه: شركه مطارات جده ضمن التخصص: لا التقييم: nan', '[row:29|part:0] (collection=coop_replies)\nتجربه تدريب تعاوني الجهه: الارصاد بجده ضمن التخصص: لا التقييم: حلوه مرا ادونا ٣ تاسكات كلها متعلقه بتخصصي الذكاء الاصطناعي وكان كل تاسك له فتره معينه مثلا اسبوعين وبعد الاسبوعين نسوي ميتنق نشوف شغل بعض ونتناقش بيئه العمل مو افضل شي كانو يخلونا احنا البنات تحت بغرفه والعيال فوق عنذهم مكاتب وماعندهم مكان للاسترخاء مثلا ولا جلسات للكافي ما استمتعت صراحه وكاستفاده كانت بسيطه']","قيّم الطلاب تجربة التدريب في جهة أمانة جدة بشكل متنوع، حيث كانت الآراء كالتالي:

1. بعض الطلاب وجدوا أن التدريب كان ممتعًا ويدعمه جميع الأقسام، مع وجود تسلسل جيد في تنفيذ العمل، بالإضافة إلى جانب التعليم.
2. آخرون اعتبروا التجربة جيدة، حيث كانت بيئة العمل مريحة وصحية.
3. هناك من رأى أن التدريب كان مفيدًا جدًا، حيث كانت المهام خفيفة ولكنها مفيدة، مع توفير دورات أسبوعية.
4. بعض الطلاب أشاروا إلى أن التدريب كان عبارة عن مهام تُعطى كل يومين، وكان جيدًا إلى حد ما، لكنه استمر لمدة 6 أسابيع فقط.
5. في المقابل، كان هناك تقييم سلبي من طالب ذكر أن التجربة كانت ""تسليك"" ولا ينصح بها.
6. أيضًا، تم الإشارة إلى أن بيئة العمل لم تكن مثالية، حيث تم فصل الطلاب حسب الجنس، مما أثر على تجربتهم.

بشكل عام، تتراوح تقييمات الطلاب بين الإيجابية والسلبية، مما يدل على تنوع التجارب.",قيّم الطلاب تجربة التدريب في امانة جدة بأنها: تجربة جيدة دوام مريح بيئة عمل صحية,0.0,0.9666666666473333,1.0,1.0
هل كان التدريب في جهة أرامكو ضمن مجال التخصص أم لا؟,التدريب في جهة أرامكو كان ضمن مجال التخصص: نعم.,"نعم، التدريب في جهة أرامكو كان ضمن مجال التخصص. وفقًا للمعلومات المتاحة، كان التدريب في قسم ""Loss prevention"" يتضمن مشاريع تحل مشاكل أو تحسين طرق العمل باستخدام الذكاء الاصطناعي، بالإضافة إلى تقديم كورسات وندوات تتعلق بتخصص الذكاء الاصطناعي.","['[row:5|part:0] (collection=coop_replies)\nتجربه تدريب تعاوني الجهه: ارامكو ضمن التخصص: نعم التقييم: التدريب في ارامكو يختلف علي حسب القسم الي تنقبلي فيه ، بنسبه لقسمي Loss prevention, كان عباره عن مشاريع تحل مشاكل او تحسين لطريقه العمل باستخدم الAI و كان في ايضا تاسكات اخري و يعطوكي كورسات و حضور ندوات و مؤتمرات لمواضيع مختلفه و اغلبها كانت في تخصصي AI .يعطوكي مكافاه ماليه واذا كان بيتك يبعد عن مقر الشغل بمسافه محدد يعطوكي سكن و مواصلات مجاناً الشغل و ايضا اشتراك في نادي مجاناً و تقدري تدخلي اي كامبس و ايضا في خصومات كثيره في جميع الامور و كمان طيران مجاناً اذا مكان شغل القريب نفس المميزات بس يعطوك بدل سكن مايوفرو لكي سكن', '[row:33|part:0] (collection=coop_replies)\nتجربه تدريب تعاوني الجهه: Jedco ضمن التخصص: لا التقييم: صراحه تدريب بكل الانواع للامن السيبراني ، كميه الشغل ليست كبيره ولا القليله ، بيئه العمل رائعه', '[row:26|part:0] (collection=coop_replies)\nتجربه تدريب تعاوني الجهه: امانه جده ضمن التخصص: لا التقييم: بكل شفافيه ( تسليك ولا انصح )', '[row:28|part:0] (collection=coop_replies)\nتجربه تدريب تعاوني الجهه: الشركه السعوديه للكهرباء ضمن التخصص: لا التقييم: ضمن الاختصاص والمجال / مجهود عالي ضمن اطار الامكانيات/ ممتازه ومحفزه', '[row:9|part:0] (collection=coop_replies)\nتجربه تدريب تعاوني الجهه: امانه جده ضمن التخصص: لا التقييم: الشغل ممتع وفيه دعم كامل من كل الاقسام وفيه تسلسل كبير في وقت تنفيذ الشغل بالاضافه الي جانب التعليم مع جانب العمل', '[row:63|part:0] (collection=coop_replies)\nتجربه تدريب تعاوني الجهه: هيئه العامه الرصاد ضمن التخصص: لا التقييم: nan', '[row:64|part:0] (collection=coop_replies)\nتجربه تدريب تعاوني الجهه: هيئه المساحه الجيولوجيه السعوديه ضمن التخصص: لا التقييم: nan', '[row:36|part:0] (collection=coop_replies)\nتجربه تدريب تعاوني الجهه: رحله ضمن التخصص: نعم التقييم: ممتازه من ناحيه التطبيق ولكن كان هناك ملاحظه عدم وجود مشرف متخصص في المجال', '[row:45|part:0] (collection=coop_replies)\nتجربه تدريب تعاوني الجهه: شركه بترومين ضمن التخصص: نعم التقييم: nan', '[row:43|part:0] (collection=coop_replies)\nتجربه تدريب تعاوني الجهه: شركه السعوديه للكهرباء ضمن التخصص: لا التقييم: nan']",10,True,False,False,True,هل كان التدريب في جهة أرامكو ضمن مجال التخصص أم لا؟,,[],,Q066,coop_replies,أرامكو,easy,COOPreplies.csv,COOPreplies.csv | organization: أرامكو,هل كان التدريب في جهة أرامكو ضمن مجال التخصص أم لا؟,"['[row:5|part:0] (collection=coop_replies)\nتجربه تدريب تعاوني الجهه: ارامكو ضمن التخصص: نعم التقييم: التدريب في ارامكو يختلف علي حسب القسم الي تنقبلي فيه ، بنسبه لقسمي Loss prevention, كان عباره عن مشاريع تحل مشاكل او تحسين لطريقه العمل باستخدم الAI و كان في ايضا تاسكات اخري و يعطوكي كورسات و حضور ندوات و مؤتمرات لمواضيع مختلفه و اغلبها كانت في تخصصي AI .يعطوكي مكافاه ماليه واذا كان بيتك يبعد عن مقر الشغل بمسافه محدد يعطوكي سكن و مواصلات مجاناً الشغل و ايضا اشتراك في نادي مجاناً و تقدري تدخلي اي كامبس و ايضا في خصومات كثيره في جميع الامور و كمان طيران مجاناً اذا مكان شغل القريب نفس المميزات بس يعطوك بدل سكن مايوفرو لكي سكن', '[row:33|part:0] (collection=coop_replies)\nتجربه تدريب تعاوني الجهه: Jedco ضمن التخصص: لا التقييم: صراحه تدريب بكل الانواع للامن السيبراني ، كميه الشغل ليست كبيره ولا القليله ، بيئه العمل رائعه', '[row:26|part:0] (collection=coop_replies)\nتجربه تدريب تعاوني الجهه: امانه جده ضمن التخصص: لا التقييم: بكل شفافيه ( تسليك ولا انصح )', '[row:28|part:0] (collection=coop_replies)\nتجربه تدريب تعاوني الجهه: الشركه السعوديه للكهرباء ضمن التخصص: لا التقييم: ضمن الاختصاص والمجال / مجهود عالي ضمن اطار الامكانيات/ ممتازه ومحفزه', '[row:9|part:0] (collection=coop_replies)\nتجربه تدريب تعاوني الجهه: امانه جده ضمن التخصص: لا التقييم: الشغل ممتع وفيه دعم كامل من كل الاقسام وفيه تسلسل كبير في وقت تنفيذ الشغل بالاضافه الي جانب التعليم مع جانب العمل', '[row:63|part:0] (collection=coop_replies)\nتجربه تدريب تعاوني الجهه: هيئه العامه الرصاد ضمن التخصص: لا التقييم: nan', '[row:64|part:0] (collection=coop_replies)\nتجربه تدريب تعاوني الجهه: هيئه المساحه الجيولوجيه السعوديه ضمن التخصص: لا التقييم: nan', '[row:36|part:0] (collection=coop_replies)\nتجربه تدريب تعاوني الجهه: رحله ضمن التخصص: نعم التقييم: ممتازه من ناحيه التطبيق ولكن كان هناك ملاحظه عدم وجود مشرف متخصص في المجال', '[row:45|part:0] (collection=coop_replies)\nتجربه تدريب تعاوني الجهه: شركه بترومين ضمن التخصص: نعم التقييم: nan', '[row:43|part:0] (collection=coop_replies)\nتجربه تدريب تعاوني الجهه: شركه السعوديه للكهرباء ضمن التخصص: لا التقييم: nan']","نعم، التدريب في جهة أرامكو كان ضمن مجال التخصص. وفقًا للمعلومات المتاحة، كان التدريب في قسم ""Loss prevention"" يتضمن مشاريع تحل مشاكل أو تحسين طرق العمل باستخدام الذكاء الاصطناعي، بالإضافة إلى تقديم كورسات وندوات تتعلق بتخصص الذكاء الاصطناعي.",التدريب في جهة أرامكو كان ضمن مجال التخصص: نعم.,0.8500807002321312,0.62499999996875,0.6666666666666666,1.0
هل كان التدريب في جهة المركز الوطني للارصاد ضمن مجال التخصص أم لا؟,التدريب في جهة المركز الوطني للارصاد كان ضمن مجال التخصص: لا.,التدريب في المركز الوطني للأرصاد كان ضمن التخصص: لا.,"['[row:10|part:0] (collection=coop_replies)\nتجربه تدريب تعاوني الجهه: مركز الارصاد الوطني ضمن التخصص: لا التقييم: ممتاز', '[row:63|part:0] (collection=coop_replies)\nتجربه تدريب تعاوني الجهه: هيئه العامه الرصاد ضمن التخصص: لا التقييم: nan', '[row:6|part:0] (collection=coop_replies)\nتجربه تدريب تعاوني الجهه: المركز الوطني للارصاد ضمن التخصص: لا التقييم: تخصصي ذكاء اصطناعي، وكانت المشاريع كلها مناسبه لتخصصي، بس اذا كان تخصصك برمجيات او علوم حاسب مثلا برضو بتمشي علي خطه الذكاء وتسوي مشاريعهم (كذا كان علي وقتي) ما كانت عندهم خطط ثانيه، بالنسبه للشغل كان فردي اعطونا ٣ مشاريع وبدايه كل مشروع يعطونا الداتا ويقولو لنا وش المطلوب مننا وبيوم التسليم نسوي اجتماع ونوريهم شغلنا ونشرحه، المشرفين متعاونين جدا ومافي ضغط، وبيئه العمل كويسه محد يهتم او يقعد فوق راسك، حتي اوقات الحضور كانو متعاونين فيها مو لازم نداوم كل يوم او كل الساعات اهمشي نسلم المشروع في وقته', '[row:7|part:0] (collection=coop_replies)\nتجربه تدريب تعاوني الجهه: المركز الوطني للارصاد ضمن التخصص: لا التقييم: تجربه تعلمت منها الكثير واشتغلت علي مشاريع بتخصصي الذكاء الاصطناعي ، كان الشغل ثلاث مشاريع ، بيئه العمل كانت رائعه', '[row:29|part:0] (collection=coop_replies)\nتجربه تدريب تعاوني الجهه: الارصاد بجده ضمن التخصص: لا التقييم: حلوه مرا ادونا ٣ تاسكات كلها متعلقه بتخصصي الذكاء الاصطناعي وكان كل تاسك له فتره معينه مثلا اسبوعين وبعد الاسبوعين نسوي ميتنق نشوف شغل بعض ونتناقش بيئه العمل مو افضل شي كانو يخلونا احنا البنات تحت بغرفه والعيال فوق عنذهم مكاتب وماعندهم مكان للاسترخاء مثلا ولا جلسات للكافي ما استمتعت صراحه وكاستفاده كانت بسيطه', '[row:64|part:0] (collection=coop_replies)\nتجربه تدريب تعاوني الجهه: هيئه المساحه الجيولوجيه السعوديه ضمن التخصص: لا التقييم: nan', '[row:62|part:0] (collection=coop_replies)\nتجربه تدريب تعاوني الجهه: هيئه الطيران المدن ي ضمن التخصص: نعم التقييم: nan', '[row:26|part:0] (collection=coop_replies)\nتجربه تدريب تعاوني الجهه: امانه جده ضمن التخصص: لا التقييم: بكل شفافيه ( تسليك ولا انصح )', '[row:57|part:0] (collection=coop_replies)\nتجربه تدريب تعاوني الجهه: هيئه العامه للزكاه والدخل ضمن التخصص: لا التقييم: nan', '[row:49|part:0] (collection=coop_replies)\nتجربه تدريب تعاوني الجهه: مؤسسه خط االجهزه ضمن التخصص: نعم التقييم: nan']",10,True,False,False,True,هل كان التدريب في جهة المركز الوطني للارصاد ضمن مجال التخصص أم لا؟,,[],,Q067,coop_replies,المركز الوطني للارصاد,easy,COOPreplies.csv,COOPreplies.csv | organization: المركز الوطني للارصاد,هل كان التدريب في جهة المركز الوطني للارصاد ضمن مجال التخصص أم لا؟,"['[row:10|part:0] (collection=coop_replies)\nتجربه تدريب تعاوني الجهه: مركز الارصاد الوطني ضمن التخصص: لا التقييم: ممتاز', '[row:63|part:0] (collection=coop_replies)\nتجربه تدريب تعاوني الجهه: هيئه العامه الرصاد ضمن التخصص: لا التقييم: nan', '[row:6|part:0] (collection=coop_replies)\nتجربه تدريب تعاوني الجهه: المركز الوطني للارصاد ضمن التخصص: لا التقييم: تخصصي ذكاء اصطناعي، وكانت المشاريع كلها مناسبه لتخصصي، بس اذا كان تخصصك برمجيات او علوم حاسب مثلا برضو بتمشي علي خطه الذكاء وتسوي مشاريعهم (كذا كان علي وقتي) ما كانت عندهم خطط ثانيه، بالنسبه للشغل كان فردي اعطونا ٣ مشاريع وبدايه كل مشروع يعطونا الداتا ويقولو لنا وش المطلوب مننا وبيوم التسليم نسوي اجتماع ونوريهم شغلنا ونشرحه، المشرفين متعاونين جدا ومافي ضغط، وبيئه العمل كويسه محد يهتم او يقعد فوق راسك، حتي اوقات الحضور كانو متعاونين فيها مو لازم نداوم كل يوم او كل الساعات اهمشي نسلم المشروع في وقته', '[row:7|part:0] (collection=coop_replies)\nتجربه تدريب تعاوني الجهه: المركز الوطني للارصاد ضمن التخصص: لا التقييم: تجربه تعلمت منها الكثير واشتغلت علي مشاريع بتخصصي الذكاء الاصطناعي ، كان الشغل ثلاث مشاريع ، بيئه العمل كانت رائعه', '[row:29|part:0] (collection=coop_replies)\nتجربه تدريب تعاوني الجهه: الارصاد بجده ضمن التخصص: لا التقييم: حلوه مرا ادونا ٣ تاسكات كلها متعلقه بتخصصي الذكاء الاصطناعي وكان كل تاسك له فتره معينه مثلا اسبوعين وبعد الاسبوعين نسوي ميتنق نشوف شغل بعض ونتناقش بيئه العمل مو افضل شي كانو يخلونا احنا البنات تحت بغرفه والعيال فوق عنذهم مكاتب وماعندهم مكان للاسترخاء مثلا ولا جلسات للكافي ما استمتعت صراحه وكاستفاده كانت بسيطه', '[row:64|part:0] (collection=coop_replies)\nتجربه تدريب تعاوني الجهه: هيئه المساحه الجيولوجيه السعوديه ضمن التخصص: لا التقييم: nan', '[row:62|part:0] (collection=coop_replies)\nتجربه تدريب تعاوني الجهه: هيئه الطيران المدن ي ضمن التخصص: نعم التقييم: nan', '[row:26|part:0] (collection=coop_replies)\nتجربه تدريب تعاوني الجهه: امانه جده ضمن التخصص: لا التقييم: بكل شفافيه ( تسليك ولا انصح )', '[row:57|part:0] (collection=coop_replies)\nتجربه تدريب تعاوني الجهه: هيئه العامه للزكاه والدخل ضمن التخصص: لا التقييم: nan', '[row:49|part:0] (collection=coop_replies)\nتجربه تدريب تعاوني الجهه: مؤسسه خط االجهزه ضمن التخصص: نعم التقييم: nan']",التدريب في المركز الوطني للأرصاد كان ضمن التخصص: لا.,التدريب في جهة المركز الوطني للارصاد كان ضمن مجال التخصص: لا.,0.9313252280800485,0.9704861110989801,0.5,1.0
هل كان التدريب في جهة المركز الوطني للارصاد ضمن مجال التخصص أم لا؟,التدريب في جهة المركز الوطني للارصاد كان ضمن مجال التخصص: لا.,التدريب في المركز الوطني للأرصاد كان ضمن التخصص: لا.,"['[row:10|part:0] (collection=coop_replies)\nتجربه تدريب تعاوني الجهه: مركز الارصاد الوطني ضمن التخصص: لا التقييم: ممتاز', '[row:63|part:0] (collection=coop_replies)\nتجربه تدريب تعاوني الجهه: هيئه العامه الرصاد ضمن التخصص: لا التقييم: nan', '[row:6|part:0] (collection=coop_replies)\nتجربه تدريب تعاوني الجهه: المركز الوطني للارصاد ضمن التخصص: لا التقييم: تخصصي ذكاء اصطناعي، وكانت المشاريع كلها مناسبه لتخصصي، بس اذا كان تخصصك برمجيات او علوم حاسب مثلا برضو بتمشي علي خطه الذكاء وتسوي مشاريعهم (كذا كان علي وقتي) ما كانت عندهم خطط ثانيه، بالنسبه للشغل كان فردي اعطونا ٣ مشاريع وبدايه كل مشروع يعطونا الداتا ويقولو لنا وش المطلوب مننا وبيوم التسليم نسوي اجتماع ونوريهم شغلنا ونشرحه، المشرفين متعاونين جدا ومافي ضغط، وبيئه العمل كويسه محد يهتم او يقعد فوق راسك، حتي اوقات الحضور كانو متعاونين فيها مو لازم نداوم كل يوم او كل الساعات اهمشي نسلم المشروع في وقته', '[row:7|part:0] (collection=coop_replies)\nتجربه تدريب تعاوني الجهه: المركز الوطني للارصاد ضمن التخصص: لا التقييم: تجربه تعلمت منها الكثير واشتغلت علي مشاريع بتخصصي الذكاء الاصطناعي ، كان الشغل ثلاث مشاريع ، بيئه العمل كانت رائعه', '[row:29|part:0] (collection=coop_replies)\nتجربه تدريب تعاوني الجهه: الارصاد بجده ضمن التخصص: لا التقييم: حلوه مرا ادونا ٣ تاسكات كلها متعلقه بتخصصي الذكاء الاصطناعي وكان كل تاسك له فتره معينه مثلا اسبوعين وبعد الاسبوعين نسوي ميتنق نشوف شغل بعض ونتناقش بيئه العمل مو افضل شي كانو يخلونا احنا البنات تحت بغرفه والعيال فوق عنذهم مكاتب وماعندهم مكان للاسترخاء مثلا ولا جلسات للكافي ما استمتعت صراحه وكاستفاده كانت بسيطه', '[row:64|part:0] (collection=coop_replies)\nتجربه تدريب تعاوني الجهه: هيئه المساحه الجيولوجيه السعوديه ضمن التخصص: لا التقييم: nan', '[row:62|part:0] (collection=coop_replies)\nتجربه تدريب تعاوني الجهه: هيئه الطيران المدن ي ضمن التخصص: نعم التقييم: nan', '[row:26|part:0] (collection=coop_replies)\nتجربه تدريب تعاوني الجهه: امانه جده ضمن التخصص: لا التقييم: بكل شفافيه ( تسليك ولا انصح )', '[row:57|part:0] (collection=coop_replies)\nتجربه تدريب تعاوني الجهه: هيئه العامه للزكاه والدخل ضمن التخصص: لا التقييم: nan', '[row:49|part:0] (collection=coop_replies)\nتجربه تدريب تعاوني الجهه: مؤسسه خط االجهزه ضمن التخصص: نعم التقييم: nan']",10,True,False,False,True,هل كان التدريب في جهة المركز الوطني للارصاد ضمن مجال التخصص أم لا؟,,[],,Q068,coop_replies,المركز الوطني للارصاد,easy,COOPreplies.csv,COOPreplies.csv | organization: المركز الوطني للارصاد,هل كان التدريب في جهة المركز الوطني للارصاد ضمن مجال التخصص أم لا؟,"['[row:10|part:0] (collection=coop_replies)\nتجربه تدريب تعاوني الجهه: مركز الارصاد الوطني ضمن التخصص: لا التقييم: ممتاز', '[row:63|part:0] (collection=coop_replies)\nتجربه تدريب تعاوني الجهه: هيئه العامه الرصاد ضمن التخصص: لا التقييم: nan', '[row:6|part:0] (collection=coop_replies)\nتجربه تدريب تعاوني الجهه: المركز الوطني للارصاد ضمن التخصص: لا التقييم: تخصصي ذكاء اصطناعي، وكانت المشاريع كلها مناسبه لتخصصي، بس اذا كان تخصصك برمجيات او علوم حاسب مثلا برضو بتمشي علي خطه الذكاء وتسوي مشاريعهم (كذا كان علي وقتي) ما كانت عندهم خطط ثانيه، بالنسبه للشغل كان فردي اعطونا ٣ مشاريع وبدايه كل مشروع يعطونا الداتا ويقولو لنا وش المطلوب مننا وبيوم التسليم نسوي اجتماع ونوريهم شغلنا ونشرحه، المشرفين متعاونين جدا ومافي ضغط، وبيئه العمل كويسه محد يهتم او يقعد فوق راسك، حتي اوقات الحضور كانو متعاونين فيها مو لازم نداوم كل يوم او كل الساعات اهمشي نسلم المشروع في وقته', '[row:7|part:0] (collection=coop_replies)\nتجربه تدريب تعاوني الجهه: المركز الوطني للارصاد ضمن التخصص: لا التقييم: تجربه تعلمت منها الكثير واشتغلت علي مشاريع بتخصصي الذكاء الاصطناعي ، كان الشغل ثلاث مشاريع ، بيئه العمل كانت رائعه', '[row:29|part:0] (collection=coop_replies)\nتجربه تدريب تعاوني الجهه: الارصاد بجده ضمن التخصص: لا التقييم: حلوه مرا ادونا ٣ تاسكات كلها متعلقه بتخصصي الذكاء الاصطناعي وكان كل تاسك له فتره معينه مثلا اسبوعين وبعد الاسبوعين نسوي ميتنق نشوف شغل بعض ونتناقش بيئه العمل مو افضل شي كانو يخلونا احنا البنات تحت بغرفه والعيال فوق عنذهم مكاتب وماعندهم مكان للاسترخاء مثلا ولا جلسات للكافي ما استمتعت صراحه وكاستفاده كانت بسيطه', '[row:64|part:0] (collection=coop_replies)\nتجربه تدريب تعاوني الجهه: هيئه المساحه الجيولوجيه السعوديه ضمن التخصص: لا التقييم: nan', '[row:62|part:0] (collection=coop_replies)\nتجربه تدريب تعاوني الجهه: هيئه الطيران المدن ي ضمن التخصص: نعم التقييم: nan', '[row:26|part:0] (collection=coop_replies)\nتجربه تدريب تعاوني الجهه: امانه جده ضمن التخصص: لا التقييم: بكل شفافيه ( تسليك ولا انصح )', '[row:57|part:0] (collection=coop_replies)\nتجربه تدريب تعاوني الجهه: هيئه العامه للزكاه والدخل ضمن التخصص: لا التقييم: nan', '[row:49|part:0] (collection=coop_replies)\nتجربه تدريب تعاوني الجهه: مؤسسه خط االجهزه ضمن التخصص: نعم التقييم: nan']",التدريب في المركز الوطني للأرصاد كان ضمن التخصص: لا.,التدريب في جهة المركز الوطني للارصاد كان ضمن مجال التخصص: لا.,0.9313252280800485,0.9704861110989801,0.5,1.0
هل كان التدريب في جهة أكاديمية الطيران المدني ضمن مجال التخصص أم لا؟,التدريب في جهة أكاديمية الطيران المدني كان ضمن مجال التخصص: نعم.,نعم، كان التدريب في أكاديمية الطيران المدني ضمن مجال التخصص.,"['[row:62|part:0] (collection=coop_replies)\nتجربه تدريب تعاوني الجهه: هيئه الطيران المدن ي ضمن التخصص: نعم التقييم: nan', '[row:8|part:0] (collection=coop_replies)\nتجربه تدريب تعاوني الجهه: اكاديميه الطيران المدني ضمن التخصص: نعم التقييم: ما حبيت، الجهه متعاونه المشرفين ممتازين، بس الشغل ما حبيت اشتغلنا full- stack developers وما كنا ندوام كل يوم ، وما عندهم قهوه ولا شيء ، ومافي مكافاه :) وبس استروا ما واجهت .. التقديم يدوي يقبلو عدد قليل', '[row:42|part:0] (collection=coop_replies)\nتجربه تدريب تعاوني الجهه: شركه الخطوط السعوديه لضيافه و هندسه الطيران ضمن التخصص: لا التقييم: nan', '[row:61|part:0] (collection=coop_replies)\nتجربه تدريب تعاوني الجهه: شركه مطارات جده ضمن التخصص: لا التقييم: nan', '[row:30|part:0] (collection=coop_replies)\nتجربه تدريب تعاوني الجهه: الخطوط السعوديه ضمن التخصص: نعم التقييم: ما كان تدريب ممتاز لاكن كان تدريب جيد، انصح فيه لو تبغا/تبغي الانتهاء من التدريب، لاكن لو تبغا/تبغي تدريب لفتره اطول او بعد ما تخلص/تخلصي التدريب تتعاقد معاهم علي عشان تكسب/تكسبي خبره ما انصح. نوع الشغل:copilot studio، كميه الشغل: متوسط في الاسبوع تاسكين، بيئه العمل: جميله ومناسبه.', '[chunk_086|part:0] (collection=transfer_rules)\nتخصصات الطيران تخضع لفحوصات طبيه واختبارات ذكاء مكاني.', '[row:63|part:0] (collection=coop_replies)\nتجربه تدريب تعاوني الجهه: هيئه العامه الرصاد ضمن التخصص: لا التقييم: nan', '[row:36|part:0] (collection=coop_replies)\nتجربه تدريب تعاوني الجهه: رحله ضمن التخصص: نعم التقييم: ممتازه من ناحيه التطبيق ولكن كان هناك ملاحظه عدم وجود مشرف متخصص في المجال', '[row:33|part:0] (collection=coop_replies)\nتجربه تدريب تعاوني الجهه: Jedco ضمن التخصص: لا التقييم: صراحه تدريب بكل الانواع للامن السيبراني ، كميه الشغل ليست كبيره ولا القليله ، بيئه العمل رائعه', '[row:15|part:0] (collection=coop_replies)\nتجربه تدريب تعاوني الجهه: مستشفي الملك فهد للقوات المسلحه ضمن التخصص: نعم التقييم: تجربه سيئه ، ما اعطونا اي شغل يخص مجالنا واغلب الوقت فاضين ، ويرمون علينا مهام مالها داعي وحرفيا ماستفدت منهم شيء']",10,True,False,False,True,هل كان التدريب في جهة أكاديمية الطيران المدني ضمن مجال التخصص أم لا؟,,[],,Q069,coop_replies,أكاديمية الطيران المدني,easy,COOPreplies.csv,COOPreplies.csv | organization: أكاديمية الطيران المدني,هل كان التدريب في جهة أكاديمية الطيران المدني ضمن مجال التخصص أم لا؟,"['[row:62|part:0] (collection=coop_replies)\nتجربه تدريب تعاوني الجهه: هيئه الطيران المدن ي ضمن التخصص: نعم التقييم: nan', '[row:8|part:0] (collection=coop_replies)\nتجربه تدريب تعاوني الجهه: اكاديميه الطيران المدني ضمن التخصص: نعم التقييم: ما حبيت، الجهه متعاونه المشرفين ممتازين، بس الشغل ما حبيت اشتغلنا full- stack developers وما كنا ندوام كل يوم ، وما عندهم قهوه ولا شيء ، ومافي مكافاه :) وبس استروا ما واجهت .. التقديم يدوي يقبلو عدد قليل', '[row:42|part:0] (collection=coop_replies)\nتجربه تدريب تعاوني الجهه: شركه الخطوط السعوديه لضيافه و هندسه الطيران ضمن التخصص: لا التقييم: nan', '[row:61|part:0] (collection=coop_replies)\nتجربه تدريب تعاوني الجهه: شركه مطارات جده ضمن التخصص: لا التقييم: nan', '[row:30|part:0] (collection=coop_replies)\nتجربه تدريب تعاوني الجهه: الخطوط السعوديه ضمن التخصص: نعم التقييم: ما كان تدريب ممتاز لاكن كان تدريب جيد، انصح فيه لو تبغا/تبغي الانتهاء من التدريب، لاكن لو تبغا/تبغي تدريب لفتره اطول او بعد ما تخلص/تخلصي التدريب تتعاقد معاهم علي عشان تكسب/تكسبي خبره ما انصح. نوع الشغل:copilot studio، كميه الشغل: متوسط في الاسبوع تاسكين، بيئه العمل: جميله ومناسبه.', '[chunk_086|part:0] (collection=transfer_rules)\nتخصصات الطيران تخضع لفحوصات طبيه واختبارات ذكاء مكاني.', '[row:63|part:0] (collection=coop_replies)\nتجربه تدريب تعاوني الجهه: هيئه العامه الرصاد ضمن التخصص: لا التقييم: nan', '[row:36|part:0] (collection=coop_replies)\nتجربه تدريب تعاوني الجهه: رحله ضمن التخصص: نعم التقييم: ممتازه من ناحيه التطبيق ولكن كان هناك ملاحظه عدم وجود مشرف متخصص في المجال', '[row:33|part:0] (collection=coop_replies)\nتجربه تدريب تعاوني الجهه: Jedco ضمن التخصص: لا التقييم: صراحه تدريب بكل الانواع للامن السيبراني ، كميه الشغل ليست كبيره ولا القليله ، بيئه العمل رائعه', '[row:15|part:0] (collection=coop_replies)\nتجربه تدريب تعاوني الجهه: مستشفي الملك فهد للقوات المسلحه ضمن التخصص: نعم التقييم: تجربه سيئه ، ما اعطونا اي شغل يخص مجالنا واغلب الوقت فاضين ، ويرمون علينا مهام مالها داعي وحرفيا ماستفدت منهم شيء']",نعم، كان التدريب في أكاديمية الطيران المدني ضمن مجال التخصص.,التدريب في جهة أكاديمية الطيران المدني كان ضمن مجال التخصص: نعم.,0.9283113800409701,0.7749999999806251,1.0,1.0
هل كان التدريب في جهة امانه جدة ضمن مجال التخصص أم لا؟,التدريب في جهة امانه جدة كان ضمن مجال التخصص: لا.,التدريب في جهة أمانة جدة لم يكن ضمن مجال التخصص، حيث تشير جميع المقاطع المتعلقة بتجارب التدريب في هذه الجهة إلى أن التدريب كان خارج التخصص.,"['[row:26|part:0] (collection=coop_replies)\nتجربه تدريب تعاوني الجهه: امانه جده ضمن التخصص: لا التقييم: بكل شفافيه ( تسليك ولا انصح )', '[row:9|part:0] (collection=coop_replies)\nتجربه تدريب تعاوني الجهه: امانه جده ضمن التخصص: لا التقييم: الشغل ممتع وفيه دعم كامل من كل الاقسام وفيه تسلسل كبير في وقت تنفيذ الشغل بالاضافه الي جانب التعليم مع جانب العمل', '[row:4|part:0] (collection=coop_replies)\nتجربه تدريب تعاوني الجهه: امانه جده ضمن التخصص: لا التقييم: تجربه جيده دوام مريح بيئه عمل صحيه', '[row:0|part:0] (collection=coop_replies)\nتجربه تدريب تعاوني الجهه: امانه جده ضمن التخصص: لا التقييم: مفيده جدا كان الشغل خفيف لكن مفيد و استفدت بخبرات جديده الشركه وفرت لنا دورات كل اسبوع للافاده', '[row:38|part:0] (collection=coop_replies)\nتجربه تدريب تعاوني الجهه: امانه جده ضمن التخصص: نعم التقييم: كان عباره عن تاسكات يدونا هي كل يومين يوم شرحو التاسك و ترجع تسويه في بيتك ويوم تسليم وتشرح ايش سويت، يعتبر كان كويس الي حداً وكان فقط ٦ اسابيع', '[row:33|part:0] (collection=coop_replies)\nتجربه تدريب تعاوني الجهه: Jedco ضمن التخصص: لا التقييم: صراحه تدريب بكل الانواع للامن السيبراني ، كميه الشغل ليست كبيره ولا القليله ، بيئه العمل رائعه', '[row:61|part:0] (collection=coop_replies)\nتجربه تدريب تعاوني الجهه: شركه مطارات جده ضمن التخصص: لا التقييم: nan', '[row:41|part:0] (collection=coop_replies)\nتجربه تدريب تعاوني الجهه: جامعه جده ضمن التخصص: نعم التقييم: nan', '[row:36|part:0] (collection=coop_replies)\nتجربه تدريب تعاوني الجهه: رحله ضمن التخصص: نعم التقييم: ممتازه من ناحيه التطبيق ولكن كان هناك ملاحظه عدم وجود مشرف متخصص في المجال', '[row:15|part:0] (collection=coop_replies)\nتجربه تدريب تعاوني الجهه: مستشفي الملك فهد للقوات المسلحه ضمن التخصص: نعم التقييم: تجربه سيئه ، ما اعطونا اي شغل يخص مجالنا واغلب الوقت فاضين ، ويرمون علينا مهام مالها داعي وحرفيا ماستفدت منهم شيء']",10,True,False,False,True,هل كان التدريب في جهة امانه جدة ضمن مجال التخصص أم لا؟,,[],,Q070,coop_replies,امانه جدة,easy,COOPreplies.csv,COOPreplies.csv | organization: امانه جدة,هل كان التدريب في جهة امانه جدة ضمن مجال التخصص أم لا؟,"['[row:26|part:0] (collection=coop_replies)\nتجربه تدريب تعاوني الجهه: امانه جده ضمن التخصص: لا التقييم: بكل شفافيه ( تسليك ولا انصح )', '[row:9|part:0] (collection=coop_replies)\nتجربه تدريب تعاوني الجهه: امانه جده ضمن التخصص: لا التقييم: الشغل ممتع وفيه دعم كامل من كل الاقسام وفيه تسلسل كبير في وقت تنفيذ الشغل بالاضافه الي جانب التعليم مع جانب العمل', '[row:4|part:0] (collection=coop_replies)\nتجربه تدريب تعاوني الجهه: امانه جده ضمن التخصص: لا التقييم: تجربه جيده دوام مريح بيئه عمل صحيه', '[row:0|part:0] (collection=coop_replies)\nتجربه تدريب تعاوني الجهه: امانه جده ضمن التخصص: لا التقييم: مفيده جدا كان الشغل خفيف لكن مفيد و استفدت بخبرات جديده الشركه وفرت لنا دورات كل اسبوع للافاده', '[row:38|part:0] (collection=coop_replies)\nتجربه تدريب تعاوني الجهه: امانه جده ضمن التخصص: نعم التقييم: كان عباره عن تاسكات يدونا هي كل يومين يوم شرحو التاسك و ترجع تسويه في بيتك ويوم تسليم وتشرح ايش سويت، يعتبر كان كويس الي حداً وكان فقط ٦ اسابيع', '[row:33|part:0] (collection=coop_replies)\nتجربه تدريب تعاوني الجهه: Jedco ضمن التخصص: لا التقييم: صراحه تدريب بكل الانواع للامن السيبراني ، كميه الشغل ليست كبيره ولا القليله ، بيئه العمل رائعه', '[row:61|part:0] (collection=coop_replies)\nتجربه تدريب تعاوني الجهه: شركه مطارات جده ضمن التخصص: لا التقييم: nan', '[row:41|part:0] (collection=coop_replies)\nتجربه تدريب تعاوني الجهه: جامعه جده ضمن التخصص: نعم التقييم: nan', '[row:36|part:0] (collection=coop_replies)\nتجربه تدريب تعاوني الجهه: رحله ضمن التخصص: نعم التقييم: ممتازه من ناحيه التطبيق ولكن كان هناك ملاحظه عدم وجود مشرف متخصص في المجال', '[row:15|part:0] (collection=coop_replies)\nتجربه تدريب تعاوني الجهه: مستشفي الملك فهد للقوات المسلحه ضمن التخصص: نعم التقييم: تجربه سيئه ، ما اعطونا اي شغل يخص مجالنا واغلب الوقت فاضين ، ويرمون علينا مهام مالها داعي وحرفيا ماستفدت منهم شيء']",التدريب في جهة أمانة جدة لم يكن ضمن مجال التخصص، حيث تشير جميع المقاطع المتعلقة بتجارب التدريب في هذه الجهة إلى أن التدريب كان خارج التخصص.,التدريب في جهة امانه جدة كان ضمن مجال التخصص: لا.,0.0,0.9129251700549855,1.0,1.0
متى تبدأ ومتى تنتهي فعالية: فترة التسجيل للطلاب والطالبات والمرشدين الأكاديميين؟,تبدأ فعالية فترة التسجيل للطلاب والطالبات والمرشدين الأكاديميين في 2026-01-11 وتنتهي في 2026-01-17.,تبدأ فترة التسجيل للطلاب والطالبات والمرشدين الأكاديميين في 11 يناير 2026 وتنتهي في 17 يناير 2026.,"['[row:0|part:0] (collection=academic_calendar)\nحدث اكاديمي: فتره التسجيل للطلاب والطالبات والمرشدين الاكاديميين بدايه: 2026-01-11 نهايه: 2026-01-17', '[row:1|part:0] (collection=academic_calendar)\nحدث اكاديمي: الفتره النهائيه للتسجيل من قبل الوكلاء او الشؤون التعليميه بدايه: 2026-01-11 نهايه: 2026-01-20', '[row:23|part:0] (collection=academic_calendar)\nحدث اكاديمي: بدايه الارشاد الاكاديمي والتسجيل للفصل الدراسي الاول 1448ه عبر المرشدين الاكاديميين بدايه: 2026-07-05 نهايه: 2026-08-20', '[row:22|part:0] (collection=academic_calendar)\nحدث اكاديمي: بدايه التسجيل المبكر للفصل الدراسي الاول 1448ه للطلاب والطالبات بدايه: 2026-07-05 نهايه: 2026-08-20', '[row:14|part:0] (collection=academic_calendar)\nحدث اكاديمي: بدء التقديم علي نظام وثيقتي للطلاب المتوقع تخرجهم بنهايه الفصل الدراسي الثاني بدايه: 2026-04-12 نهايه: 2026-04-30', '[row:7|part:0] (collection=academic_calendar)\nحدث اكاديمي: تقديم طلبات التخصيص والتحويل في الكليات (ODUS PLUS) بدايه: 2026-02-24 نهايه: 2026-05-16', '[row:16|part:0] (collection=academic_calendar)\nحدث اكاديمي: الفتره الثانيه للاختبارات في الفصل الدراسي الثاني للعام الجامعي 1447ه بدايه: 2026-05-03 نهايه: 2026-05-07', '[row:2|part:0] (collection=academic_calendar)\nحدث اكاديمي: بدايه الفصل الدراسي الثاني للعام الجامعي 1447ه بدايه: 2026-01-18 نهايه: -----------------', '[row:21|part:0] (collection=academic_calendar)\nحدث اكاديمي: بدايه اجازه نهايه العام الدراسي للعام الجامعي 1447ه بدايه: 2026-06-25 نهايه: -------------', '[row:3|part:0] (collection=academic_calendar)\nحدث اكاديمي: سحب مقرر بواسطه الخدمات الالكترونيه بدايه: 2026-02-08 نهايه: 2026-03-12']",10,True,False,False,True,متى تبدأ ومتى تنتهي فعالية: فترة التسجيل للطلاب والطالبات والمرشدين الأكاديميين؟,,[],,Q071,academic_calendar,dates,easy,academic_calendar.csv,academic_calendar.csv | event: فترة التسجيل للطلاب والطالبات والمرشدين الأكاديميين,متى تبدأ ومتى تنتهي فعالية: فترة التسجيل للطلاب والطالبات والمرشدين الأكاديميين؟,"['[row:0|part:0] (collection=academic_calendar)\nحدث اكاديمي: فتره التسجيل للطلاب والطالبات والمرشدين الاكاديميين بدايه: 2026-01-11 نهايه: 2026-01-17', '[row:1|part:0] (collection=academic_calendar)\nحدث اكاديمي: الفتره النهائيه للتسجيل من قبل الوكلاء او الشؤون التعليميه بدايه: 2026-01-11 نهايه: 2026-01-20', '[row:23|part:0] (collection=academic_calendar)\nحدث اكاديمي: بدايه الارشاد الاكاديمي والتسجيل للفصل الدراسي الاول 1448ه عبر المرشدين الاكاديميين بدايه: 2026-07-05 نهايه: 2026-08-20', '[row:22|part:0] (collection=academic_calendar)\nحدث اكاديمي: بدايه التسجيل المبكر للفصل الدراسي الاول 1448ه للطلاب والطالبات بدايه: 2026-07-05 نهايه: 2026-08-20', '[row:14|part:0] (collection=academic_calendar)\nحدث اكاديمي: بدء التقديم علي نظام وثيقتي للطلاب المتوقع تخرجهم بنهايه الفصل الدراسي الثاني بدايه: 2026-04-12 نهايه: 2026-04-30', '[row:7|part:0] (collection=academic_calendar)\nحدث اكاديمي: تقديم طلبات التخصيص والتحويل في الكليات (ODUS PLUS) بدايه: 2026-02-24 نهايه: 2026-05-16', '[row:16|part:0] (collection=academic_calendar)\nحدث اكاديمي: الفتره الثانيه للاختبارات في الفصل الدراسي الثاني للعام الجامعي 1447ه بدايه: 2026-05-03 نهايه: 2026-05-07', '[row:2|part:0] (collection=academic_calendar)\nحدث اكاديمي: بدايه الفصل الدراسي الثاني للعام الجامعي 1447ه بدايه: 2026-01-18 نهايه: -----------------', '[row:21|part:0] (collection=academic_calendar)\nحدث اكاديمي: بدايه اجازه نهايه العام الدراسي للعام الجامعي 1447ه بدايه: 2026-06-25 نهايه: -------------', '[row:3|part:0] (collection=academic_calendar)\nحدث اكاديمي: سحب مقرر بواسطه الخدمات الالكترونيه بدايه: 2026-02-08 نهايه: 2026-03-12']",تبدأ فترة التسجيل للطلاب والطالبات والمرشدين الأكاديميين في 11 يناير 2026 وتنتهي في 17 يناير 2026.,تبدأ فعالية فترة التسجيل للطلاب والطالبات والمرشدين الأكاديميين في 2026-01-11 وتنتهي في 2026-01-17.,0.8974042068333427,0.9999999999,1.0,1.0
متى تبدأ ومتى تنتهي فعالية: الفترة النهائية للتسجيل من قبل الوكلاء أو الشؤون التعليمية؟,تبدأ فعالية الفترة النهائية للتسجيل من قبل الوكلاء أو الشؤون التعليمية في 2026-01-11 وتنتهي في 2026-01-20.,تبدأ فعالية الفترة النهائية للتسجيل من قبل الوكلاء أو الشؤون التعليمية في 11 يناير 2026 وتنتهي في 20 يناير 2026.,"['[row:1|part:0] (collection=academic_calendar)\nحدث اكاديمي: الفتره النهائيه للتسجيل من قبل الوكلاء او الشؤون التعليميه بدايه: 2026-01-11 نهايه: 2026-01-20', '[row:0|part:0] (collection=academic_calendar)\nحدث اكاديمي: فتره التسجيل للطلاب والطالبات والمرشدين الاكاديميين بدايه: 2026-01-11 نهايه: 2026-01-17', '[row:14|part:0] (collection=academic_calendar)\nحدث اكاديمي: بدء التقديم علي نظام وثيقتي للطلاب المتوقع تخرجهم بنهايه الفصل الدراسي الثاني بدايه: 2026-04-12 نهايه: 2026-04-30', '[row:7|part:0] (collection=academic_calendar)\nحدث اكاديمي: تقديم طلبات التخصيص والتحويل في الكليات (ODUS PLUS) بدايه: 2026-02-24 نهايه: 2026-05-16', '[row:20|part:0] (collection=academic_calendar)\nحدث اكاديمي: الاختبارات النهائيه بدايه: 2026-06-02 نهايه: 2026-06-18', '[row:23|part:0] (collection=academic_calendar)\nحدث اكاديمي: بدايه الارشاد الاكاديمي والتسجيل للفصل الدراسي الاول 1448ه عبر المرشدين الاكاديميين بدايه: 2026-07-05 نهايه: 2026-08-20', '[row:22|part:0] (collection=academic_calendar)\nحدث اكاديمي: بدايه التسجيل المبكر للفصل الدراسي الاول 1448ه للطلاب والطالبات بدايه: 2026-07-05 نهايه: 2026-08-20', '[row:12|part:0] (collection=academic_calendar)\nحدث اكاديمي: فتره الاختبارات النصفيه بدايه: 2026-04-05 نهايه: 2026-04-09', '[row:3|part:0] (collection=academic_calendar)\nحدث اكاديمي: سحب مقرر بواسطه الخدمات الالكترونيه بدايه: 2026-02-08 نهايه: 2026-03-12', '[row:24|part:0] (collection=academic_calendar)\nحدث اكاديمي: اعلان نتائج التخصيص علي ODUS PLUS بدايه: 2026-07-07 نهايه: ----------------']",10,True,False,False,True,متى تبدأ ومتى تنتهي فعالية: الفترة النهائية للتسجيل من قبل الوكلاء أو الشؤون التعليمية؟,,[],,Q072,academic_calendar,dates,easy,academic_calendar.csv,academic_calendar.csv | event: الفترة النهائية للتسجيل من قبل الوكلاء أو الشؤون التعليمية,متى تبدأ ومتى تنتهي فعالية: الفترة النهائية للتسجيل من قبل الوكلاء أو الشؤون التعليمية؟,"['[row:1|part:0] (collection=academic_calendar)\nحدث اكاديمي: الفتره النهائيه للتسجيل من قبل الوكلاء او الشؤون التعليميه بدايه: 2026-01-11 نهايه: 2026-01-20', '[row:0|part:0] (collection=academic_calendar)\nحدث اكاديمي: فتره التسجيل للطلاب والطالبات والمرشدين الاكاديميين بدايه: 2026-01-11 نهايه: 2026-01-17', '[row:14|part:0] (collection=academic_calendar)\nحدث اكاديمي: بدء التقديم علي نظام وثيقتي للطلاب المتوقع تخرجهم بنهايه الفصل الدراسي الثاني بدايه: 2026-04-12 نهايه: 2026-04-30', '[row:7|part:0] (collection=academic_calendar)\nحدث اكاديمي: تقديم طلبات التخصيص والتحويل في الكليات (ODUS PLUS) بدايه: 2026-02-24 نهايه: 2026-05-16', '[row:20|part:0] (collection=academic_calendar)\nحدث اكاديمي: الاختبارات النهائيه بدايه: 2026-06-02 نهايه: 2026-06-18', '[row:23|part:0] (collection=academic_calendar)\nحدث اكاديمي: بدايه الارشاد الاكاديمي والتسجيل للفصل الدراسي الاول 1448ه عبر المرشدين الاكاديميين بدايه: 2026-07-05 نهايه: 2026-08-20', '[row:22|part:0] (collection=academic_calendar)\nحدث اكاديمي: بدايه التسجيل المبكر للفصل الدراسي الاول 1448ه للطلاب والطالبات بدايه: 2026-07-05 نهايه: 2026-08-20', '[row:12|part:0] (collection=academic_calendar)\nحدث اكاديمي: فتره الاختبارات النصفيه بدايه: 2026-04-05 نهايه: 2026-04-09', '[row:3|part:0] (collection=academic_calendar)\nحدث اكاديمي: سحب مقرر بواسطه الخدمات الالكترونيه بدايه: 2026-02-08 نهايه: 2026-03-12', '[row:24|part:0] (collection=academic_calendar)\nحدث اكاديمي: اعلان نتائج التخصيص علي ODUS PLUS بدايه: 2026-07-07 نهايه: ----------------']",تبدأ فعالية الفترة النهائية للتسجيل من قبل الوكلاء أو الشؤون التعليمية في 11 يناير 2026 وتنتهي في 20 يناير 2026.,تبدأ فعالية الفترة النهائية للتسجيل من قبل الوكلاء أو الشؤون التعليمية في 2026-01-11 وتنتهي في 2026-01-20.,0.8873070709900129,0.9999999999,1.0,1.0
متى تبدأ ومتى تنتهي فعالية: بداية الفصل الدراسي الثاني للعام الجامعي 1447هـ؟,تبدأ فعالية بداية الفصل الدراسي الثاني للعام الجامعي 1447هـ في 2026-01-18 وتنتهي في -----------------.,تبدأ فعالية بداية الفصل الدراسي الثاني للعام الجامعي 1447هـ في 18 يناير 2026. ولا توجد معلومات متاحة عن تاريخ انتهاء هذه الفعالية.,"['[row:2|part:0] (collection=academic_calendar)\nحدث اكاديمي: بدايه الفصل الدراسي الثاني للعام الجامعي 1447ه بدايه: 2026-01-18 نهايه: -----------------', '[row:16|part:0] (collection=academic_calendar)\nحدث اكاديمي: الفتره الثانيه للاختبارات في الفصل الدراسي الثاني للعام الجامعي 1447ه بدايه: 2026-05-03 نهايه: 2026-05-07', '[row:26|part:0] (collection=academic_calendar)\nحدث اكاديمي: استلام وثائق تخرج الفصل الدراسي الثاني 1447ه بدايه: 2026-07-19 نهايه: ----------------', '[row:21|part:0] (collection=academic_calendar)\nحدث اكاديمي: بدايه اجازه نهايه العام الدراسي للعام الجامعي 1447ه بدايه: 2026-06-25 نهايه: -------------', '[row:8|part:0] (collection=academic_calendar)\nحدث اكاديمي: الفتره الاولي للاختبارات في الفصل الدراسي الاول للعام الجامعي 1447ه بدايه: 2026-03-01 نهايه: 2026-03-05', '[row:27|part:0] (collection=academic_calendar)\nحدث اكاديمي: بدايه الفصل الدراسي الاول للعام الجامعي 1448ه بدايه: 2026-08-23 نهايه: ----------------', '[row:14|part:0] (collection=academic_calendar)\nحدث اكاديمي: بدء التقديم علي نظام وثيقتي للطلاب المتوقع تخرجهم بنهايه الفصل الدراسي الثاني بدايه: 2026-04-12 نهايه: 2026-04-30', '[row:23|part:0] (collection=academic_calendar)\nحدث اكاديمي: بدايه الارشاد الاكاديمي والتسجيل للفصل الدراسي الاول 1448ه عبر المرشدين الاكاديميين بدايه: 2026-07-05 نهايه: 2026-08-20', '[row:22|part:0] (collection=academic_calendar)\nحدث اكاديمي: بدايه التسجيل المبكر للفصل الدراسي الاول 1448ه للطلاب والطالبات بدايه: 2026-07-05 نهايه: 2026-08-20', '[row:4|part:0] (collection=academic_calendar)\nحدث اكاديمي: تاجيل الفصل الدراسي الاول للعام الجامعي 1448ه بدايه: 2026-02-08 نهايه: 2026-08-20']",10,True,False,False,True,متى تبدأ ومتى تنتهي فعالية: بداية الفصل الدراسي الثاني للعام الجامعي 1447هـ؟,,[],,Q073,academic_calendar,dates,easy,academic_calendar.csv,academic_calendar.csv | event: بداية الفصل الدراسي الثاني للعام الجامعي 1447هـ,متى تبدأ ومتى تنتهي فعالية: بداية الفصل الدراسي الثاني للعام الجامعي 1447هـ؟,"['[row:2|part:0] (collection=academic_calendar)\nحدث اكاديمي: بدايه الفصل الدراسي الثاني للعام الجامعي 1447ه بدايه: 2026-01-18 نهايه: -----------------', '[row:16|part:0] (collection=academic_calendar)\nحدث اكاديمي: الفتره الثانيه للاختبارات في الفصل الدراسي الثاني للعام الجامعي 1447ه بدايه: 2026-05-03 نهايه: 2026-05-07', '[row:26|part:0] (collection=academic_calendar)\nحدث اكاديمي: استلام وثائق تخرج الفصل الدراسي الثاني 1447ه بدايه: 2026-07-19 نهايه: ----------------', '[row:21|part:0] (collection=academic_calendar)\nحدث اكاديمي: بدايه اجازه نهايه العام الدراسي للعام الجامعي 1447ه بدايه: 2026-06-25 نهايه: -------------', '[row:8|part:0] (collection=academic_calendar)\nحدث اكاديمي: الفتره الاولي للاختبارات في الفصل الدراسي الاول للعام الجامعي 1447ه بدايه: 2026-03-01 نهايه: 2026-03-05', '[row:27|part:0] (collection=academic_calendar)\nحدث اكاديمي: بدايه الفصل الدراسي الاول للعام الجامعي 1448ه بدايه: 2026-08-23 نهايه: ----------------', '[row:14|part:0] (collection=academic_calendar)\nحدث اكاديمي: بدء التقديم علي نظام وثيقتي للطلاب المتوقع تخرجهم بنهايه الفصل الدراسي الثاني بدايه: 2026-04-12 نهايه: 2026-04-30', '[row:23|part:0] (collection=academic_calendar)\nحدث اكاديمي: بدايه الارشاد الاكاديمي والتسجيل للفصل الدراسي الاول 1448ه عبر المرشدين الاكاديميين بدايه: 2026-07-05 نهايه: 2026-08-20', '[row:22|part:0] (collection=academic_calendar)\nحدث اكاديمي: بدايه التسجيل المبكر للفصل الدراسي الاول 1448ه للطلاب والطالبات بدايه: 2026-07-05 نهايه: 2026-08-20', '[row:4|part:0] (collection=academic_calendar)\nحدث اكاديمي: تاجيل الفصل الدراسي الاول للعام الجامعي 1448ه بدايه: 2026-02-08 نهايه: 2026-08-20']",تبدأ فعالية بداية الفصل الدراسي الثاني للعام الجامعي 1447هـ في 18 يناير 2026. ولا توجد معلومات متاحة عن تاريخ انتهاء هذه الفعالية.,تبدأ فعالية بداية الفصل الدراسي الثاني للعام الجامعي 1447هـ في 2026-01-18 وتنتهي في -----------------.,0.0,0.9999999999,1.0,1.0
متى تبدأ ومتى تنتهي فعالية: سحب مقرر بواسطة الخدمات الإلكترونية؟,تبدأ فعالية سحب مقرر بواسطة الخدمات الإلكترونية في 2026-02-08 وتنتهي في 2026-03-12.,تبدأ فعالية سحب مقرر بواسطة الخدمات الإلكترونية في 8 فبراير 2026 وتنتهي في 12 مارس 2026.,"['[row:3|part:0] (collection=academic_calendar)\nحدث اكاديمي: سحب مقرر بواسطه الخدمات الالكترونيه بدايه: 2026-02-08 نهايه: 2026-03-12', '[section:application_process|part:0] (collection=specialization)\napplication_process: - الدخول علي نظام الخدمات الذاتيه ssb.uj.edu.sa - اختيار الطالب - اختيار التخصص / التحويل - اختيار الفصل الدراسي - اختيار الرغبات - تاكيد الطلب', '[chunk_150|part:0] (collection=transfer_rules)\nبعد قبول التحويل، يتم تثبيت الجدول الدراسي حسب الخطه الجديده تلقائياً.', '[row:5|part:0] (collection=student_helpers)\nطالبه مساعده الاسم: بيان اليحيا الماده: اساسيات الانسان الالي البريد: byan.alyhya@outlook.com', '[section:stages|summary] (collection=coop_rules)\nقواعد التدريب القسم: stages - يمر التدريب بثلاث مراحل: التسجيل في البرنامج، فتره التدريب، وما بعد انتهاء التدريب.', '[chunk_080|part:0] (collection=transfer_rules)\nبعد قبول التحويل، يتم تثبيت الجدول الدراسي تلقائياً حسب الخطه الجديده.', '[page:11|article:8|part:0] (collection=regulations)\nرقم الصفحه: 11 رقم الماده: 8 العنوان: الماده الثامنه النص الاساسي: يضع مجلس الجامعه قواعد التسجيل، والحذف، والاضافه للمقررات ضمن مستويات الخطه الدراسيه المعتمده، بما يضمن تسجيل الطلاب للحد الادني من العبء الدراسي.', '[chunk_175|part:0] (collection=transfer_rules)\nقد يتم تعليق التحويل لبعض البرامج لعام دراسي كامل.', '[page:39|article:1|part:0] (collection=regulations)\nرقم الصفحه: 39 العنوان: القاعده التنفيذيه للماده الخمسون المحتوي: الطالب الزائر هو الذي يقوم بدراسه بعض المقررات في جامعه اخري او في فرع من فروع الجامعه التي ينتمي اليها دون تحويله وتعادل له المقررات وفقاً للضوابط الاتيه: اولاً: لطلاب جامعه جده ويرغب الدراسه زائراً في جامعه اخري: 1) ان يكون للطالب سجل دراسي (معدل تراكمي) لفضلين علي الاقل في الكليه التي التحق بها قبل طلبه الدراسه كطالب زائر. 2) يجب الحصول علي الموافقه المسبقه من كليه الطالب للسماح له بالدراسه كطالب زائر مع تحديد المقررات التي يدرسها في الجامعه الاخري، ويوجه للدراسه بخطاب رسمي من عماده القبول والتسجيل. 3) ان تكون الدراسه في كليه او جامعه معترف بها. 4) ان يكون المقرر الذي يدرسه الطالب الزائر خارج الجامعه معادلاً او مكافئاً في مفرداته لاحد المقررات التي تتضمنها متطلبات التخرج. 5) لا تحتسب معدلات المقررات التي تتم معادلتها للطالب الزائر ضمن معدله التراكمي، وتثبت المقررات في سجله الاكاديمي.', '[chunk_182|part:0] (collection=transfer_rules)\nاختفاء خيار التحويل في النظام قد يعني انتهاء فتره التقديم.']",10,True,False,False,True,متى تبدأ ومتى تنتهي فعالية: سحب مقرر بواسطة الخدمات الإلكترونية؟,,[],,Q074,academic_calendar,dates,easy,academic_calendar.csv,academic_calendar.csv | event: سحب مقرر بواسطة الخدمات الإلكترونية,متى تبدأ ومتى تنتهي فعالية: سحب مقرر بواسطة الخدمات الإلكترونية؟,"['[row:3|part:0] (collection=academic_calendar)\nحدث اكاديمي: سحب مقرر بواسطه الخدمات الالكترونيه بدايه: 2026-02-08 نهايه: 2026-03-12', '[section:application_process|part:0] (collection=specialization)\napplication_process: - الدخول علي نظام الخدمات الذاتيه ssb.uj.edu.sa - اختيار الطالب - اختيار التخصص / التحويل - اختيار الفصل الدراسي - اختيار الرغبات - تاكيد الطلب', '[chunk_150|part:0] (collection=transfer_rules)\nبعد قبول التحويل، يتم تثبيت الجدول الدراسي حسب الخطه الجديده تلقائياً.', '[row:5|part:0] (collection=student_helpers)\nطالبه مساعده الاسم: بيان اليحيا الماده: اساسيات الانسان الالي البريد: byan.alyhya@outlook.com', '[section:stages|summary] (collection=coop_rules)\nقواعد التدريب القسم: stages - يمر التدريب بثلاث مراحل: التسجيل في البرنامج، فتره التدريب، وما بعد انتهاء التدريب.', '[chunk_080|part:0] (collection=transfer_rules)\nبعد قبول التحويل، يتم تثبيت الجدول الدراسي تلقائياً حسب الخطه الجديده.', '[page:11|article:8|part:0] (collection=regulations)\nرقم الصفحه: 11 رقم الماده: 8 العنوان: الماده الثامنه النص الاساسي: يضع مجلس الجامعه قواعد التسجيل، والحذف، والاضافه للمقررات ضمن مستويات الخطه الدراسيه المعتمده، بما يضمن تسجيل الطلاب للحد الادني من العبء الدراسي.', '[chunk_175|part:0] (collection=transfer_rules)\nقد يتم تعليق التحويل لبعض البرامج لعام دراسي كامل.', '[page:39|article:1|part:0] (collection=regulations)\nرقم الصفحه: 39 العنوان: القاعده التنفيذيه للماده الخمسون المحتوي: الطالب الزائر هو الذي يقوم بدراسه بعض المقررات في جامعه اخري او في فرع من فروع الجامعه التي ينتمي اليها دون تحويله وتعادل له المقررات وفقاً للضوابط الاتيه: اولاً: لطلاب جامعه جده ويرغب الدراسه زائراً في جامعه اخري: 1) ان يكون للطالب سجل دراسي (معدل تراكمي) لفضلين علي الاقل في الكليه التي التحق بها قبل طلبه الدراسه كطالب زائر. 2) يجب الحصول علي الموافقه المسبقه من كليه الطالب للسماح له بالدراسه كطالب زائر مع تحديد المقررات التي يدرسها في الجامعه الاخري، ويوجه للدراسه بخطاب رسمي من عماده القبول والتسجيل. 3) ان تكون الدراسه في كليه او جامعه معترف بها. 4) ان يكون المقرر الذي يدرسه الطالب الزائر خارج الجامعه معادلاً او مكافئاً في مفرداته لاحد المقررات التي تتضمنها متطلبات التخرج. 5) لا تحتسب معدلات المقررات التي تتم معادلتها للطالب الزائر ضمن معدله التراكمي، وتثبت المقررات في سجله الاكاديمي.', '[chunk_182|part:0] (collection=transfer_rules)\nاختفاء خيار التحويل في النظام قد يعني انتهاء فتره التقديم.']",تبدأ فعالية سحب مقرر بواسطة الخدمات الإلكترونية في 8 فبراير 2026 وتنتهي في 12 مارس 2026.,تبدأ فعالية سحب مقرر بواسطة الخدمات الإلكترونية في 2026-02-08 وتنتهي في 2026-03-12.,0.933773750421052,0.9999999999,1.0,1.0
متى تبدأ ومتى تنتهي فعالية: تأجيل الفصل الدراسي الأول للعام الجامعي 1448هـ؟,تبدأ فعالية تأجيل الفصل الدراسي الأول للعام الجامعي 1448هـ في 2026-02-08 وتنتهي في 2026-08-20.,تبدأ فعالية تأجيل الفصل الدراسي الأول للعام الجامعي 1448هـ في 8 فبراير 2026 وتنتهي في 20 أغسطس 2026.,"['[row:4|part:0] (collection=academic_calendar)\nحدث اكاديمي: تاجيل الفصل الدراسي الاول للعام الجامعي 1448ه بدايه: 2026-02-08 نهايه: 2026-08-20', '[row:27|part:0] (collection=academic_calendar)\nحدث اكاديمي: بدايه الفصل الدراسي الاول للعام الجامعي 1448ه بدايه: 2026-08-23 نهايه: ----------------', '[row:22|part:0] (collection=academic_calendar)\nحدث اكاديمي: بدايه التسجيل المبكر للفصل الدراسي الاول 1448ه للطلاب والطالبات بدايه: 2026-07-05 نهايه: 2026-08-20', '[row:23|part:0] (collection=academic_calendar)\nحدث اكاديمي: بدايه الارشاد الاكاديمي والتسجيل للفصل الدراسي الاول 1448ه عبر المرشدين الاكاديميين بدايه: 2026-07-05 نهايه: 2026-08-20', '[row:8|part:0] (collection=academic_calendar)\nحدث اكاديمي: الفتره الاولي للاختبارات في الفصل الدراسي الاول للعام الجامعي 1447ه بدايه: 2026-03-01 نهايه: 2026-03-05', '[row:2|part:0] (collection=academic_calendar)\nحدث اكاديمي: بدايه الفصل الدراسي الثاني للعام الجامعي 1447ه بدايه: 2026-01-18 نهايه: -----------------', '[row:21|part:0] (collection=academic_calendar)\nحدث اكاديمي: بدايه اجازه نهايه العام الدراسي للعام الجامعي 1447ه بدايه: 2026-06-25 نهايه: -------------', '[row:16|part:0] (collection=academic_calendar)\nحدث اكاديمي: الفتره الثانيه للاختبارات في الفصل الدراسي الثاني للعام الجامعي 1447ه بدايه: 2026-05-03 نهايه: 2026-05-07', '[page:18|article:14|part:0] (collection=regulations)\nرقم الصفحه: 18 رقم الماده: 14 العنوان: الماده الرابعه عشر النص الاساسي: يجوز للطالب المتقدم بطلب تاجيل الدراسه لعذر تقبله الجهه التي يحددها مجلس الجامعه علي الا يتجاوز مده التاجيل فصلين دراسيين متتاليين او ثلاثه فصول دراسيه غير متتاليه، كحد اقصي لطالب يبقي في الجامعه ثم يطوي قيده، بعد ذلك. ويجوز لمجلس الجامعه في حال الضروره الاستثناء من ذلك، ولا تحتسب مده التاجيل ضمن المده اللازمه لانهاء متطلبات التخرج. القاعده التنفيذيه: القاعده التنفيذيه للماده الرابعه عشر بنود القاعده التنفيذيه: (1) يجوز للطالب المتقدم بطلب تاجيل الدراسه، قبل نهايه الفصل الذي يسمي فصل التاجيل حسب التقويم الاكاديمي، ويمكن ان يكون الطلب الكترونياً او يدوياً علي ان لا يتجاوز التاجيل مده فصلين دراسيين متتاليين، او ثلاثه فصول غير متتاليه، كحد اقصي لطالب مده دراسته في الجامعه، ثم يطوي قيده بعد ذلك. (2) يجوز لمجلس الجامعه او من يفوضه في حال الضروره الاستثناء من ذلك، ولا تحتسب مده التاجيل ضمن المده اللازمه لانهاء متطلبات التخرج.', '[row:26|part:0] (collection=academic_calendar)\nحدث اكاديمي: استلام وثائق تخرج الفصل الدراسي الثاني 1447ه بدايه: 2026-07-19 نهايه: ----------------']",10,True,False,False,True,متى تبدأ ومتى تنتهي فعالية: تأجيل الفصل الدراسي الأول للعام الجامعي 1448هـ؟,,[],,Q075,academic_calendar,dates,easy,academic_calendar.csv,academic_calendar.csv | event: تأجيل الفصل الدراسي الأول للعام الجامعي 1448هـ,متى تبدأ ومتى تنتهي فعالية: تأجيل الفصل الدراسي الأول للعام الجامعي 1448هـ؟,"['[row:4|part:0] (collection=academic_calendar)\nحدث اكاديمي: تاجيل الفصل الدراسي الاول للعام الجامعي 1448ه بدايه: 2026-02-08 نهايه: 2026-08-20', '[row:27|part:0] (collection=academic_calendar)\nحدث اكاديمي: بدايه الفصل الدراسي الاول للعام الجامعي 1448ه بدايه: 2026-08-23 نهايه: ----------------', '[row:22|part:0] (collection=academic_calendar)\nحدث اكاديمي: بدايه التسجيل المبكر للفصل الدراسي الاول 1448ه للطلاب والطالبات بدايه: 2026-07-05 نهايه: 2026-08-20', '[row:23|part:0] (collection=academic_calendar)\nحدث اكاديمي: بدايه الارشاد الاكاديمي والتسجيل للفصل الدراسي الاول 1448ه عبر المرشدين الاكاديميين بدايه: 2026-07-05 نهايه: 2026-08-20', '[row:8|part:0] (collection=academic_calendar)\nحدث اكاديمي: الفتره الاولي للاختبارات في الفصل الدراسي الاول للعام الجامعي 1447ه بدايه: 2026-03-01 نهايه: 2026-03-05', '[row:2|part:0] (collection=academic_calendar)\nحدث اكاديمي: بدايه الفصل الدراسي الثاني للعام الجامعي 1447ه بدايه: 2026-01-18 نهايه: -----------------', '[row:21|part:0] (collection=academic_calendar)\nحدث اكاديمي: بدايه اجازه نهايه العام الدراسي للعام الجامعي 1447ه بدايه: 2026-06-25 نهايه: -------------', '[row:16|part:0] (collection=academic_calendar)\nحدث اكاديمي: الفتره الثانيه للاختبارات في الفصل الدراسي الثاني للعام الجامعي 1447ه بدايه: 2026-05-03 نهايه: 2026-05-07', '[page:18|article:14|part:0] (collection=regulations)\nرقم الصفحه: 18 رقم الماده: 14 العنوان: الماده الرابعه عشر النص الاساسي: يجوز للطالب المتقدم بطلب تاجيل الدراسه لعذر تقبله الجهه التي يحددها مجلس الجامعه علي الا يتجاوز مده التاجيل فصلين دراسيين متتاليين او ثلاثه فصول دراسيه غير متتاليه، كحد اقصي لطالب يبقي في الجامعه ثم يطوي قيده، بعد ذلك. ويجوز لمجلس الجامعه في حال الضروره الاستثناء من ذلك، ولا تحتسب مده التاجيل ضمن المده اللازمه لانهاء متطلبات التخرج. القاعده التنفيذيه: القاعده التنفيذيه للماده الرابعه عشر بنود القاعده التنفيذيه: (1) يجوز للطالب المتقدم بطلب تاجيل الدراسه، قبل نهايه الفصل الذي يسمي فصل التاجيل حسب التقويم الاكاديمي، ويمكن ان يكون الطلب الكترونياً او يدوياً علي ان لا يتجاوز التاجيل مده فصلين دراسيين متتاليين، او ثلاثه فصول غير متتاليه، كحد اقصي لطالب مده دراسته في الجامعه، ثم يطوي قيده بعد ذلك. (2) يجوز لمجلس الجامعه او من يفوضه في حال الضروره الاستثناء من ذلك، ولا تحتسب مده التاجيل ضمن المده اللازمه لانهاء متطلبات التخرج.', '[row:26|part:0] (collection=academic_calendar)\nحدث اكاديمي: استلام وثائق تخرج الفصل الدراسي الثاني 1447ه بدايه: 2026-07-19 نهايه: ----------------']",تبدأ فعالية تأجيل الفصل الدراسي الأول للعام الجامعي 1448هـ في 8 فبراير 2026 وتنتهي في 20 أغسطس 2026.,تبدأ فعالية تأجيل الفصل الدراسي الأول للعام الجامعي 1448هـ في 2026-02-08 وتنتهي في 2026-08-20.,0.9475358206274431,0.9999999999,1.0,1.0
ما موعد الاعتذار عن الفصل الدراسي الحالي (الفصل الدراسي الثاني) في التقويم الأكاديمي؟,موعد الاعتذار عن الفصل الدراسي الحالي (الفصل الدراسي الثاني) من 2026-02-08 إلى 2026-04-18.,موعد الاعتذار عن الفصل الدراسي الحالي (الفصل الدراسي الثاني) يبدأ من 8 فبراير 2026 وينتهي في 18 أبريل 2026.,"['[row:5|part:0] (collection=academic_calendar)\nحدث اكاديمي: الاعتذار عن الفصل الدراسي الحالي (الفصل الدراسي الثاني) بدايه: 2026-02-08 نهايه: 2026-04-18', '[page:4|def:21|part:0] (collection=regulations)\nمصطلح: الاعتذار عن الدراسه التعريف: عدم مواصله الطالب الدراسه للسنه الدراسيه او الفصل الدراسي الذي سجل فيه بعذر مقبول مع احتساب فتره الاعتذار ضمن المده النظاميه للتخرج.', '[page:17|article:13|part:0] (collection=regulations)\nرقم الصفحه: 17 رقم الماده: 13 العنوان: الماده الثالثه عشر النص الاساسي: يجوز للطالب الاعتذار عن الاستمرار في دراسه فصل دراسي دون ان يعد راسباً، اذا تقدم بعذر مقبول لدي الجهه التي يحددها مجلس الجامعه، وذلك خلال فتره زمنيه تحددها القواعد التنفيذيه التي يقرها مجلس الجامعه، ويرصد للطالب تقدير (ع) او (W) ويحسب هذا الفصل من المده اللازمه لانهاء متطلبات التخرج. يجوز الانسحاب من مقرر او اكثر في الفصل الدراسي وفق القواعد التنفيذيه التي يقرها مجلس الجامعه. القاعده التنفيذيه: القاعده التنفيذيه للماده الثالثه عشر بنود القاعده التنفيذيه: (1) للاعتذار عن الاستمرار في الدراسه: لا يقل المعدل التراكمي للطالب عن (2). (2) تحتسب فتره الاعتذار عن الدراسه من عدد الفصول التي يسمح للطالب التاجيل فيها طبقاً للماده الرابعه عشر من اللائحه، وهي فصلان دراسيان متتاليان او ثلاثه فصول دراسيه غير متتاليه.', '[row:17|part:0] (collection=academic_calendar)\nحدث اكاديمي: استقبال طلبات الاعذار عن غياب اختبارات الفتره الثانيه بدايه: 2026-05-03 نهايه: 2026-05-07', '[row:16|part:0] (collection=academic_calendar)\nحدث اكاديمي: الفتره الثانيه للاختبارات في الفصل الدراسي الثاني للعام الجامعي 1447ه بدايه: 2026-05-03 نهايه: 2026-05-07', '[row:9|part:0] (collection=academic_calendar)\nحدث اكاديمي: استقبال طلبات الاعذار عن غياب اختبارات الفتره الاولي بدايه: 2026-03-01 نهايه: 2026-03-05', '[row:13|part:0] (collection=academic_calendar)\nحدث اكاديمي: استقبال طلبات الاعتذار عن غياب الاختبارات النصفيه بدايه: 2026-04-05 نهايه: 2026-04-09', '[row:2|part:0] (collection=academic_calendar)\nحدث اكاديمي: بدايه الفصل الدراسي الثاني للعام الجامعي 1447ه بدايه: 2026-01-18 نهايه: -----------------', '[page:16|article:12|part:0] (collection=regulations)\nرقم الصفحه: 16 رقم الماده: 12 العنوان: الماده الثانيه عشر النص الاساسي: اذا لم يتمكن الطالب من حضور الاختبار النهائي في ايٍ من مواد الفصل لعذرٍ قهريٍ جاز لمجلس الكليه، في حالات الضروره القصوي، قبول عذره والسماح باعطائه اختباراً بديلاً خلال مده لا تتجاوز نهايه الفصل الدراسي التالي، ويعطي التقدير الذي يحصل عليه بعد ادائه الاختبار البديل. القاعده التنفيذيه: القاعده التنفيذيه للماده الثانيه عشر بنود القاعده التنفيذيه: (1) اذا لم يتمكن الطالب من حضور الاختبار النهائي في ايٍ من مقررات الفصل الدراسي لعذر قهري، يجوز لمجلس كليه الطالب في حال الضروره القصوي الموافقه علي منحه اختباراً بديلاً خلال مده لا تتجاوز نهايه الفصل الدراسي التالي، ويعطي التقدير الذي يحصل عليه بعد ادائه للاختبار البديل. (2) اذا مضي فصل دراسي واحد ولم يتغير تقدير البديل (بد) في سجل الطالب ولم يكن الطالب معتذراً او مؤجلاً لذلك الفصل الدراسي، فيسجل له تقدير راسب (ه) ويحسب ضمن المعدل الفصلي والتراكمي.', '[row:14|part:0] (collection=academic_calendar)\nحدث اكاديمي: بدء التقديم علي نظام وثيقتي للطلاب المتوقع تخرجهم بنهايه الفصل الدراسي الثاني بدايه: 2026-04-12 نهايه: 2026-04-30']",10,True,False,False,True,ما موعد الاعتذار عن الفصل الدراسي الحالي (الفصل الدراسي الثاني) في التقويم الأكاديمي؟,,[],,Q076,academic_calendar,dates,easy,academic_calendar.csv,academic_calendar.csv | event: الاعتذار عن الفصل الدراسي الحالي (الفصل الدراسي الثاني),ما موعد الاعتذار عن الفصل الدراسي الحالي (الفصل الدراسي الثاني) في التقويم الأكاديمي؟,"['[row:5|part:0] (collection=academic_calendar)\nحدث اكاديمي: الاعتذار عن الفصل الدراسي الحالي (الفصل الدراسي الثاني) بدايه: 2026-02-08 نهايه: 2026-04-18', '[page:4|def:21|part:0] (collection=regulations)\nمصطلح: الاعتذار عن الدراسه التعريف: عدم مواصله الطالب الدراسه للسنه الدراسيه او الفصل الدراسي الذي سجل فيه بعذر مقبول مع احتساب فتره الاعتذار ضمن المده النظاميه للتخرج.', '[page:17|article:13|part:0] (collection=regulations)\nرقم الصفحه: 17 رقم الماده: 13 العنوان: الماده الثالثه عشر النص الاساسي: يجوز للطالب الاعتذار عن الاستمرار في دراسه فصل دراسي دون ان يعد راسباً، اذا تقدم بعذر مقبول لدي الجهه التي يحددها مجلس الجامعه، وذلك خلال فتره زمنيه تحددها القواعد التنفيذيه التي يقرها مجلس الجامعه، ويرصد للطالب تقدير (ع) او (W) ويحسب هذا الفصل من المده اللازمه لانهاء متطلبات التخرج. يجوز الانسحاب من مقرر او اكثر في الفصل الدراسي وفق القواعد التنفيذيه التي يقرها مجلس الجامعه. القاعده التنفيذيه: القاعده التنفيذيه للماده الثالثه عشر بنود القاعده التنفيذيه: (1) للاعتذار عن الاستمرار في الدراسه: لا يقل المعدل التراكمي للطالب عن (2). (2) تحتسب فتره الاعتذار عن الدراسه من عدد الفصول التي يسمح للطالب التاجيل فيها طبقاً للماده الرابعه عشر من اللائحه، وهي فصلان دراسيان متتاليان او ثلاثه فصول دراسيه غير متتاليه.', '[row:17|part:0] (collection=academic_calendar)\nحدث اكاديمي: استقبال طلبات الاعذار عن غياب اختبارات الفتره الثانيه بدايه: 2026-05-03 نهايه: 2026-05-07', '[row:16|part:0] (collection=academic_calendar)\nحدث اكاديمي: الفتره الثانيه للاختبارات في الفصل الدراسي الثاني للعام الجامعي 1447ه بدايه: 2026-05-03 نهايه: 2026-05-07', '[row:9|part:0] (collection=academic_calendar)\nحدث اكاديمي: استقبال طلبات الاعذار عن غياب اختبارات الفتره الاولي بدايه: 2026-03-01 نهايه: 2026-03-05', '[row:13|part:0] (collection=academic_calendar)\nحدث اكاديمي: استقبال طلبات الاعتذار عن غياب الاختبارات النصفيه بدايه: 2026-04-05 نهايه: 2026-04-09', '[row:2|part:0] (collection=academic_calendar)\nحدث اكاديمي: بدايه الفصل الدراسي الثاني للعام الجامعي 1447ه بدايه: 2026-01-18 نهايه: -----------------', '[page:16|article:12|part:0] (collection=regulations)\nرقم الصفحه: 16 رقم الماده: 12 العنوان: الماده الثانيه عشر النص الاساسي: اذا لم يتمكن الطالب من حضور الاختبار النهائي في ايٍ من مواد الفصل لعذرٍ قهريٍ جاز لمجلس الكليه، في حالات الضروره القصوي، قبول عذره والسماح باعطائه اختباراً بديلاً خلال مده لا تتجاوز نهايه الفصل الدراسي التالي، ويعطي التقدير الذي يحصل عليه بعد ادائه الاختبار البديل. القاعده التنفيذيه: القاعده التنفيذيه للماده الثانيه عشر بنود القاعده التنفيذيه: (1) اذا لم يتمكن الطالب من حضور الاختبار النهائي في ايٍ من مقررات الفصل الدراسي لعذر قهري، يجوز لمجلس كليه الطالب في حال الضروره القصوي الموافقه علي منحه اختباراً بديلاً خلال مده لا تتجاوز نهايه الفصل الدراسي التالي، ويعطي التقدير الذي يحصل عليه بعد ادائه للاختبار البديل. (2) اذا مضي فصل دراسي واحد ولم يتغير تقدير البديل (بد) في سجل الطالب ولم يكن الطالب معتذراً او مؤجلاً لذلك الفصل الدراسي، فيسجل له تقدير راسب (ه) ويحسب ضمن المعدل الفصلي والتراكمي.', '[row:14|part:0] (collection=academic_calendar)\nحدث اكاديمي: بدء التقديم علي نظام وثيقتي للطلاب المتوقع تخرجهم بنهايه الفصل الدراسي الثاني بدايه: 2026-04-12 نهايه: 2026-04-30']",موعد الاعتذار عن الفصل الدراسي الحالي (الفصل الدراسي الثاني) يبدأ من 8 فبراير 2026 وينتهي في 18 أبريل 2026.,موعد الاعتذار عن الفصل الدراسي الحالي (الفصل الدراسي الثاني) من 2026-02-08 إلى 2026-04-18.,0.8124381730087261,0.9999999999,1.0,1.0
ما موعد إجازة يوم التأسيس في التقويم الأكاديمي؟,موعد إجازة يوم التأسيس من 2026-02-22 00:00:00 إلى 2026-02-23.,موعد إجازة يوم التأسيس في التقويم الأكاديمي هو من 22 فبراير 2026 إلى 23 فبراير 2026.,"['[row:6|part:0] (collection=academic_calendar)\nحدث اكاديمي: اجازه يوم التاسيس بدايه: 2026-02-22 00:00:00 نهايه: 2026-02-23', '[row:21|part:0] (collection=academic_calendar)\nحدث اكاديمي: بدايه اجازه نهايه العام الدراسي للعام الجامعي 1447ه بدايه: 2026-06-25 نهايه: -------------', '[row:10|part:0] (collection=academic_calendar)\nحدث اكاديمي: اجازه عيد الفطر المبارك بدايه: 2026-03-05 نهايه: 2026-03-28', '[row:1|part:0] (collection=academic_calendar)\nحدث اكاديمي: الفتره النهائيه للتسجيل من قبل الوكلاء او الشؤون التعليميه بدايه: 2026-01-11 نهايه: 2026-01-20', '[row:19|part:0] (collection=academic_calendar)\nحدث اكاديمي: اجازه عيد الاضحي المبارك بدايه: 2026-05-21 نهايه: 2026-06-01 00:00:00', '[row:27|part:0] (collection=academic_calendar)\nحدث اكاديمي: بدايه الفصل الدراسي الاول للعام الجامعي 1448ه بدايه: 2026-08-23 نهايه: ----------------', '[row:7|part:0] (collection=academic_calendar)\nحدث اكاديمي: تقديم طلبات التخصيص والتحويل في الكليات (ODUS PLUS) بدايه: 2026-02-24 نهايه: 2026-05-16', '[row:5|part:0] (collection=academic_calendar)\nحدث اكاديمي: الاعتذار عن الفصل الدراسي الحالي (الفصل الدراسي الثاني) بدايه: 2026-02-08 نهايه: 2026-04-18', '[row:0|part:0] (collection=academic_calendar)\nحدث اكاديمي: فتره التسجيل للطلاب والطالبات والمرشدين الاكاديميين بدايه: 2026-01-11 نهايه: 2026-01-17', '[row:2|part:0] (collection=academic_calendar)\nحدث اكاديمي: بدايه الفصل الدراسي الثاني للعام الجامعي 1447ه بدايه: 2026-01-18 نهايه: -----------------']",10,False,False,False,True,ما موعد إجازة يوم التأسيس في التقويم الأكاديمي؟,,[],,Q077,academic_calendar,dates,easy,academic_calendar.csv,academic_calendar.csv | event: إجازة يوم التأسيس,ما موعد إجازة يوم التأسيس في التقويم الأكاديمي؟,"['[row:6|part:0] (collection=academic_calendar)\nحدث اكاديمي: اجازه يوم التاسيس بدايه: 2026-02-22 00:00:00 نهايه: 2026-02-23', '[row:21|part:0] (collection=academic_calendar)\nحدث اكاديمي: بدايه اجازه نهايه العام الدراسي للعام الجامعي 1447ه بدايه: 2026-06-25 نهايه: -------------', '[row:10|part:0] (collection=academic_calendar)\nحدث اكاديمي: اجازه عيد الفطر المبارك بدايه: 2026-03-05 نهايه: 2026-03-28', '[row:1|part:0] (collection=academic_calendar)\nحدث اكاديمي: الفتره النهائيه للتسجيل من قبل الوكلاء او الشؤون التعليميه بدايه: 2026-01-11 نهايه: 2026-01-20', '[row:19|part:0] (collection=academic_calendar)\nحدث اكاديمي: اجازه عيد الاضحي المبارك بدايه: 2026-05-21 نهايه: 2026-06-01 00:00:00', '[row:27|part:0] (collection=academic_calendar)\nحدث اكاديمي: بدايه الفصل الدراسي الاول للعام الجامعي 1448ه بدايه: 2026-08-23 نهايه: ----------------', '[row:7|part:0] (collection=academic_calendar)\nحدث اكاديمي: تقديم طلبات التخصيص والتحويل في الكليات (ODUS PLUS) بدايه: 2026-02-24 نهايه: 2026-05-16', '[row:5|part:0] (collection=academic_calendar)\nحدث اكاديمي: الاعتذار عن الفصل الدراسي الحالي (الفصل الدراسي الثاني) بدايه: 2026-02-08 نهايه: 2026-04-18', '[row:0|part:0] (collection=academic_calendar)\nحدث اكاديمي: فتره التسجيل للطلاب والطالبات والمرشدين الاكاديميين بدايه: 2026-01-11 نهايه: 2026-01-17', '[row:2|part:0] (collection=academic_calendar)\nحدث اكاديمي: بدايه الفصل الدراسي الثاني للعام الجامعي 1447ه بدايه: 2026-01-18 نهايه: -----------------']",موعد إجازة يوم التأسيس في التقويم الأكاديمي هو من 22 فبراير 2026 إلى 23 فبراير 2026.,موعد إجازة يوم التأسيس من 2026-02-22 00:00:00 إلى 2026-02-23.,0.5652819791248329,0.9999999999,1.0,1.0
ما موعد تقديم طلبات التخصيص والتحويل في الكليات (ODUS PLUS) في التقويم الأكاديمي؟,موعد تقديم طلبات التخصيص والتحويل في الكليات (ODUS PLUS) من 2026-02-24 إلى 2026-05-16.,موعد تقديم طلبات التخصيص والتحويل في الكليات (ODUS PLUS) هو من 24 فبراير 2026 إلى 16 مايو 2026.,"['[row:7|part:0] (collection=academic_calendar)\nحدث اكاديمي: تقديم طلبات التخصيص والتحويل في الكليات (ODUS PLUS) بدايه: 2026-02-24 نهايه: 2026-05-16', '[chunk_002|part:0] (collection=transfer_rules)\nيحق للطالب او الطالبه التقديم علي التحويل وفق المواعيد المحدده في التقويم الاكاديمي من خلال نظام الخدمات الذاتيه ODUS.', '[row:24|part:0] (collection=academic_calendar)\nحدث اكاديمي: اعلان نتائج التخصيص علي ODUS PLUS بدايه: 2026-07-07 نهايه: ----------------', '[row:25|part:0] (collection=academic_calendar)\nحدث اكاديمي: اعلان نتائج التحويل علي ODUS PLUS بدايه: 2026-07-14 نهايه: ----------------', '[page:38|article:1|part:0] (collection=regulations)\nرقم الصفحه: 38 العنوان: القاعده التنفيذيه للماده الثامنه و الاربعون المحتوي: بناءً علي الماده الثامنه والاربعين من اللائحه، تُحدد الشروط الاضافيه التاليه للتحويل من تخصص الي اخر داخل الكليه: 1) ان لا يقل المعدل التراكمي للطالب عن (3 من 5). 2) ان يكون التحويل مره واحده فقط. 3) ان لا يكون قد درس في تخصصه ما يزيد عن نصف متطلبات التخرج. 4) لعماده القبول والتسجيل بالتنسيق مع الكليه النظر في الحالات الاستثنائيه. 5) تقدم طلبات التحويل في الفتره المحدده في التقويم الجامعي لدي عماده القبول والتسجيل، وتعلن نتائج المقبولين طبقاً للمعايير والشروط والسعه التي تحددها الاقسام. 6) الا يكون الانتقال من قسم يتطلب السنه التحضيريه للعلوم الطبيعيه الي قسم يتطلب السنه التحضيريه للعلوم الانسانيه والعكس صحيح، ويُستثني من ذلك الاقسام التي تقبل المسارين المعتمدين في الخطط الدراسيه.', '[page:37|article:1|part:0] (collection=regulations)\nرقم الصفحه: 37 العنوان: القاعده التنفيذيه للماده السادسه و الاربعون المحتوي: بناءً علي الماده السادسه والاربعين من اللائحه، تُحدد الشروط الاضافيه التاليه للتحويل من كليه الي اخري داخل الجامعه: 1) ان يكون الطالب مستوفياً لشروط التحويل في الكليه المحول اليها. 2) ان تكون حاله الطالب فعال في السجل الاكاديمي، ولا يقبل التحويل للطالب المعتذر او المؤجل او المنقطع. 3) ان يكون التحويل لمره واحده فقط. 4) الا يكون قد درس في تخصصه ما يزيد عن نصف متطلبات التخرج، ويُستثني من ذلك الطالب المحول من الكليات التي يشترط المعدل التراكمي 3 من 5 جيد كحد ادني للتخرج. 5) تتم معالجه طلبات التحويل في الفتره المحدده في التقويم الجامعي لدي عماده القبول والتسجيل، وتعلن نتائج المقبولين طبقاً للمعايير والشروط التي تحددها الكليه للمفاضله بين الطلاب، والسعه التي تحددها الكليه.', '[page:35|article:1|part:0] (collection=regulations)\nرقم الصفحه: 35 العنوان: القاعده التنفيذيه للماده الثانيه و الاربعون المحتوي: بناءً علي الماده الثانيه والاربعين فقره (ج) من اللائحه، تُحدد الشروط الاضافيه التاليه للتحويل من جامعه اخري الي جامعه جده: 1) موافقه عميد القبول والتسجيل وفق ضوابط التحويل التي تقرها الجامعه. 2) ان يكون التحويل من جامعه معترف بها اكاديمياً في وزاره التعليم، وضروره ارفاق خطاب الاعتراف بالنسبه للجامعات والكليات الاهليه او الخارجيه. 3) ان لا يقل المعدل التراكمي للطالب المحول عن (3 من 5) او (2 من 4). 4) الا يكون الطالب مفصولاً او منقطعاً من جامعه لاي سبب كان، واذا اتضح بعد فتح ملفه غير ذلك فيعتبر قبوله لاغياً. 5) ان يكون التحويل الي نفس التخصص المحول منه في الجامعه السابقه. 6) دراسه ما لا يقل عن 50% من متطلبات التخرج في جامعه جده. 7) ان تستكمل اجراءات التحويل حسب المواعيد المحدده في التقويم الجامعي. 8) ان يستوفي اي شروط اخري تحددها عماده القبول والتسجيل.', '[page:17|article:13|part:0] (collection=regulations)\nرقم الصفحه: 17 رقم الماده: 13 العنوان: الماده الثالثه عشر النص الاساسي: يجوز للطالب الاعتذار عن الاستمرار في دراسه فصل دراسي دون ان يعد راسباً، اذا تقدم بعذر مقبول لدي الجهه التي يحددها مجلس الجامعه، وذلك خلال فتره زمنيه تحددها القواعد التنفيذيه التي يقرها مجلس الجامعه، ويرصد للطالب تقدير (ع) او (W) ويحسب هذا الفصل من المده اللازمه لانهاء متطلبات التخرج. يجوز الانسحاب من مقرر او اكثر في الفصل الدراسي وفق القواعد التنفيذيه التي يقرها مجلس الجامعه. القاعده التنفيذيه: القاعده التنفيذيه للماده الثالثه عشر بنود القاعده التنفيذيه: (1) للاعتذار عن الاستمرار في الدراسه: لا يقل المعدل التراكمي للطالب عن (2). (2) تحتسب فتره الاعتذار عن الدراسه من عدد الفصول التي يسمح للطالب التاجيل فيها طبقاً للماده الرابعه عشر من اللائحه، وهي فصلان دراسيان متتاليان او ثلاثه فصول دراسيه غير متتاليه.', '[page:12|article:8.1|part:0] (collection=regulations)\nرقم الصفحه: 12 رقم الماده: 8.1 العنوان: يتبع القاعده التنفيذيه للماده الثامنه البنود: ٣) ان لا يكون هناك تعارض في جدول الطالب. ٤. عند عجز تحميل الطالب للعبء الدراسي عند عجز تحميل الطالب للعبء الدراسي من مقررات المستوي الذي يلزمه بسبب التعارض، او عدم انهاء المتطلبات السابقه، او انهاء مجموع مقررات ذلك المستوي، يكمل العبء الدراسي من مقررات المستويات التاليه للمستوي الملزم بها. واذا تعذر اكمال وحدات العبء الدراسي بعد ذلك يكتفي بالحد الادني للحد الدراسي الذي يُقرره له حتي لو كان عددها دون الحد الادني، وذلك بالتنسيق بين الكليه المعنيه للطالب وعماده القبول والتسجيل. ٥. تسجيل المقررات والمستويات العاليه ا) يُحدد عدد المقررات العاليه المسموح بتسجيل مقررات منها بمرسوم، ويجوز بموافقه عماده القبول والتسجيل تحديد مستويات اخري للكليات التي تستدعي طبيعه الدراسه فيها خلاف ذلك. ب) تتم عمليه تسجيل الجداول الدراسيه للطالب خلال الفتره الزمنيه المحدده في التقويم الجامعي.', '[page:36|article:4|part:0] (collection=regulations)\nرقم الصفحه: 36 العنوان: الماده الخامسه و الاربعون المحتوي: يتم تحويل الطالب في اي فصل دراسي من جامعه اخري الي الجامعه المحول اليها وفقاً لاجراءات والمواعيد المعلنه في الضوابط العامه للتحويل.']",10,True,False,False,True,ما موعد تقديم طلبات التخصيص والتحويل في الكليات (ODUS PLUS) في التقويم الأكاديمي؟,,[],,Q078,academic_calendar,dates,easy,academic_calendar.csv,academic_calendar.csv | event: تقديم طلبات التخصيص والتحويل في الكليات (ODUS PLUS),ما موعد تقديم طلبات التخصيص والتحويل في الكليات (ODUS PLUS) في التقويم الأكاديمي؟,"['[row:7|part:0] (collection=academic_calendar)\nحدث اكاديمي: تقديم طلبات التخصيص والتحويل في الكليات (ODUS PLUS) بدايه: 2026-02-24 نهايه: 2026-05-16', '[chunk_002|part:0] (collection=transfer_rules)\nيحق للطالب او الطالبه التقديم علي التحويل وفق المواعيد المحدده في التقويم الاكاديمي من خلال نظام الخدمات الذاتيه ODUS.', '[row:24|part:0] (collection=academic_calendar)\nحدث اكاديمي: اعلان نتائج التخصيص علي ODUS PLUS بدايه: 2026-07-07 نهايه: ----------------', '[row:25|part:0] (collection=academic_calendar)\nحدث اكاديمي: اعلان نتائج التحويل علي ODUS PLUS بدايه: 2026-07-14 نهايه: ----------------', '[page:38|article:1|part:0] (collection=regulations)\nرقم الصفحه: 38 العنوان: القاعده التنفيذيه للماده الثامنه و الاربعون المحتوي: بناءً علي الماده الثامنه والاربعين من اللائحه، تُحدد الشروط الاضافيه التاليه للتحويل من تخصص الي اخر داخل الكليه: 1) ان لا يقل المعدل التراكمي للطالب عن (3 من 5). 2) ان يكون التحويل مره واحده فقط. 3) ان لا يكون قد درس في تخصصه ما يزيد عن نصف متطلبات التخرج. 4) لعماده القبول والتسجيل بالتنسيق مع الكليه النظر في الحالات الاستثنائيه. 5) تقدم طلبات التحويل في الفتره المحدده في التقويم الجامعي لدي عماده القبول والتسجيل، وتعلن نتائج المقبولين طبقاً للمعايير والشروط والسعه التي تحددها الاقسام. 6) الا يكون الانتقال من قسم يتطلب السنه التحضيريه للعلوم الطبيعيه الي قسم يتطلب السنه التحضيريه للعلوم الانسانيه والعكس صحيح، ويُستثني من ذلك الاقسام التي تقبل المسارين المعتمدين في الخطط الدراسيه.', '[page:37|article:1|part:0] (collection=regulations)\nرقم الصفحه: 37 العنوان: القاعده التنفيذيه للماده السادسه و الاربعون المحتوي: بناءً علي الماده السادسه والاربعين من اللائحه، تُحدد الشروط الاضافيه التاليه للتحويل من كليه الي اخري داخل الجامعه: 1) ان يكون الطالب مستوفياً لشروط التحويل في الكليه المحول اليها. 2) ان تكون حاله الطالب فعال في السجل الاكاديمي، ولا يقبل التحويل للطالب المعتذر او المؤجل او المنقطع. 3) ان يكون التحويل لمره واحده فقط. 4) الا يكون قد درس في تخصصه ما يزيد عن نصف متطلبات التخرج، ويُستثني من ذلك الطالب المحول من الكليات التي يشترط المعدل التراكمي 3 من 5 جيد كحد ادني للتخرج. 5) تتم معالجه طلبات التحويل في الفتره المحدده في التقويم الجامعي لدي عماده القبول والتسجيل، وتعلن نتائج المقبولين طبقاً للمعايير والشروط التي تحددها الكليه للمفاضله بين الطلاب، والسعه التي تحددها الكليه.', '[page:35|article:1|part:0] (collection=regulations)\nرقم الصفحه: 35 العنوان: القاعده التنفيذيه للماده الثانيه و الاربعون المحتوي: بناءً علي الماده الثانيه والاربعين فقره (ج) من اللائحه، تُحدد الشروط الاضافيه التاليه للتحويل من جامعه اخري الي جامعه جده: 1) موافقه عميد القبول والتسجيل وفق ضوابط التحويل التي تقرها الجامعه. 2) ان يكون التحويل من جامعه معترف بها اكاديمياً في وزاره التعليم، وضروره ارفاق خطاب الاعتراف بالنسبه للجامعات والكليات الاهليه او الخارجيه. 3) ان لا يقل المعدل التراكمي للطالب المحول عن (3 من 5) او (2 من 4). 4) الا يكون الطالب مفصولاً او منقطعاً من جامعه لاي سبب كان، واذا اتضح بعد فتح ملفه غير ذلك فيعتبر قبوله لاغياً. 5) ان يكون التحويل الي نفس التخصص المحول منه في الجامعه السابقه. 6) دراسه ما لا يقل عن 50% من متطلبات التخرج في جامعه جده. 7) ان تستكمل اجراءات التحويل حسب المواعيد المحدده في التقويم الجامعي. 8) ان يستوفي اي شروط اخري تحددها عماده القبول والتسجيل.', '[page:17|article:13|part:0] (collection=regulations)\nرقم الصفحه: 17 رقم الماده: 13 العنوان: الماده الثالثه عشر النص الاساسي: يجوز للطالب الاعتذار عن الاستمرار في دراسه فصل دراسي دون ان يعد راسباً، اذا تقدم بعذر مقبول لدي الجهه التي يحددها مجلس الجامعه، وذلك خلال فتره زمنيه تحددها القواعد التنفيذيه التي يقرها مجلس الجامعه، ويرصد للطالب تقدير (ع) او (W) ويحسب هذا الفصل من المده اللازمه لانهاء متطلبات التخرج. يجوز الانسحاب من مقرر او اكثر في الفصل الدراسي وفق القواعد التنفيذيه التي يقرها مجلس الجامعه. القاعده التنفيذيه: القاعده التنفيذيه للماده الثالثه عشر بنود القاعده التنفيذيه: (1) للاعتذار عن الاستمرار في الدراسه: لا يقل المعدل التراكمي للطالب عن (2). (2) تحتسب فتره الاعتذار عن الدراسه من عدد الفصول التي يسمح للطالب التاجيل فيها طبقاً للماده الرابعه عشر من اللائحه، وهي فصلان دراسيان متتاليان او ثلاثه فصول دراسيه غير متتاليه.', '[page:12|article:8.1|part:0] (collection=regulations)\nرقم الصفحه: 12 رقم الماده: 8.1 العنوان: يتبع القاعده التنفيذيه للماده الثامنه البنود: ٣) ان لا يكون هناك تعارض في جدول الطالب. ٤. عند عجز تحميل الطالب للعبء الدراسي عند عجز تحميل الطالب للعبء الدراسي من مقررات المستوي الذي يلزمه بسبب التعارض، او عدم انهاء المتطلبات السابقه، او انهاء مجموع مقررات ذلك المستوي، يكمل العبء الدراسي من مقررات المستويات التاليه للمستوي الملزم بها. واذا تعذر اكمال وحدات العبء الدراسي بعد ذلك يكتفي بالحد الادني للحد الدراسي الذي يُقرره له حتي لو كان عددها دون الحد الادني، وذلك بالتنسيق بين الكليه المعنيه للطالب وعماده القبول والتسجيل. ٥. تسجيل المقررات والمستويات العاليه ا) يُحدد عدد المقررات العاليه المسموح بتسجيل مقررات منها بمرسوم، ويجوز بموافقه عماده القبول والتسجيل تحديد مستويات اخري للكليات التي تستدعي طبيعه الدراسه فيها خلاف ذلك. ب) تتم عمليه تسجيل الجداول الدراسيه للطالب خلال الفتره الزمنيه المحدده في التقويم الجامعي.', '[page:36|article:4|part:0] (collection=regulations)\nرقم الصفحه: 36 العنوان: الماده الخامسه و الاربعون المحتوي: يتم تحويل الطالب في اي فصل دراسي من جامعه اخري الي الجامعه المحول اليها وفقاً لاجراءات والمواعيد المعلنه في الضوابط العامه للتحويل.']",موعد تقديم طلبات التخصيص والتحويل في الكليات (ODUS PLUS) هو من 24 فبراير 2026 إلى 16 مايو 2026.,موعد تقديم طلبات التخصيص والتحويل في الكليات (ODUS PLUS) من 2026-02-24 إلى 2026-05-16.,0.9461028566045906,0.699999999965,1.0,1.0
ما موعد الفترة الأولى للاختبارات في الفصل الدراسي الأول للعام الجامعي 1447هـ في التقويم الأكاديمي؟,موعد الفترة الأولى للاختبارات في الفصل الدراسي الأول للعام الجامعي 1447هـ من 2026-03-01 إلى 2026-03-05.,موعد الفترة الأولى للاختبارات في الفصل الدراسي الأول للعام الجامعي 1447هـ هو من 1 مارس 2026 إلى 5 مارس 2026.,"['[row:8|part:0] (collection=academic_calendar)\nحدث اكاديمي: الفتره الاولي للاختبارات في الفصل الدراسي الاول للعام الجامعي 1447ه بدايه: 2026-03-01 نهايه: 2026-03-05', '[row:16|part:0] (collection=academic_calendar)\nحدث اكاديمي: الفتره الثانيه للاختبارات في الفصل الدراسي الثاني للعام الجامعي 1447ه بدايه: 2026-05-03 نهايه: 2026-05-07', '[row:27|part:0] (collection=academic_calendar)\nحدث اكاديمي: بدايه الفصل الدراسي الاول للعام الجامعي 1448ه بدايه: 2026-08-23 نهايه: ----------------', '[row:4|part:0] (collection=academic_calendar)\nحدث اكاديمي: تاجيل الفصل الدراسي الاول للعام الجامعي 1448ه بدايه: 2026-02-08 نهايه: 2026-08-20', '[row:2|part:0] (collection=academic_calendar)\nحدث اكاديمي: بدايه الفصل الدراسي الثاني للعام الجامعي 1447ه بدايه: 2026-01-18 نهايه: -----------------', '[row:21|part:0] (collection=academic_calendar)\nحدث اكاديمي: بدايه اجازه نهايه العام الدراسي للعام الجامعي 1447ه بدايه: 2026-06-25 نهايه: -------------', '[row:22|part:0] (collection=academic_calendar)\nحدث اكاديمي: بدايه التسجيل المبكر للفصل الدراسي الاول 1448ه للطلاب والطالبات بدايه: 2026-07-05 نهايه: 2026-08-20', '[row:23|part:0] (collection=academic_calendar)\nحدث اكاديمي: بدايه الارشاد الاكاديمي والتسجيل للفصل الدراسي الاول 1448ه عبر المرشدين الاكاديميين بدايه: 2026-07-05 نهايه: 2026-08-20', '[page:34|article:3|part:0] (collection=regulations)\nرقم الصفحه: 34 العنوان: القاعده التنفيذيه للماده الحاديه و الاربعون المحتوي: 1- تُعقد الاختبارات النهائيه في الفتره المحدده وفق التقويم الجامعي المعتمد. 2- تلتزم الكليه بعقد الاختبارات النهائيه في المواعيد المحدده لكل مقرر حسب الجدول المعلن من عماده القبول والتسجيل. 3- يتولي منسق المقرر اعداد اسئله الاختبار ونموذج الاجابه النموذجيه، ويسلم نسخه منها ونموذج الاجابه لرئيس القسم. 4- يوضع للمقرر من الشعب المحدده له اسئله موحده للاختبار النهائي، ويجوز لمجلس الكليه الذي يقدم مقررا بشعب متعدده – بناءً علي توصيه مجلس القسم – وضع اسئله غير موحده وبنموذج مطابق لذلك. 5- يلتزم عضو هيئه التدريس بالحضور اثناء عقد اختبار المقرر الذي يتولي تدريسه. 6- لا يحق لاحد عقد الاختبار النهائي في موعد محدد لغير طلابه، ويحدد رئيس القسم موعداً بديلاً لعقد الاختبار النهائي يعتمد من عميد الكليه او من يفوضه بالتنسيق مع عماده القبول والتسجيل، دون الاخلال بما ورد في الماده السادسه والثلاثين من هذه اللائحه.', '[row:26|part:0] (collection=academic_calendar)\nحدث اكاديمي: استلام وثائق تخرج الفصل الدراسي الثاني 1447ه بدايه: 2026-07-19 نهايه: ----------------']",10,True,False,False,True,ما موعد الفترة الأولى للاختبارات في الفصل الدراسي الأول للعام الجامعي 1447هـ في التقويم الأكاديمي؟,,[],,Q079,academic_calendar,dates,easy,academic_calendar.csv,academic_calendar.csv | event: الفترة الأولى للاختبارات في الفصل الدراسي الأول للعام الجامعي 1447هـ,ما موعد الفترة الأولى للاختبارات في الفصل الدراسي الأول للعام الجامعي 1447هـ في التقويم الأكاديمي؟,"['[row:8|part:0] (collection=academic_calendar)\nحدث اكاديمي: الفتره الاولي للاختبارات في الفصل الدراسي الاول للعام الجامعي 1447ه بدايه: 2026-03-01 نهايه: 2026-03-05', '[row:16|part:0] (collection=academic_calendar)\nحدث اكاديمي: الفتره الثانيه للاختبارات في الفصل الدراسي الثاني للعام الجامعي 1447ه بدايه: 2026-05-03 نهايه: 2026-05-07', '[row:27|part:0] (collection=academic_calendar)\nحدث اكاديمي: بدايه الفصل الدراسي الاول للعام الجامعي 1448ه بدايه: 2026-08-23 نهايه: ----------------', '[row:4|part:0] (collection=academic_calendar)\nحدث اكاديمي: تاجيل الفصل الدراسي الاول للعام الجامعي 1448ه بدايه: 2026-02-08 نهايه: 2026-08-20', '[row:2|part:0] (collection=academic_calendar)\nحدث اكاديمي: بدايه الفصل الدراسي الثاني للعام الجامعي 1447ه بدايه: 2026-01-18 نهايه: -----------------', '[row:21|part:0] (collection=academic_calendar)\nحدث اكاديمي: بدايه اجازه نهايه العام الدراسي للعام الجامعي 1447ه بدايه: 2026-06-25 نهايه: -------------', '[row:22|part:0] (collection=academic_calendar)\nحدث اكاديمي: بدايه التسجيل المبكر للفصل الدراسي الاول 1448ه للطلاب والطالبات بدايه: 2026-07-05 نهايه: 2026-08-20', '[row:23|part:0] (collection=academic_calendar)\nحدث اكاديمي: بدايه الارشاد الاكاديمي والتسجيل للفصل الدراسي الاول 1448ه عبر المرشدين الاكاديميين بدايه: 2026-07-05 نهايه: 2026-08-20', '[page:34|article:3|part:0] (collection=regulations)\nرقم الصفحه: 34 العنوان: القاعده التنفيذيه للماده الحاديه و الاربعون المحتوي: 1- تُعقد الاختبارات النهائيه في الفتره المحدده وفق التقويم الجامعي المعتمد. 2- تلتزم الكليه بعقد الاختبارات النهائيه في المواعيد المحدده لكل مقرر حسب الجدول المعلن من عماده القبول والتسجيل. 3- يتولي منسق المقرر اعداد اسئله الاختبار ونموذج الاجابه النموذجيه، ويسلم نسخه منها ونموذج الاجابه لرئيس القسم. 4- يوضع للمقرر من الشعب المحدده له اسئله موحده للاختبار النهائي، ويجوز لمجلس الكليه الذي يقدم مقررا بشعب متعدده – بناءً علي توصيه مجلس القسم – وضع اسئله غير موحده وبنموذج مطابق لذلك. 5- يلتزم عضو هيئه التدريس بالحضور اثناء عقد اختبار المقرر الذي يتولي تدريسه. 6- لا يحق لاحد عقد الاختبار النهائي في موعد محدد لغير طلابه، ويحدد رئيس القسم موعداً بديلاً لعقد الاختبار النهائي يعتمد من عميد الكليه او من يفوضه بالتنسيق مع عماده القبول والتسجيل، دون الاخلال بما ورد في الماده السادسه والثلاثين من هذه اللائحه.', '[row:26|part:0] (collection=academic_calendar)\nحدث اكاديمي: استلام وثائق تخرج الفصل الدراسي الثاني 1447ه بدايه: 2026-07-19 نهايه: ----------------']",موعد الفترة الأولى للاختبارات في الفصل الدراسي الأول للعام الجامعي 1447هـ هو من 1 مارس 2026 إلى 5 مارس 2026.,موعد الفترة الأولى للاختبارات في الفصل الدراسي الأول للعام الجامعي 1447هـ من 2026-03-01 إلى 2026-03-05.,0.6894495656428669,0.9999999999,1.0,1.0
ما موعد استقبال طلبات الاعذار عن غياب اختبارات الفترة الأولى في التقويم الأكاديمي؟,موعد استقبال طلبات الاعذار عن غياب اختبارات الفترة الأولى من 2026-03-01 إلى 2026-03-05.,موعد استقبال طلبات الاعذار عن غياب اختبارات الفترة الأولى هو من 1 مارس 2026 إلى 5 مارس 2026.,"['[row:9|part:0] (collection=academic_calendar)\nحدث اكاديمي: استقبال طلبات الاعذار عن غياب اختبارات الفتره الاولي بدايه: 2026-03-01 نهايه: 2026-03-05', '[row:13|part:0] (collection=academic_calendar)\nحدث اكاديمي: استقبال طلبات الاعتذار عن غياب الاختبارات النصفيه بدايه: 2026-04-05 نهايه: 2026-04-09', '[row:17|part:0] (collection=academic_calendar)\nحدث اكاديمي: استقبال طلبات الاعذار عن غياب اختبارات الفتره الثانيه بدايه: 2026-05-03 نهايه: 2026-05-07', '[row:8|part:0] (collection=academic_calendar)\nحدث اكاديمي: الفتره الاولي للاختبارات في الفصل الدراسي الاول للعام الجامعي 1447ه بدايه: 2026-03-01 نهايه: 2026-03-05', '[page:17|article:13|part:0] (collection=regulations)\nرقم الصفحه: 17 رقم الماده: 13 العنوان: الماده الثالثه عشر النص الاساسي: يجوز للطالب الاعتذار عن الاستمرار في دراسه فصل دراسي دون ان يعد راسباً، اذا تقدم بعذر مقبول لدي الجهه التي يحددها مجلس الجامعه، وذلك خلال فتره زمنيه تحددها القواعد التنفيذيه التي يقرها مجلس الجامعه، ويرصد للطالب تقدير (ع) او (W) ويحسب هذا الفصل من المده اللازمه لانهاء متطلبات التخرج. يجوز الانسحاب من مقرر او اكثر في الفصل الدراسي وفق القواعد التنفيذيه التي يقرها مجلس الجامعه. القاعده التنفيذيه: القاعده التنفيذيه للماده الثالثه عشر بنود القاعده التنفيذيه: (1) للاعتذار عن الاستمرار في الدراسه: لا يقل المعدل التراكمي للطالب عن (2). (2) تحتسب فتره الاعتذار عن الدراسه من عدد الفصول التي يسمح للطالب التاجيل فيها طبقاً للماده الرابعه عشر من اللائحه، وهي فصلان دراسيان متتاليان او ثلاثه فصول دراسيه غير متتاليه.', '[row:5|part:0] (collection=academic_calendar)\nحدث اكاديمي: الاعتذار عن الفصل الدراسي الحالي (الفصل الدراسي الثاني) بدايه: 2026-02-08 نهايه: 2026-04-18', '[row:11|part:0] (collection=academic_calendar)\nحدث اكاديمي: الاختبارات البديله (الفتره الاولي) بدايه: 2026-03-29 00:00:00 نهايه: 2026-04-02', '[page:4|def:21|part:0] (collection=regulations)\nمصطلح: الاعتذار عن الدراسه التعريف: عدم مواصله الطالب الدراسه للسنه الدراسيه او الفصل الدراسي الذي سجل فيه بعذر مقبول مع احتساب فتره الاعتذار ضمن المده النظاميه للتخرج.', '[page:16|article:12|part:0] (collection=regulations)\nرقم الصفحه: 16 رقم الماده: 12 العنوان: الماده الثانيه عشر النص الاساسي: اذا لم يتمكن الطالب من حضور الاختبار النهائي في ايٍ من مواد الفصل لعذرٍ قهريٍ جاز لمجلس الكليه، في حالات الضروره القصوي، قبول عذره والسماح باعطائه اختباراً بديلاً خلال مده لا تتجاوز نهايه الفصل الدراسي التالي، ويعطي التقدير الذي يحصل عليه بعد ادائه الاختبار البديل. القاعده التنفيذيه: القاعده التنفيذيه للماده الثانيه عشر بنود القاعده التنفيذيه: (1) اذا لم يتمكن الطالب من حضور الاختبار النهائي في ايٍ من مقررات الفصل الدراسي لعذر قهري، يجوز لمجلس كليه الطالب في حال الضروره القصوي الموافقه علي منحه اختباراً بديلاً خلال مده لا تتجاوز نهايه الفصل الدراسي التالي، ويعطي التقدير الذي يحصل عليه بعد ادائه للاختبار البديل. (2) اذا مضي فصل دراسي واحد ولم يتغير تقدير البديل (بد) في سجل الطالب ولم يكن الطالب معتذراً او مؤجلاً لذلك الفصل الدراسي، فيسجل له تقدير راسب (ه) ويحسب ضمن المعدل الفصلي والتراكمي.', '[row:16|part:0] (collection=academic_calendar)\nحدث اكاديمي: الفتره الثانيه للاختبارات في الفصل الدراسي الثاني للعام الجامعي 1447ه بدايه: 2026-05-03 نهايه: 2026-05-07']",10,True,False,False,True,ما موعد استقبال طلبات الاعذار عن غياب اختبارات الفترة الأولى في التقويم الأكاديمي؟,,[],,Q080,academic_calendar,dates,easy,academic_calendar.csv,academic_calendar.csv | event: استقبال طلبات الاعذار عن غياب اختبارات الفترة الأولى,ما موعد استقبال طلبات الاعذار عن غياب اختبارات الفترة الأولى في التقويم الأكاديمي؟,"['[row:9|part:0] (collection=academic_calendar)\nحدث اكاديمي: استقبال طلبات الاعذار عن غياب اختبارات الفتره الاولي بدايه: 2026-03-01 نهايه: 2026-03-05', '[row:13|part:0] (collection=academic_calendar)\nحدث اكاديمي: استقبال طلبات الاعتذار عن غياب الاختبارات النصفيه بدايه: 2026-04-05 نهايه: 2026-04-09', '[row:17|part:0] (collection=academic_calendar)\nحدث اكاديمي: استقبال طلبات الاعذار عن غياب اختبارات الفتره الثانيه بدايه: 2026-05-03 نهايه: 2026-05-07', '[row:8|part:0] (collection=academic_calendar)\nحدث اكاديمي: الفتره الاولي للاختبارات في الفصل الدراسي الاول للعام الجامعي 1447ه بدايه: 2026-03-01 نهايه: 2026-03-05', '[page:17|article:13|part:0] (collection=regulations)\nرقم الصفحه: 17 رقم الماده: 13 العنوان: الماده الثالثه عشر النص الاساسي: يجوز للطالب الاعتذار عن الاستمرار في دراسه فصل دراسي دون ان يعد راسباً، اذا تقدم بعذر مقبول لدي الجهه التي يحددها مجلس الجامعه، وذلك خلال فتره زمنيه تحددها القواعد التنفيذيه التي يقرها مجلس الجامعه، ويرصد للطالب تقدير (ع) او (W) ويحسب هذا الفصل من المده اللازمه لانهاء متطلبات التخرج. يجوز الانسحاب من مقرر او اكثر في الفصل الدراسي وفق القواعد التنفيذيه التي يقرها مجلس الجامعه. القاعده التنفيذيه: القاعده التنفيذيه للماده الثالثه عشر بنود القاعده التنفيذيه: (1) للاعتذار عن الاستمرار في الدراسه: لا يقل المعدل التراكمي للطالب عن (2). (2) تحتسب فتره الاعتذار عن الدراسه من عدد الفصول التي يسمح للطالب التاجيل فيها طبقاً للماده الرابعه عشر من اللائحه، وهي فصلان دراسيان متتاليان او ثلاثه فصول دراسيه غير متتاليه.', '[row:5|part:0] (collection=academic_calendar)\nحدث اكاديمي: الاعتذار عن الفصل الدراسي الحالي (الفصل الدراسي الثاني) بدايه: 2026-02-08 نهايه: 2026-04-18', '[row:11|part:0] (collection=academic_calendar)\nحدث اكاديمي: الاختبارات البديله (الفتره الاولي) بدايه: 2026-03-29 00:00:00 نهايه: 2026-04-02', '[page:4|def:21|part:0] (collection=regulations)\nمصطلح: الاعتذار عن الدراسه التعريف: عدم مواصله الطالب الدراسه للسنه الدراسيه او الفصل الدراسي الذي سجل فيه بعذر مقبول مع احتساب فتره الاعتذار ضمن المده النظاميه للتخرج.', '[page:16|article:12|part:0] (collection=regulations)\nرقم الصفحه: 16 رقم الماده: 12 العنوان: الماده الثانيه عشر النص الاساسي: اذا لم يتمكن الطالب من حضور الاختبار النهائي في ايٍ من مواد الفصل لعذرٍ قهريٍ جاز لمجلس الكليه، في حالات الضروره القصوي، قبول عذره والسماح باعطائه اختباراً بديلاً خلال مده لا تتجاوز نهايه الفصل الدراسي التالي، ويعطي التقدير الذي يحصل عليه بعد ادائه الاختبار البديل. القاعده التنفيذيه: القاعده التنفيذيه للماده الثانيه عشر بنود القاعده التنفيذيه: (1) اذا لم يتمكن الطالب من حضور الاختبار النهائي في ايٍ من مقررات الفصل الدراسي لعذر قهري، يجوز لمجلس كليه الطالب في حال الضروره القصوي الموافقه علي منحه اختباراً بديلاً خلال مده لا تتجاوز نهايه الفصل الدراسي التالي، ويعطي التقدير الذي يحصل عليه بعد ادائه للاختبار البديل. (2) اذا مضي فصل دراسي واحد ولم يتغير تقدير البديل (بد) في سجل الطالب ولم يكن الطالب معتذراً او مؤجلاً لذلك الفصل الدراسي، فيسجل له تقدير راسب (ه) ويحسب ضمن المعدل الفصلي والتراكمي.', '[row:16|part:0] (collection=academic_calendar)\nحدث اكاديمي: الفتره الثانيه للاختبارات في الفصل الدراسي الثاني للعام الجامعي 1447ه بدايه: 2026-05-03 نهايه: 2026-05-07']",موعد استقبال طلبات الاعذار عن غياب اختبارات الفترة الأولى هو من 1 مارس 2026 إلى 5 مارس 2026.,موعد استقبال طلبات الاعذار عن غياب اختبارات الفترة الأولى من 2026-03-01 إلى 2026-03-05.,0.9439968002238781,0.7499999999625,1.0,1.0
من هن الطالبات المساعدات لمادة أخلاقيات وحوكمة الحاسب؟,الطالبات المساعدات لمادة أخلاقيات وحوكمة الحاسب هن: نورة القحطاني، رهف السويلم.,"الطالبات المساعدات لمادة أخلاقيات وحوكمة الحاسب هن:

1. رهف السويلم - البريد: rhf.alswylm@outlook.com
2. نوره القحطاني - البريد: nwrh.alqhtany@outlook.com","['[row:1|part:0] (collection=student_helpers)\nطالبه مساعده الاسم: رهف السويلم الماده: اخلاقيات وحوكمه الحاسب البريد: rhf.alswylm@outlook.com', '[row:0|part:0] (collection=student_helpers)\nطالبه مساعده الاسم: نوره القحطاني الماده: اخلاقيات وحوكمه الحاسب البريد: nwrh.alqhtany@outlook.com', '[row:84|part:0] (collection=student_helpers)\nطالبه مساعده الاسم: روان الغامدي الماده: جنائيات الحاسب البريد: rwan.alghamdy@outlook.com', '[row:83|part:0] (collection=student_helpers)\nطالبه مساعده الاسم: بيسان الحربي الماده: جنائيات الحاسب البريد: bysan.alhrby@outlook.com', '[row:4|part:0] (collection=student_helpers)\nطالبه مساعده الاسم: غاده السديري الماده: اساسيات الانسان الالي البريد: ghadh.alsdyry@outlook.com', '[row:46|part:0] (collection=student_helpers)\nطالبه مساعده الاسم: نجلاء القرعاوي الماده: تفاعل الانسان والحاسب البريد: njla.alqrawy@outlook.com', '[row:24|part:0] (collection=student_helpers)\nطالبه مساعده الاسم: ياسمين الرشيد الماده: امن البرمجيات البريد: yasmyn.alrshyd@outlook.com', '[row:104|part:0] (collection=student_helpers)\nطالبه مساعده الاسم: لين الحارثي الماده: شبكات الحاسب البريد: lyn.alharthy@outlook.com', '[row:45|part:0] (collection=student_helpers)\nطالبه مساعده الاسم: امل التميمي الماده: تفاعل الانسان والحاسب البريد: amal.altmymy@outlook.com', '[row:151|part:0] (collection=student_helpers)\nطالبه مساعده الاسم: مرام السويلم الماده: هيكله وتنظيم الحاسوب البريد: mram.alswylim@outlook.com']",10,False,False,False,True,من هن الطالبات المساعدات لمادة أخلاقيات وحوكمة الحاسب؟,,[],,Q081,student_helpers,أخلاقيات وحوكمة الحاسب,easy,student_helpers.csv,student_helpers.csv | subject: أخلاقيات وحوكمة الحاسب,من هن الطالبات المساعدات لمادة أخلاقيات وحوكمة الحاسب؟,"['[row:1|part:0] (collection=student_helpers)\nطالبه مساعده الاسم: رهف السويلم الماده: اخلاقيات وحوكمه الحاسب البريد: rhf.alswylm@outlook.com', '[row:0|part:0] (collection=student_helpers)\nطالبه مساعده الاسم: نوره القحطاني الماده: اخلاقيات وحوكمه الحاسب البريد: nwrh.alqhtany@outlook.com', '[row:84|part:0] (collection=student_helpers)\nطالبه مساعده الاسم: روان الغامدي الماده: جنائيات الحاسب البريد: rwan.alghamdy@outlook.com', '[row:83|part:0] (collection=student_helpers)\nطالبه مساعده الاسم: بيسان الحربي الماده: جنائيات الحاسب البريد: bysan.alhrby@outlook.com', '[row:4|part:0] (collection=student_helpers)\nطالبه مساعده الاسم: غاده السديري الماده: اساسيات الانسان الالي البريد: ghadh.alsdyry@outlook.com', '[row:46|part:0] (collection=student_helpers)\nطالبه مساعده الاسم: نجلاء القرعاوي الماده: تفاعل الانسان والحاسب البريد: njla.alqrawy@outlook.com', '[row:24|part:0] (collection=student_helpers)\nطالبه مساعده الاسم: ياسمين الرشيد الماده: امن البرمجيات البريد: yasmyn.alrshyd@outlook.com', '[row:104|part:0] (collection=student_helpers)\nطالبه مساعده الاسم: لين الحارثي الماده: شبكات الحاسب البريد: lyn.alharthy@outlook.com', '[row:45|part:0] (collection=student_helpers)\nطالبه مساعده الاسم: امل التميمي الماده: تفاعل الانسان والحاسب البريد: amal.altmymy@outlook.com', '[row:151|part:0] (collection=student_helpers)\nطالبه مساعده الاسم: مرام السويلم الماده: هيكله وتنظيم الحاسوب البريد: mram.alswylim@outlook.com']","الطالبات المساعدات لمادة أخلاقيات وحوكمة الحاسب هن:

1. رهف السويلم - البريد: rhf.alswylm@outlook.com
2. نوره القحطاني - البريد: nwrh.alqhtany@outlook.com",الطالبات المساعدات لمادة أخلاقيات وحوكمة الحاسب هن: نورة القحطاني، رهف السويلم.,0.594876079352562,0.9999999999,1.0,1.0
من هن الطالبات المساعدات لمادة أخلاقيات وحوكمة الحاسب؟,الطالبات المساعدات لمادة أخلاقيات وحوكمة الحاسب هن: نورة القحطاني، رهف السويلم.,"الطالبات المساعدات لمادة أخلاقيات وحوكمة الحاسب هن:

1. رهف السويلم - البريد: rhf.alswylm@outlook.com
2. نوره القحطاني - البريد: nwrh.alqhtany@outlook.com","['[row:1|part:0] (collection=student_helpers)\nطالبه مساعده الاسم: رهف السويلم الماده: اخلاقيات وحوكمه الحاسب البريد: rhf.alswylm@outlook.com', '[row:0|part:0] (collection=student_helpers)\nطالبه مساعده الاسم: نوره القحطاني الماده: اخلاقيات وحوكمه الحاسب البريد: nwrh.alqhtany@outlook.com', '[row:84|part:0] (collection=student_helpers)\nطالبه مساعده الاسم: روان الغامدي الماده: جنائيات الحاسب البريد: rwan.alghamdy@outlook.com', '[row:83|part:0] (collection=student_helpers)\nطالبه مساعده الاسم: بيسان الحربي الماده: جنائيات الحاسب البريد: bysan.alhrby@outlook.com', '[row:4|part:0] (collection=student_helpers)\nطالبه مساعده الاسم: غاده السديري الماده: اساسيات الانسان الالي البريد: ghadh.alsdyry@outlook.com', '[row:46|part:0] (collection=student_helpers)\nطالبه مساعده الاسم: نجلاء القرعاوي الماده: تفاعل الانسان والحاسب البريد: njla.alqrawy@outlook.com', '[row:24|part:0] (collection=student_helpers)\nطالبه مساعده الاسم: ياسمين الرشيد الماده: امن البرمجيات البريد: yasmyn.alrshyd@outlook.com', '[row:104|part:0] (collection=student_helpers)\nطالبه مساعده الاسم: لين الحارثي الماده: شبكات الحاسب البريد: lyn.alharthy@outlook.com', '[row:45|part:0] (collection=student_helpers)\nطالبه مساعده الاسم: امل التميمي الماده: تفاعل الانسان والحاسب البريد: amal.altmymy@outlook.com', '[row:151|part:0] (collection=student_helpers)\nطالبه مساعده الاسم: مرام السويلم الماده: هيكله وتنظيم الحاسوب البريد: mram.alswylim@outlook.com']",10,False,False,False,True,من هن الطالبات المساعدات لمادة أخلاقيات وحوكمة الحاسب؟,,[],,Q082,student_helpers,أخلاقيات وحوكمة الحاسب,easy,student_helpers.csv,student_helpers.csv | subject: أخلاقيات وحوكمة الحاسب,من هن الطالبات المساعدات لمادة أخلاقيات وحوكمة الحاسب؟,"['[row:1|part:0] (collection=student_helpers)\nطالبه مساعده الاسم: رهف السويلم الماده: اخلاقيات وحوكمه الحاسب البريد: rhf.alswylm@outlook.com', '[row:0|part:0] (collection=student_helpers)\nطالبه مساعده الاسم: نوره القحطاني الماده: اخلاقيات وحوكمه الحاسب البريد: nwrh.alqhtany@outlook.com', '[row:84|part:0] (collection=student_helpers)\nطالبه مساعده الاسم: روان الغامدي الماده: جنائيات الحاسب البريد: rwan.alghamdy@outlook.com', '[row:83|part:0] (collection=student_helpers)\nطالبه مساعده الاسم: بيسان الحربي الماده: جنائيات الحاسب البريد: bysan.alhrby@outlook.com', '[row:4|part:0] (collection=student_helpers)\nطالبه مساعده الاسم: غاده السديري الماده: اساسيات الانسان الالي البريد: ghadh.alsdyry@outlook.com', '[row:46|part:0] (collection=student_helpers)\nطالبه مساعده الاسم: نجلاء القرعاوي الماده: تفاعل الانسان والحاسب البريد: njla.alqrawy@outlook.com', '[row:24|part:0] (collection=student_helpers)\nطالبه مساعده الاسم: ياسمين الرشيد الماده: امن البرمجيات البريد: yasmyn.alrshyd@outlook.com', '[row:104|part:0] (collection=student_helpers)\nطالبه مساعده الاسم: لين الحارثي الماده: شبكات الحاسب البريد: lyn.alharthy@outlook.com', '[row:45|part:0] (collection=student_helpers)\nطالبه مساعده الاسم: امل التميمي الماده: تفاعل الانسان والحاسب البريد: amal.altmymy@outlook.com', '[row:151|part:0] (collection=student_helpers)\nطالبه مساعده الاسم: مرام السويلم الماده: هيكله وتنظيم الحاسوب البريد: mram.alswylim@outlook.com']","الطالبات المساعدات لمادة أخلاقيات وحوكمة الحاسب هن:

1. رهف السويلم - البريد: rhf.alswylm@outlook.com
2. نوره القحطاني - البريد: nwrh.alqhtany@outlook.com",الطالبات المساعدات لمادة أخلاقيات وحوكمة الحاسب هن: نورة القحطاني، رهف السويلم.,0.6055137837533829,0.9999999999,1.0,1.0
من هن الطالبات المساعدات لمادة أساسيات الأمن السيبراني؟,الطالبات المساعدات لمادة أساسيات الأمن السيبراني هن: دانه الغامدي، شهد المري.,"الطالبات المساعدات لمادة أساسيات الأمن السيبراني هن:

1. دانه الغامدي - البريد: danh.alghamdy@outlook.com
2. شهد المري - البريد: shhd.almry@outlook.com","['[row:18|part:0] (collection=student_helpers)\nطالبه مساعده الاسم: سميه الفوزان الماده: امن الشبكات السيبراني البريد: somyah.alfwzan@outlook.com', '[row:2|part:0] (collection=student_helpers)\nطالبه مساعده الاسم: دانه الغامدي الماده: اساسيات الامن السيبراني البريد: danh.alghamdy@outlook.com', '[row:3|part:0] (collection=student_helpers)\nطالبه مساعده الاسم: شهد المري الماده: اساسيات الامن السيبراني البريد: shhd.almry@outlook.com', '[row:19|part:0] (collection=student_helpers)\nطالبه مساعده الاسم: هند العواجي الماده: امن الشبكات السيبراني البريد: hnd.alawajy@outlook.com', '[row:17|part:0] (collection=student_helpers)\nطالبه مساعده الاسم: هيفاء الشهري الماده: امن الشبكات البريد: hyfa.alshhry@outlook.com', '[row:24|part:0] (collection=student_helpers)\nطالبه مساعده الاسم: ياسمين الرشيد الماده: امن البرمجيات البريد: yasmyn.alrshyd@outlook.com', '[row:16|part:0] (collection=student_helpers)\nطالبه مساعده الاسم: نجلاء البلوي الماده: امن الشبكات البريد: njla.alblwy@outlook.com', '[row:26|part:0] (collection=student_helpers)\nطالبه مساعده الاسم: ليان العريني الماده: امن قواعد البيانات البريد: lyn.alareny@outlook.com', '[row:147|part:0] (collection=student_helpers)\nطالبه مساعده الاسم: ميساء الشهري الماده: هندسه ومعماريه الامن السيبراني البريد: mysaa.alshhry@outlook.com', '[row:20|part:0] (collection=student_helpers)\nطالبه مساعده الاسم: صفاء العتيبي الماده: امن الوسيطيه السحابيه البريد: sfa.alatyby@outlook.com']",10,False,False,False,True,من هن الطالبات المساعدات لمادة أساسيات الأمن السيبراني؟,,[],,Q083,student_helpers,أساسيات الأمن السيبراني,easy,student_helpers.csv,student_helpers.csv | subject: أساسيات الأمن السيبراني,من هن الطالبات المساعدات لمادة أساسيات الأمن السيبراني؟,"['[row:18|part:0] (collection=student_helpers)\nطالبه مساعده الاسم: سميه الفوزان الماده: امن الشبكات السيبراني البريد: somyah.alfwzan@outlook.com', '[row:2|part:0] (collection=student_helpers)\nطالبه مساعده الاسم: دانه الغامدي الماده: اساسيات الامن السيبراني البريد: danh.alghamdy@outlook.com', '[row:3|part:0] (collection=student_helpers)\nطالبه مساعده الاسم: شهد المري الماده: اساسيات الامن السيبراني البريد: shhd.almry@outlook.com', '[row:19|part:0] (collection=student_helpers)\nطالبه مساعده الاسم: هند العواجي الماده: امن الشبكات السيبراني البريد: hnd.alawajy@outlook.com', '[row:17|part:0] (collection=student_helpers)\nطالبه مساعده الاسم: هيفاء الشهري الماده: امن الشبكات البريد: hyfa.alshhry@outlook.com', '[row:24|part:0] (collection=student_helpers)\nطالبه مساعده الاسم: ياسمين الرشيد الماده: امن البرمجيات البريد: yasmyn.alrshyd@outlook.com', '[row:16|part:0] (collection=student_helpers)\nطالبه مساعده الاسم: نجلاء البلوي الماده: امن الشبكات البريد: njla.alblwy@outlook.com', '[row:26|part:0] (collection=student_helpers)\nطالبه مساعده الاسم: ليان العريني الماده: امن قواعد البيانات البريد: lyn.alareny@outlook.com', '[row:147|part:0] (collection=student_helpers)\nطالبه مساعده الاسم: ميساء الشهري الماده: هندسه ومعماريه الامن السيبراني البريد: mysaa.alshhry@outlook.com', '[row:20|part:0] (collection=student_helpers)\nطالبه مساعده الاسم: صفاء العتيبي الماده: امن الوسيطيه السحابيه البريد: sfa.alatyby@outlook.com']","الطالبات المساعدات لمادة أساسيات الأمن السيبراني هن:

1. دانه الغامدي - البريد: danh.alghamdy@outlook.com
2. شهد المري - البريد: shhd.almry@outlook.com",الطالبات المساعدات لمادة أساسيات الأمن السيبراني هن: دانه الغامدي، شهد المري.,0.6546876288247635,0.0,1.0,1.0
من هن الطالبات المساعدات لمادة أساسيات الأمن السيبراني؟,الطالبات المساعدات لمادة أساسيات الأمن السيبراني هن: دانه الغامدي، شهد المري.,"الطالبات المساعدات لمادة أساسيات الأمن السيبراني هن:

1. دانه الغامدي - البريد: danh.alghamdy@outlook.com
2. شهد المري - البريد: shhd.almry@outlook.com","['[row:18|part:0] (collection=student_helpers)\nطالبه مساعده الاسم: سميه الفوزان الماده: امن الشبكات السيبراني البريد: somyah.alfwzan@outlook.com', '[row:2|part:0] (collection=student_helpers)\nطالبه مساعده الاسم: دانه الغامدي الماده: اساسيات الامن السيبراني البريد: danh.alghamdy@outlook.com', '[row:3|part:0] (collection=student_helpers)\nطالبه مساعده الاسم: شهد المري الماده: اساسيات الامن السيبراني البريد: shhd.almry@outlook.com', '[row:19|part:0] (collection=student_helpers)\nطالبه مساعده الاسم: هند العواجي الماده: امن الشبكات السيبراني البريد: hnd.alawajy@outlook.com', '[row:17|part:0] (collection=student_helpers)\nطالبه مساعده الاسم: هيفاء الشهري الماده: امن الشبكات البريد: hyfa.alshhry@outlook.com', '[row:24|part:0] (collection=student_helpers)\nطالبه مساعده الاسم: ياسمين الرشيد الماده: امن البرمجيات البريد: yasmyn.alrshyd@outlook.com', '[row:16|part:0] (collection=student_helpers)\nطالبه مساعده الاسم: نجلاء البلوي الماده: امن الشبكات البريد: njla.alblwy@outlook.com', '[row:26|part:0] (collection=student_helpers)\nطالبه مساعده الاسم: ليان العريني الماده: امن قواعد البيانات البريد: lyn.alareny@outlook.com', '[row:147|part:0] (collection=student_helpers)\nطالبه مساعده الاسم: ميساء الشهري الماده: هندسه ومعماريه الامن السيبراني البريد: mysaa.alshhry@outlook.com', '[row:20|part:0] (collection=student_helpers)\nطالبه مساعده الاسم: صفاء العتيبي الماده: امن الوسيطيه السحابيه البريد: sfa.alatyby@outlook.com']",10,False,False,False,True,من هن الطالبات المساعدات لمادة أساسيات الأمن السيبراني؟,,[],,Q084,student_helpers,أساسيات الأمن السيبراني,easy,student_helpers.csv,student_helpers.csv | subject: أساسيات الأمن السيبراني,من هن الطالبات المساعدات لمادة أساسيات الأمن السيبراني؟,"['[row:18|part:0] (collection=student_helpers)\nطالبه مساعده الاسم: سميه الفوزان الماده: امن الشبكات السيبراني البريد: somyah.alfwzan@outlook.com', '[row:2|part:0] (collection=student_helpers)\nطالبه مساعده الاسم: دانه الغامدي الماده: اساسيات الامن السيبراني البريد: danh.alghamdy@outlook.com', '[row:3|part:0] (collection=student_helpers)\nطالبه مساعده الاسم: شهد المري الماده: اساسيات الامن السيبراني البريد: shhd.almry@outlook.com', '[row:19|part:0] (collection=student_helpers)\nطالبه مساعده الاسم: هند العواجي الماده: امن الشبكات السيبراني البريد: hnd.alawajy@outlook.com', '[row:17|part:0] (collection=student_helpers)\nطالبه مساعده الاسم: هيفاء الشهري الماده: امن الشبكات البريد: hyfa.alshhry@outlook.com', '[row:24|part:0] (collection=student_helpers)\nطالبه مساعده الاسم: ياسمين الرشيد الماده: امن البرمجيات البريد: yasmyn.alrshyd@outlook.com', '[row:16|part:0] (collection=student_helpers)\nطالبه مساعده الاسم: نجلاء البلوي الماده: امن الشبكات البريد: njla.alblwy@outlook.com', '[row:26|part:0] (collection=student_helpers)\nطالبه مساعده الاسم: ليان العريني الماده: امن قواعد البيانات البريد: lyn.alareny@outlook.com', '[row:147|part:0] (collection=student_helpers)\nطالبه مساعده الاسم: ميساء الشهري الماده: هندسه ومعماريه الامن السيبراني البريد: mysaa.alshhry@outlook.com', '[row:20|part:0] (collection=student_helpers)\nطالبه مساعده الاسم: صفاء العتيبي الماده: امن الوسيطيه السحابيه البريد: sfa.alatyby@outlook.com']","الطالبات المساعدات لمادة أساسيات الأمن السيبراني هن:

1. دانه الغامدي - البريد: danh.alghamdy@outlook.com
2. شهد المري - البريد: shhd.almry@outlook.com",الطالبات المساعدات لمادة أساسيات الأمن السيبراني هن: دانه الغامدي، شهد المري.,0.6272522882592869,0.0,1.0,1.0
من هن الطالبات المساعدات لمادة أساسيات الإنسان الآلي؟,الطالبات المساعدات لمادة أساسيات الإنسان الآلي هن: غادة السديري، بيان اليحيا، سارة القحطاني، هناء الشهري، ياسمين الهذلي.,"الطالبات المساعدات لمادة أساسيات الإنسان الآلي هن:

1. بيان اليحيا - البريد: byan.alyhya@outlook.com
2. هناء الشهري - البريد: hna.alshhry@outlook.com
3. ياسمين الهذلي - البريد: yasmyn.alhthly@outlook.com
4. غاده السديري - البريد: ghadh.alsdyry@outlook.com
5. ساره القحطاني - البريد: sarh.alqhtany@outlook.com","['[row:5|part:0] (collection=student_helpers)\nطالبه مساعده الاسم: بيان اليحيا الماده: اساسيات الانسان الالي البريد: byan.alyhya@outlook.com', '[row:184|part:0] (collection=student_helpers)\nطالبه مساعده الاسم: هناء الشهري الماده: اساسيات الانسان الالي البريد: hna.alshhry@outlook.com', '[row:199|part:0] (collection=student_helpers)\nطالبه مساعده الاسم: ياسمين الهذلي الماده: اساسيات الانسان الالي البريد: yasmyn.alhthly@outlook.com', '[row:4|part:0] (collection=student_helpers)\nطالبه مساعده الاسم: غاده السديري الماده: اساسيات الانسان الالي البريد: ghadh.alsdyry@outlook.com', '[row:183|part:0] (collection=student_helpers)\nطالبه مساعده الاسم: ساره القحطاني الماده: اساسيات الانسان الالي البريد: sarh.alqhtany@outlook.com', '[row:45|part:0] (collection=student_helpers)\nطالبه مساعده الاسم: امل التميمي الماده: تفاعل الانسان والحاسب البريد: amal.altmymy@outlook.com', '[row:6|part:0] (collection=student_helpers)\nطالبه مساعده الاسم: اريج السديري الماده: اساسيات التحسين والبحوث البريد: aryj.alsdyry@outlook.com', '[row:10|part:0] (collection=student_helpers)\nطالبه مساعده الاسم: هند السويلم الماده: اساسيات معالجه اللغات الطبيعيه البريد: hnd.alswylim@outlook.com', '[row:13|part:0] (collection=student_helpers)\nطالبه مساعده الاسم: روان التميمي الماده: اسس تحليل البيانات البريد: rwan.altmymy@outlook.com', '[row:7|part:0] (collection=student_helpers)\nطالبه مساعده الاسم: حنان السدحان الماده: اساسيات التحسين والبحوث البريد: hnan.alsdhan@outlook.com']",10,False,False,False,True,من هن الطالبات المساعدات لمادة أساسيات الإنسان الآلي؟,,[],,Q085,student_helpers,أساسيات الإنسان الآلي,easy,student_helpers.csv,student_helpers.csv | subject: أساسيات الإنسان الآلي,من هن الطالبات المساعدات لمادة أساسيات الإنسان الآلي؟,"['[row:5|part:0] (collection=student_helpers)\nطالبه مساعده الاسم: بيان اليحيا الماده: اساسيات الانسان الالي البريد: byan.alyhya@outlook.com', '[row:184|part:0] (collection=student_helpers)\nطالبه مساعده الاسم: هناء الشهري الماده: اساسيات الانسان الالي البريد: hna.alshhry@outlook.com', '[row:199|part:0] (collection=student_helpers)\nطالبه مساعده الاسم: ياسمين الهذلي الماده: اساسيات الانسان الالي البريد: yasmyn.alhthly@outlook.com', '[row:4|part:0] (collection=student_helpers)\nطالبه مساعده الاسم: غاده السديري الماده: اساسيات الانسان الالي البريد: ghadh.alsdyry@outlook.com', '[row:183|part:0] (collection=student_helpers)\nطالبه مساعده الاسم: ساره القحطاني الماده: اساسيات الانسان الالي البريد: sarh.alqhtany@outlook.com', '[row:45|part:0] (collection=student_helpers)\nطالبه مساعده الاسم: امل التميمي الماده: تفاعل الانسان والحاسب البريد: amal.altmymy@outlook.com', '[row:6|part:0] (collection=student_helpers)\nطالبه مساعده الاسم: اريج السديري الماده: اساسيات التحسين والبحوث البريد: aryj.alsdyry@outlook.com', '[row:10|part:0] (collection=student_helpers)\nطالبه مساعده الاسم: هند السويلم الماده: اساسيات معالجه اللغات الطبيعيه البريد: hnd.alswylim@outlook.com', '[row:13|part:0] (collection=student_helpers)\nطالبه مساعده الاسم: روان التميمي الماده: اسس تحليل البيانات البريد: rwan.altmymy@outlook.com', '[row:7|part:0] (collection=student_helpers)\nطالبه مساعده الاسم: حنان السدحان الماده: اساسيات التحسين والبحوث البريد: hnan.alsdhan@outlook.com']","الطالبات المساعدات لمادة أساسيات الإنسان الآلي هن:

1. بيان اليحيا - البريد: byan.alyhya@outlook.com
2. هناء الشهري - البريد: hna.alshhry@outlook.com
3. ياسمين الهذلي - البريد: yasmyn.alhthly@outlook.com
4. غاده السديري - البريد: ghadh.alsdyry@outlook.com
5. ساره القحطاني - البريد: sarh.alqhtany@outlook.com",الطالبات المساعدات لمادة أساسيات الإنسان الآلي هن: غادة السديري، بيان اليحيا، سارة القحطاني، هناء الشهري، ياسمين الهذلي.,0.5565541696710866,0.0,1.0,1.0
في أي مادة تقدم الطالبة بيان اليحيا المساعدة الأكاديمية؟,تقدم الطالبة بيان اليحيا المساعدة الأكاديمية في مادة أساسيات الإنسان الآلي.,"تقدم الطالبة بيان اليحيا المساعدة الأكاديمية في مادة ""أساسيات الإنسان الآلي"".","['[row:5|part:0] (collection=student_helpers)\nطالبه مساعده الاسم: بيان اليحيا الماده: اساسيات الانسان الالي البريد: byan.alyhya@outlook.com', '[row:88|part:0] (collection=student_helpers)\nطالبه مساعده الاسم: شهد اليحيا الماده: رؤيه حاسوبيه البريد: shhd.alyhya@outlook.com', '[row:180|part:0] (collection=student_helpers)\nطالبه مساعده الاسم: بيان الدوسري الماده: حقيقه مختلطه البريد: byan.aldwsry@outlook.com', '[row:68|part:0] (collection=student_helpers)\nطالبه مساعده الاسم: بيان العبدالله الماده: تعلم الاله التطبيقي البريد: byan.alabdallah@outlook.com', '[row:92|part:0] (collection=student_helpers)\nطالبه مساعده الاسم: بيان الحازمي الماده: الرؤيه الحاسوبيه المتقدمه البريد: byan.alhazmy@outlook.com', '[row:82|part:0] (collection=student_helpers)\nطالبه مساعده الاسم: بيان الغامدي الماده: تمييز الاشكال البريد: byan.alghamdy@outlook.com', '[row:156|part:0] (collection=student_helpers)\nطالبه مساعده الاسم: هند الفوزان الماده: احصاءات طبيه و حيويه البريد: hnd.alfwzan@outlook.com', '[row:155|part:0] (collection=student_helpers)\nطالبه مساعده الاسم: صفاء السويلح الماده: احصاءات طبيه و حيويه البريد: sfa.alswylh@outlook.com', '[row:174|part:0] (collection=student_helpers)\nطالبه مساعده الاسم: عبير العوّاد الماده: الاحترافيه واعداد التقارير البريد: abeer.alawad@outlook.com', '[row:63|part:0] (collection=student_helpers)\nطالبه مساعده الاسم: شهد الهذلي الماده: تطبيقات في تحليل البيانات البريد: shhd.alhthly@outlook.com']",10,True,False,False,True,في أي مادة تقدم الطالبة بيان اليحيا المساعدة الأكاديمية؟,,[],,Q086,student_helpers,بيان اليحيا,easy,student_helpers.csv,student_helpers.csv | student: بيان اليحيا,في أي مادة تقدم الطالبة بيان اليحيا المساعدة الأكاديمية؟,"['[row:5|part:0] (collection=student_helpers)\nطالبه مساعده الاسم: بيان اليحيا الماده: اساسيات الانسان الالي البريد: byan.alyhya@outlook.com', '[row:88|part:0] (collection=student_helpers)\nطالبه مساعده الاسم: شهد اليحيا الماده: رؤيه حاسوبيه البريد: shhd.alyhya@outlook.com', '[row:180|part:0] (collection=student_helpers)\nطالبه مساعده الاسم: بيان الدوسري الماده: حقيقه مختلطه البريد: byan.aldwsry@outlook.com', '[row:68|part:0] (collection=student_helpers)\nطالبه مساعده الاسم: بيان العبدالله الماده: تعلم الاله التطبيقي البريد: byan.alabdallah@outlook.com', '[row:92|part:0] (collection=student_helpers)\nطالبه مساعده الاسم: بيان الحازمي الماده: الرؤيه الحاسوبيه المتقدمه البريد: byan.alhazmy@outlook.com', '[row:82|part:0] (collection=student_helpers)\nطالبه مساعده الاسم: بيان الغامدي الماده: تمييز الاشكال البريد: byan.alghamdy@outlook.com', '[row:156|part:0] (collection=student_helpers)\nطالبه مساعده الاسم: هند الفوزان الماده: احصاءات طبيه و حيويه البريد: hnd.alfwzan@outlook.com', '[row:155|part:0] (collection=student_helpers)\nطالبه مساعده الاسم: صفاء السويلح الماده: احصاءات طبيه و حيويه البريد: sfa.alswylh@outlook.com', '[row:174|part:0] (collection=student_helpers)\nطالبه مساعده الاسم: عبير العوّاد الماده: الاحترافيه واعداد التقارير البريد: abeer.alawad@outlook.com', '[row:63|part:0] (collection=student_helpers)\nطالبه مساعده الاسم: شهد الهذلي الماده: تطبيقات في تحليل البيانات البريد: shhd.alhthly@outlook.com']","تقدم الطالبة بيان اليحيا المساعدة الأكاديمية في مادة ""أساسيات الإنسان الآلي"".",تقدم الطالبة بيان اليحيا المساعدة الأكاديمية في مادة أساسيات الإنسان الآلي.,0.8140388424275786,0.9999999999,1.0,1.0
في أي مادة تقدم الطالبة أريج السديري المساعدة الأكاديمية؟,تقدم الطالبة أريج السديري المساعدة الأكاديمية في مادة أساسيات التحسين والبحوث.,"تقدم الطالبة أريج السديري المساعدة الأكاديمية في مادة ""أساسيات التحسين والبحوث"".","['[row:6|part:0] (collection=student_helpers)\nطالبه مساعده الاسم: اريج السديري الماده: اساسيات التحسين والبحوث البريد: aryj.alsdyry@outlook.com', '[row:149|part:0] (collection=student_helpers)\nطالبه مساعده الاسم: امل السديري الماده: هندسهكسيه وتحليل البرمج البريد: amal.alsdyry@outlook.com', '[row:4|part:0] (collection=student_helpers)\nطالبه مساعده الاسم: غاده السديري الماده: اساسيات الانسان الالي البريد: ghadh.alsdyry@outlook.com', '[row:182|part:0] (collection=student_helpers)\nطالبه مساعده الاسم: اريج العسيري الماده: معالجه اللغات الطبيعيه البريد: aryj.alasery@outlook.com', '[row:58|part:0] (collection=student_helpers)\nطالبه مساعده الاسم: ياسمين السديري الماده: تصميم عمليات البرمجيات البريد: yasmyn.alsdyry@outlook.com', '[row:118|part:0] (collection=student_helpers)\nطالبه مساعده الاسم: مرام السديري الماده: عماره الحوسبه السحابيه البريد: mram.alsdyry@outlook.com', '[row:43|part:0] (collection=student_helpers)\nطالبه مساعده الاسم: تهاني السديري الماده: تطوير وامن الويب البريد: thany.alsdyry@outlook.com', '[row:108|part:0] (collection=student_helpers)\nطالبه مساعده الاسم: جمانه السديري الماده: شبكات عصبيه البريد: jmana.alsdyry@outlook.com', '[row:86|part:0] (collection=student_helpers)\nطالبه مساعده الاسم: رغد السبيعي الماده: دوائر كهربائيه البريد: rghd.alsbyay@outlook.com', '[row:23|part:0] (collection=student_helpers)\nطالبه مساعده الاسم: غدير الحازمي الماده: امن البرمجيات البريد: ghdyr.alhazmy@outlook.com']",10,False,False,False,True,في أي مادة تقدم الطالبة أريج السديري المساعدة الأكاديمية؟,,[],,Q087,student_helpers,أريج السديري,easy,student_helpers.csv,student_helpers.csv | student: أريج السديري,في أي مادة تقدم الطالبة أريج السديري المساعدة الأكاديمية؟,"['[row:6|part:0] (collection=student_helpers)\nطالبه مساعده الاسم: اريج السديري الماده: اساسيات التحسين والبحوث البريد: aryj.alsdyry@outlook.com', '[row:149|part:0] (collection=student_helpers)\nطالبه مساعده الاسم: امل السديري الماده: هندسهكسيه وتحليل البرمج البريد: amal.alsdyry@outlook.com', '[row:4|part:0] (collection=student_helpers)\nطالبه مساعده الاسم: غاده السديري الماده: اساسيات الانسان الالي البريد: ghadh.alsdyry@outlook.com', '[row:182|part:0] (collection=student_helpers)\nطالبه مساعده الاسم: اريج العسيري الماده: معالجه اللغات الطبيعيه البريد: aryj.alasery@outlook.com', '[row:58|part:0] (collection=student_helpers)\nطالبه مساعده الاسم: ياسمين السديري الماده: تصميم عمليات البرمجيات البريد: yasmyn.alsdyry@outlook.com', '[row:118|part:0] (collection=student_helpers)\nطالبه مساعده الاسم: مرام السديري الماده: عماره الحوسبه السحابيه البريد: mram.alsdyry@outlook.com', '[row:43|part:0] (collection=student_helpers)\nطالبه مساعده الاسم: تهاني السديري الماده: تطوير وامن الويب البريد: thany.alsdyry@outlook.com', '[row:108|part:0] (collection=student_helpers)\nطالبه مساعده الاسم: جمانه السديري الماده: شبكات عصبيه البريد: jmana.alsdyry@outlook.com', '[row:86|part:0] (collection=student_helpers)\nطالبه مساعده الاسم: رغد السبيعي الماده: دوائر كهربائيه البريد: rghd.alsbyay@outlook.com', '[row:23|part:0] (collection=student_helpers)\nطالبه مساعده الاسم: غدير الحازمي الماده: امن البرمجيات البريد: ghdyr.alhazmy@outlook.com']","تقدم الطالبة أريج السديري المساعدة الأكاديمية في مادة ""أساسيات التحسين والبحوث"".",تقدم الطالبة أريج السديري المساعدة الأكاديمية في مادة أساسيات التحسين والبحوث.,0.5222074972770819,0.9999999999,1.0,1.0
في أي مادة تقدم الطالبة حنان السدحان المساعدة الأكاديمية؟,تقدم الطالبة حنان السدحان المساعدة الأكاديمية في مادة أساسيات التحسين والبحوث.,"تقدم الطالبة حنان السدحان المساعدة الأكاديمية في مادة ""أساسيات التحسين والبحوث"".","['[row:7|part:0] (collection=student_helpers)\nطالبه مساعده الاسم: حنان السدحان الماده: اساسيات التحسين والبحوث البريد: hnan.alsdhan@outlook.com', '[row:47|part:0] (collection=student_helpers)\nطالبه مساعده الاسم: جمانه السدحان الماده: تصميم المنطق الرقمي البريد: jmana.alsdhan@outlook.com', '[row:80|part:0] (collection=student_helpers)\nطالبه مساعده الاسم: تالا السدحان الماده: تمثيل المعرفه البريد: tala.alsdhan@outlook.com', '[row:109|part:0] (collection=student_helpers)\nطالبه مساعده الاسم: حنان الشمراني الماده: شبكات عصبيه البريد: hnan.alshmrany@outlook.com', '[row:38|part:0] (collection=student_helpers)\nطالبه مساعده الاسم: حنان الحارثي الماده: تدريب ميداني البريد: hnan.alharthy@outlook.com', '[row:156|part:0] (collection=student_helpers)\nطالبه مساعده الاسم: هند الفوزان الماده: احصاءات طبيه و حيويه البريد: hnd.alfwzan@outlook.com', '[row:108|part:0] (collection=student_helpers)\nطالبه مساعده الاسم: جمانه السديري الماده: شبكات عصبيه البريد: jmana.alsdyry@outlook.com', '[row:81|part:0] (collection=student_helpers)\nطالبه مساعده الاسم: دانه القحطاني الماده: تمييز الاشكال البريد: danh.alqhtany@outlook.com', '[row:10|part:0] (collection=student_helpers)\nطالبه مساعده الاسم: هند السويلم الماده: اساسيات معالجه اللغات الطبيعيه البريد: hnd.alswylim@outlook.com', '[row:95|part:0] (collection=student_helpers)\nطالبه مساعده الاسم: هدي السويلم الماده: رياضيات متقطعه البريد: hda.alswylim@outlook.com']",10,True,False,False,True,في أي مادة تقدم الطالبة حنان السدحان المساعدة الأكاديمية؟,,[],,Q088,student_helpers,حنان السدحان,easy,student_helpers.csv,student_helpers.csv | student: حنان السدحان,في أي مادة تقدم الطالبة حنان السدحان المساعدة الأكاديمية؟,"['[row:7|part:0] (collection=student_helpers)\nطالبه مساعده الاسم: حنان السدحان الماده: اساسيات التحسين والبحوث البريد: hnan.alsdhan@outlook.com', '[row:47|part:0] (collection=student_helpers)\nطالبه مساعده الاسم: جمانه السدحان الماده: تصميم المنطق الرقمي البريد: jmana.alsdhan@outlook.com', '[row:80|part:0] (collection=student_helpers)\nطالبه مساعده الاسم: تالا السدحان الماده: تمثيل المعرفه البريد: tala.alsdhan@outlook.com', '[row:109|part:0] (collection=student_helpers)\nطالبه مساعده الاسم: حنان الشمراني الماده: شبكات عصبيه البريد: hnan.alshmrany@outlook.com', '[row:38|part:0] (collection=student_helpers)\nطالبه مساعده الاسم: حنان الحارثي الماده: تدريب ميداني البريد: hnan.alharthy@outlook.com', '[row:156|part:0] (collection=student_helpers)\nطالبه مساعده الاسم: هند الفوزان الماده: احصاءات طبيه و حيويه البريد: hnd.alfwzan@outlook.com', '[row:108|part:0] (collection=student_helpers)\nطالبه مساعده الاسم: جمانه السديري الماده: شبكات عصبيه البريد: jmana.alsdyry@outlook.com', '[row:81|part:0] (collection=student_helpers)\nطالبه مساعده الاسم: دانه القحطاني الماده: تمييز الاشكال البريد: danh.alqhtany@outlook.com', '[row:10|part:0] (collection=student_helpers)\nطالبه مساعده الاسم: هند السويلم الماده: اساسيات معالجه اللغات الطبيعيه البريد: hnd.alswylim@outlook.com', '[row:95|part:0] (collection=student_helpers)\nطالبه مساعده الاسم: هدي السويلم الماده: رياضيات متقطعه البريد: hda.alswylim@outlook.com']","تقدم الطالبة حنان السدحان المساعدة الأكاديمية في مادة ""أساسيات التحسين والبحوث"".",تقدم الطالبة حنان السدحان المساعدة الأكاديمية في مادة أساسيات التحسين والبحوث.,0.5198614251076642,0.9999999999,1.0,1.0
في أي مادة تقدم الطالبة جود العبدالله المساعدة الأكاديمية؟,تقدم الطالبة جود العبدالله المساعدة الأكاديمية في مادة أساسيات الذكاء الاصطناعي.,"تقدم الطالبة جود العبدالله المساعدة الأكاديمية في مادة ""أساسيات الذكاء الاصطناعي"".","['[row:8|part:0] (collection=student_helpers)\nطالبه مساعده الاسم: جود العبدالله الماده: اساسيات الذكاء الاصطناعي البريد: jwd.alabdallah@outlook.com', '[row:122|part:0] (collection=student_helpers)\nطالبه مساعده الاسم: جود الحربي الماده: مقدمه برمجه البريد: jwd.alhrby@outlook.com', '[row:68|part:0] (collection=student_helpers)\nطالبه مساعده الاسم: بيان العبدالله الماده: تعلم الاله التطبيقي البريد: byan.alabdallah@outlook.com', '[row:125|part:0] (collection=student_helpers)\nطالبه مساعده الاسم: تالا العبدالله الماده: مقدمه في تعلم الاله البريد: tala.alabdallah@outlook.com', '[row:51|part:0] (collection=student_helpers)\nطالبه مساعده الاسم: عبير العبدالله الماده: تصميم ومعماريه البرمجيات البريد: abeer.alabdallah@outlook.com', '[row:142|part:0] (collection=student_helpers)\nطالبه مساعده الاسم: لين العبدالله الماده: هندسه امن البرمجيات البريد: lyn.alabdallah@outlook.com', '[row:121|part:0] (collection=student_helpers)\nطالبه مساعده الاسم: لين العبدالله الماده: مقدمه برمجه البريد: lyn.alabdallah@outlook.com', '[row:99|part:0] (collection=student_helpers)\nطالبه مساعده الاسم: جود العمران الماده: شبكات الاتصالات اللاسلكيه البريد: jwd.alomran@outlook.com', '[row:114|part:0] (collection=student_helpers)\nطالبه مساعده الاسم: مرام العبدالله الماده: علم البيانات البريد: mram.alabdallah@outlook.com', '[row:25|part:0] (collection=student_helpers)\nطالبه مساعده الاسم: تالا العبدالله الماده: امن قواعد البيانات البريد: tala.alabdallah@outlook.com']",10,False,False,False,True,في أي مادة تقدم الطالبة جود العبدالله المساعدة الأكاديمية؟,,[],,Q089,student_helpers,جود العبدالله,easy,student_helpers.csv,student_helpers.csv | student: جود العبدالله,في أي مادة تقدم الطالبة جود العبدالله المساعدة الأكاديمية؟,"['[row:8|part:0] (collection=student_helpers)\nطالبه مساعده الاسم: جود العبدالله الماده: اساسيات الذكاء الاصطناعي البريد: jwd.alabdallah@outlook.com', '[row:122|part:0] (collection=student_helpers)\nطالبه مساعده الاسم: جود الحربي الماده: مقدمه برمجه البريد: jwd.alhrby@outlook.com', '[row:68|part:0] (collection=student_helpers)\nطالبه مساعده الاسم: بيان العبدالله الماده: تعلم الاله التطبيقي البريد: byan.alabdallah@outlook.com', '[row:125|part:0] (collection=student_helpers)\nطالبه مساعده الاسم: تالا العبدالله الماده: مقدمه في تعلم الاله البريد: tala.alabdallah@outlook.com', '[row:51|part:0] (collection=student_helpers)\nطالبه مساعده الاسم: عبير العبدالله الماده: تصميم ومعماريه البرمجيات البريد: abeer.alabdallah@outlook.com', '[row:142|part:0] (collection=student_helpers)\nطالبه مساعده الاسم: لين العبدالله الماده: هندسه امن البرمجيات البريد: lyn.alabdallah@outlook.com', '[row:121|part:0] (collection=student_helpers)\nطالبه مساعده الاسم: لين العبدالله الماده: مقدمه برمجه البريد: lyn.alabdallah@outlook.com', '[row:99|part:0] (collection=student_helpers)\nطالبه مساعده الاسم: جود العمران الماده: شبكات الاتصالات اللاسلكيه البريد: jwd.alomran@outlook.com', '[row:114|part:0] (collection=student_helpers)\nطالبه مساعده الاسم: مرام العبدالله الماده: علم البيانات البريد: mram.alabdallah@outlook.com', '[row:25|part:0] (collection=student_helpers)\nطالبه مساعده الاسم: تالا العبدالله الماده: امن قواعد البيانات البريد: tala.alabdallah@outlook.com']","تقدم الطالبة جود العبدالله المساعدة الأكاديمية في مادة ""أساسيات الذكاء الاصطناعي"".",تقدم الطالبة جود العبدالله المساعدة الأكاديمية في مادة أساسيات الذكاء الاصطناعي.,0.9999982971401048,0.9999999999,1.0,1.0
في أي مادة تقدم الطالبة مريم الحربي المساعدة الأكاديمية؟,تقدم الطالبة مريم الحربي المساعدة الأكاديمية في مادة أساسيات الذكاء الاصطناعي.,تقدم الطالبة مريم الحربي المساعدة الأكاديمية في مادة أساسيات الذكاء الاصطناعي.,"['[row:9|part:0] (collection=student_helpers)\nطالبه مساعده الاسم: مريم الحربي الماده: اساسيات الذكاء الاصطناعي البريد: mrym.alhrby@outlook.com', '[row:164|part:0] (collection=student_helpers)\nطالبه مساعده الاسم: سمر الحربي الماده: جبر خطي البريد: smr.alhrby@outlook.com', '[row:69|part:0] (collection=student_helpers)\nطالبه مساعده الاسم: لمي الحربي الماده: تعلم الاله البريد: lma.alhrby@outlook.com', '[row:150|part:0] (collection=student_helpers)\nطالبه مساعده الاسم: جواهر الحربي الماده: هندسهكسيه وتحليل البرمج البريد: jawahr.alhrby@outlook.com', '[row:118|part:0] (collection=student_helpers)\nطالبه مساعده الاسم: مرام السديري الماده: عماره الحوسبه السحابيه البريد: mram.alsdyry@outlook.com', '[row:83|part:0] (collection=student_helpers)\nطالبه مساعده الاسم: بيسان الحربي الماده: جنائيات الحاسب البريد: bysan.alhrby@outlook.com', '[row:198|part:0] (collection=student_helpers)\nطالبه مساعده الاسم: مرام السبيعي الماده: تحليل البيانات البريد: mram.alsbyay@outlook.com', '[row:161|part:0] (collection=student_helpers)\nطالبه مساعده الاسم: مرام التميمي الماده: احتمالات احصائيه. جبر. عشوائيه البريد: mram.altmymy@outlook.com', '[row:122|part:0] (collection=student_helpers)\nطالبه مساعده الاسم: جود الحربي الماده: مقدمه برمجه البريد: jwd.alhrby@outlook.com', '[row:127|part:0] (collection=student_helpers)\nطالبه مساعده الاسم: مرام القحطاني الماده: مقدمه في شبكات الحاسب البريد: mram.alqhtany@outlook.com']",10,True,False,False,True,في أي مادة تقدم الطالبة مريم الحربي المساعدة الأكاديمية؟,,[],,Q090,student_helpers,مريم الحربي,easy,student_helpers.csv,student_helpers.csv | student: مريم الحربي,في أي مادة تقدم الطالبة مريم الحربي المساعدة الأكاديمية؟,"['[row:9|part:0] (collection=student_helpers)\nطالبه مساعده الاسم: مريم الحربي الماده: اساسيات الذكاء الاصطناعي البريد: mrym.alhrby@outlook.com', '[row:164|part:0] (collection=student_helpers)\nطالبه مساعده الاسم: سمر الحربي الماده: جبر خطي البريد: smr.alhrby@outlook.com', '[row:69|part:0] (collection=student_helpers)\nطالبه مساعده الاسم: لمي الحربي الماده: تعلم الاله البريد: lma.alhrby@outlook.com', '[row:150|part:0] (collection=student_helpers)\nطالبه مساعده الاسم: جواهر الحربي الماده: هندسهكسيه وتحليل البرمج البريد: jawahr.alhrby@outlook.com', '[row:118|part:0] (collection=student_helpers)\nطالبه مساعده الاسم: مرام السديري الماده: عماره الحوسبه السحابيه البريد: mram.alsdyry@outlook.com', '[row:83|part:0] (collection=student_helpers)\nطالبه مساعده الاسم: بيسان الحربي الماده: جنائيات الحاسب البريد: bysan.alhrby@outlook.com', '[row:198|part:0] (collection=student_helpers)\nطالبه مساعده الاسم: مرام السبيعي الماده: تحليل البيانات البريد: mram.alsbyay@outlook.com', '[row:161|part:0] (collection=student_helpers)\nطالبه مساعده الاسم: مرام التميمي الماده: احتمالات احصائيه. جبر. عشوائيه البريد: mram.altmymy@outlook.com', '[row:122|part:0] (collection=student_helpers)\nطالبه مساعده الاسم: جود الحربي الماده: مقدمه برمجه البريد: jwd.alhrby@outlook.com', '[row:127|part:0] (collection=student_helpers)\nطالبه مساعده الاسم: مرام القحطاني الماده: مقدمه في شبكات الحاسب البريد: mram.alqhtany@outlook.com']",تقدم الطالبة مريم الحربي المساعدة الأكاديمية في مادة أساسيات الذكاء الاصطناعي.,تقدم الطالبة مريم الحربي المساعدة الأكاديمية في مادة أساسيات الذكاء الاصطناعي.,0.4056102128141258,0.9999999999,1.0,1.0
ما رقم مكتب الدكتورة سامية السفري وكيف يمكن التواصل معها؟,رقم مكتب الدكتورة سامية السفري هو 17، ويمكن التواصل معها عبر ssalsefri@uj.edu.sa.,رقم مكتب الدكتورة سامية السفري هو 17.0، ويمكن التواصل معها عبر البريد الإلكتروني: ssalsefri@uj.edu.sa.,"['[row:0|part:0] (collection=faculty_offices)\nمكتب عضو هيئه تدريس الاسم: ساميه السفري رقم المكتب: 17.0 التواصل: ssalsefri@uj.edu.sa', '[row:23|part:0] (collection=faculty_offices)\nمكتب عضو هيئه تدريس الاسم: صفاء السفري رقم المكتب: 234.0 التواصل: sbalsfry@uj.edu.sa', '[row:26|part:0] (collection=faculty_offices)\nمكتب عضو هيئه تدريس الاسم: ساميه السنوسي رقم المكتب: 236.0 التواصل: ssmaddouri@uj.edu.sa', '[row:45|part:0] (collection=faculty_offices)\nمكتب عضو هيئه تدريس الاسم: سمر البلادي رقم المكتب: 252.0 التواصل: Salbladi@uj.edu.sa', '[row:35|part:0] (collection=faculty_offices)\nمكتب عضو هيئه تدريس الاسم: سحر سبح رقم المكتب: 242.0 التواصل: sfsabbeh@uj.edu.sa', '[row:7|part:0] (collection=faculty_offices)\nمكتب عضو هيئه تدريس الاسم: بسمه الحربي رقم المكتب: 213.0 التواصل: bmalharbi@uj.edu.sa', '[row:38|part:0] (collection=faculty_offices)\nمكتب عضو هيئه تدريس الاسم: الهام القحطاني رقم المكتب: 244.0 التواصل: eaalgahtani@ui.edu.sa', '[row:31|part:0] (collection=faculty_offices)\nمكتب عضو هيئه تدريس الاسم: قمر نايته رقم المكتب: 240.0 التواصل: gnaith@ui.edu.sa', '[row:12|part:0] (collection=faculty_offices)\nمكتب عضو هيئه تدريس الاسم: صفاء حبيب الله رقم المكتب: 223.0 التواصل: shhabiballah@uj.edu.sa', '[row:41|part:0] (collection=faculty_offices)\nمكتب عضو هيئه تدريس الاسم: ندي السالمي رقم المكتب: 246.0 التواصل: nalsalmi@uj.edu.sa']",10,True,False,False,True,ما رقم مكتب الدكتورة سامية السفري وكيف يمكن التواصل معها؟,,[],,Q091,faculty_offices,سامية السفري,easy,faculty offices csv,مكاتب_الدكتورات222[1].csv | doctor: سامية السفري,ما رقم مكتب الدكتورة سامية السفري وكيف يمكن التواصل معها؟,"['[row:0|part:0] (collection=faculty_offices)\nمكتب عضو هيئه تدريس الاسم: ساميه السفري رقم المكتب: 17.0 التواصل: ssalsefri@uj.edu.sa', '[row:23|part:0] (collection=faculty_offices)\nمكتب عضو هيئه تدريس الاسم: صفاء السفري رقم المكتب: 234.0 التواصل: sbalsfry@uj.edu.sa', '[row:26|part:0] (collection=faculty_offices)\nمكتب عضو هيئه تدريس الاسم: ساميه السنوسي رقم المكتب: 236.0 التواصل: ssmaddouri@uj.edu.sa', '[row:45|part:0] (collection=faculty_offices)\nمكتب عضو هيئه تدريس الاسم: سمر البلادي رقم المكتب: 252.0 التواصل: Salbladi@uj.edu.sa', '[row:35|part:0] (collection=faculty_offices)\nمكتب عضو هيئه تدريس الاسم: سحر سبح رقم المكتب: 242.0 التواصل: sfsabbeh@uj.edu.sa', '[row:7|part:0] (collection=faculty_offices)\nمكتب عضو هيئه تدريس الاسم: بسمه الحربي رقم المكتب: 213.0 التواصل: bmalharbi@uj.edu.sa', '[row:38|part:0] (collection=faculty_offices)\nمكتب عضو هيئه تدريس الاسم: الهام القحطاني رقم المكتب: 244.0 التواصل: eaalgahtani@ui.edu.sa', '[row:31|part:0] (collection=faculty_offices)\nمكتب عضو هيئه تدريس الاسم: قمر نايته رقم المكتب: 240.0 التواصل: gnaith@ui.edu.sa', '[row:12|part:0] (collection=faculty_offices)\nمكتب عضو هيئه تدريس الاسم: صفاء حبيب الله رقم المكتب: 223.0 التواصل: shhabiballah@uj.edu.sa', '[row:41|part:0] (collection=faculty_offices)\nمكتب عضو هيئه تدريس الاسم: ندي السالمي رقم المكتب: 246.0 التواصل: nalsalmi@uj.edu.sa']",رقم مكتب الدكتورة سامية السفري هو 17.0، ويمكن التواصل معها عبر البريد الإلكتروني: ssalsefri@uj.edu.sa.,رقم مكتب الدكتورة سامية السفري هو 17، ويمكن التواصل معها عبر ssalsefri@uj.edu.sa.,0.6591699648650718,0.9999999999,1.0,1.0
ما رقم مكتب الدكتورة ملاك الحربي وكيف يمكن التواصل معها؟,رقم مكتب الدكتورة ملاك الحربي هو 121، ويمكن التواصل معها عبر malharbi3@uj.edu.sa.,رقم مكتب الدكتورة ملاك الحربي هو 121، ويمكن التواصل معها عبر البريد الإلكتروني malharbi3@uj.edu.sa.,"['[row:1|part:0] (collection=faculty_offices)\nمكتب عضو هيئه تدريس الاسم: ملاك الحربي رقم المكتب: 121.0 التواصل: malharbi3@uj.edu.sa', '[row:49|part:0] (collection=faculty_offices)\nمكتب عضو هيئه تدريس الاسم: ملاك الحربي رقم المكتب: 257.0 التواصل: Malharbi3@ul.edu.sa', '[row:7|part:0] (collection=faculty_offices)\nمكتب عضو هيئه تدريس الاسم: بسمه الحربي رقم المكتب: 213.0 التواصل: bmalharbi@uj.edu.sa', '[row:78|part:0] (collection=faculty_offices)\nمكتب عضو هيئه تدريس الاسم: نهي بابكر رقم المكتب: 271.0 التواصل: nkbabakr@uj.edu.sa', '[row:45|part:0] (collection=faculty_offices)\nمكتب عضو هيئه تدريس الاسم: سمر البلادي رقم المكتب: 252.0 التواصل: Salbladi@uj.edu.sa', '[row:44|part:0] (collection=faculty_offices)\nمكتب عضو هيئه تدريس الاسم: منال لنجاوي رقم المكتب: 252.0 التواصل: Malinjawi@uj.edu.sa', '[row:60|part:0] (collection=faculty_offices)\nمكتب عضو هيئه تدريس الاسم: دلال بخيت رقم المكتب: 266.0 التواصل: dmbakheet@uj.edu.sa', '[row:75|part:0] (collection=faculty_offices)\nمكتب عضو هيئه تدريس الاسم: هاله بخش رقم المكتب: 271.0 التواصل: hibakhsh@uj.edu.sa', '[row:58|part:0] (collection=faculty_offices)\nمكتب عضو هيئه تدريس الاسم: مرام الصحفي رقم المكتب: 265.0 التواصل: malsahafi@uj.edu.sa', '[row:44|part:0] (collection=student_helpers)\nطالبه مساعده الاسم: مشاعل الحربي الماده: تطوير وامن الويب البريد: mshael.alhrby@outlook.com']",10,True,False,False,True,ما رقم مكتب الدكتورة ملاك الحربي وكيف يمكن التواصل معها؟,,[],,Q092,faculty_offices,ملاك الحربي,easy,faculty offices csv,مكاتب_الدكتورات222[1].csv | doctor: ملاك الحربي,ما رقم مكتب الدكتورة ملاك الحربي وكيف يمكن التواصل معها؟,"['[row:1|part:0] (collection=faculty_offices)\nمكتب عضو هيئه تدريس الاسم: ملاك الحربي رقم المكتب: 121.0 التواصل: malharbi3@uj.edu.sa', '[row:49|part:0] (collection=faculty_offices)\nمكتب عضو هيئه تدريس الاسم: ملاك الحربي رقم المكتب: 257.0 التواصل: Malharbi3@ul.edu.sa', '[row:7|part:0] (collection=faculty_offices)\nمكتب عضو هيئه تدريس الاسم: بسمه الحربي رقم المكتب: 213.0 التواصل: bmalharbi@uj.edu.sa', '[row:78|part:0] (collection=faculty_offices)\nمكتب عضو هيئه تدريس الاسم: نهي بابكر رقم المكتب: 271.0 التواصل: nkbabakr@uj.edu.sa', '[row:45|part:0] (collection=faculty_offices)\nمكتب عضو هيئه تدريس الاسم: سمر البلادي رقم المكتب: 252.0 التواصل: Salbladi@uj.edu.sa', '[row:44|part:0] (collection=faculty_offices)\nمكتب عضو هيئه تدريس الاسم: منال لنجاوي رقم المكتب: 252.0 التواصل: Malinjawi@uj.edu.sa', '[row:60|part:0] (collection=faculty_offices)\nمكتب عضو هيئه تدريس الاسم: دلال بخيت رقم المكتب: 266.0 التواصل: dmbakheet@uj.edu.sa', '[row:75|part:0] (collection=faculty_offices)\nمكتب عضو هيئه تدريس الاسم: هاله بخش رقم المكتب: 271.0 التواصل: hibakhsh@uj.edu.sa', '[row:58|part:0] (collection=faculty_offices)\nمكتب عضو هيئه تدريس الاسم: مرام الصحفي رقم المكتب: 265.0 التواصل: malsahafi@uj.edu.sa', '[row:44|part:0] (collection=student_helpers)\nطالبه مساعده الاسم: مشاعل الحربي الماده: تطوير وامن الويب البريد: mshael.alhrby@outlook.com']",رقم مكتب الدكتورة ملاك الحربي هو 121، ويمكن التواصل معها عبر البريد الإلكتروني malharbi3@uj.edu.sa.,رقم مكتب الدكتورة ملاك الحربي هو 121، ويمكن التواصل معها عبر malharbi3@uj.edu.sa.,0.6732659868073533,0.9999999999,1.0,1.0
ما رقم مكتب الدكتورة امل العمري وكيف يمكن التواصل معها؟,رقم مكتب الدكتورة امل العمري هو 127، ويمكن التواصل معها عبر aaalomari@uj.edu.sa.,رقم مكتب الدكتورة أمل العمري هو 127، ويمكن التواصل معها عبر البريد الإلكتروني: aaalomari@uj.edu.sa.,"['[row:2|part:0] (collection=faculty_offices)\nمكتب عضو هيئه تدريس الاسم: امل العمري رقم المكتب: 127.0 التواصل: aaalomari@uj.edu.sa', '[row:73|part:0] (collection=faculty_offices)\nمكتب عضو هيئه تدريس الاسم: رشا العمري رقم المكتب: 271.0 التواصل: rmalamri@ui.edu.sa', '[row:70|part:0] (collection=faculty_offices)\nمكتب عضو هيئه تدريس الاسم: عواطف العمري رقم المكتب: 271.0 التواصل: aralamri@uj.edu.sa', '[row:81|part:0] (collection=faculty_offices)\nمكتب عضو هيئه تدريس الاسم: امل بخاري رقم المكتب: nan التواصل: aabukhari@uj.edu.sa', '[row:7|part:0] (collection=faculty_offices)\nمكتب عضو هيئه تدريس الاسم: بسمه الحربي رقم المكتب: 213.0 التواصل: bmalharbi@uj.edu.sa', '[row:45|part:0] (collection=faculty_offices)\nمكتب عضو هيئه تدريس الاسم: سمر البلادي رقم المكتب: 252.0 التواصل: Salbladi@uj.edu.sa', '[row:33|part:0] (collection=student_helpers)\nطالبه مساعده الاسم: تالا العمري الماده: تحليل و اختراق الثغرات البريد: tala.alamry@outlook.com', '[row:55|part:0] (collection=faculty_offices)\nمكتب عضو هيئه تدريس الاسم: الاء عشماوي رقم المكتب: 263.0 التواصل: aaeshmawi@ui.edu.sa', '[row:5|part:0] (collection=faculty_offices)\nمكتب عضو هيئه تدريس الاسم: سمر محروس رقم المكتب: 127.0 التواصل: ssmahrous@uj.edu.sa', '[row:43|part:0] (collection=faculty_offices)\nمكتب عضو هيئه تدريس الاسم: ايمان الظاهري رقم المكتب: 249.0 التواصل: eaal-dhahery@uj.edu.sa']",10,True,False,False,True,ما رقم مكتب الدكتورة امل العمري وكيف يمكن التواصل معها؟,,[],,Q093,faculty_offices,امل العمري,easy,faculty offices csv,مكاتب_الدكتورات222[1].csv | doctor: امل العمري,ما رقم مكتب الدكتورة امل العمري وكيف يمكن التواصل معها؟,"['[row:2|part:0] (collection=faculty_offices)\nمكتب عضو هيئه تدريس الاسم: امل العمري رقم المكتب: 127.0 التواصل: aaalomari@uj.edu.sa', '[row:73|part:0] (collection=faculty_offices)\nمكتب عضو هيئه تدريس الاسم: رشا العمري رقم المكتب: 271.0 التواصل: rmalamri@ui.edu.sa', '[row:70|part:0] (collection=faculty_offices)\nمكتب عضو هيئه تدريس الاسم: عواطف العمري رقم المكتب: 271.0 التواصل: aralamri@uj.edu.sa', '[row:81|part:0] (collection=faculty_offices)\nمكتب عضو هيئه تدريس الاسم: امل بخاري رقم المكتب: nan التواصل: aabukhari@uj.edu.sa', '[row:7|part:0] (collection=faculty_offices)\nمكتب عضو هيئه تدريس الاسم: بسمه الحربي رقم المكتب: 213.0 التواصل: bmalharbi@uj.edu.sa', '[row:45|part:0] (collection=faculty_offices)\nمكتب عضو هيئه تدريس الاسم: سمر البلادي رقم المكتب: 252.0 التواصل: Salbladi@uj.edu.sa', '[row:33|part:0] (collection=student_helpers)\nطالبه مساعده الاسم: تالا العمري الماده: تحليل و اختراق الثغرات البريد: tala.alamry@outlook.com', '[row:55|part:0] (collection=faculty_offices)\nمكتب عضو هيئه تدريس الاسم: الاء عشماوي رقم المكتب: 263.0 التواصل: aaeshmawi@ui.edu.sa', '[row:5|part:0] (collection=faculty_offices)\nمكتب عضو هيئه تدريس الاسم: سمر محروس رقم المكتب: 127.0 التواصل: ssmahrous@uj.edu.sa', '[row:43|part:0] (collection=faculty_offices)\nمكتب عضو هيئه تدريس الاسم: ايمان الظاهري رقم المكتب: 249.0 التواصل: eaal-dhahery@uj.edu.sa']",رقم مكتب الدكتورة أمل العمري هو 127، ويمكن التواصل معها عبر البريد الإلكتروني: aaalomari@uj.edu.sa.,رقم مكتب الدكتورة امل العمري هو 127، ويمكن التواصل معها عبر aaalomari@uj.edu.sa.,0.7240083836493026,0.9999999999,1.0,1.0
ما رقم مكتب الدكتورة اميرة الخضير وكيف يمكن التواصل معها؟,رقم مكتب الدكتورة اميرة الخضير هو 127، ويمكن التواصل معها عبر aaal-khodair@uj.edu.sa.,رقم مكتب الدكتورة أميرة الخضير هو 127، ويمكن التواصل معها عبر البريد الإلكتروني: aaal-khodair@uj.edu.sa.,"['[row:3|part:0] (collection=faculty_offices)\nمكتب عضو هيئه تدريس الاسم: اميره الخضير رقم المكتب: 127.0 التواصل: aaal-khodair@uj.edu.sa', '[row:46|part:0] (collection=faculty_offices)\nمكتب عضو هيئه تدريس الاسم: غاده قشقري رقم المكتب: 252.0 التواصل: gagashgari@uj.edu.sa', '[row:27|part:0] (collection=faculty_offices)\nمكتب عضو هيئه تدريس الاسم: اريج الشطيري رقم المكتب: 237.0 التواصل: aoalshutayri@uj.edu.sa', '[row:71|part:0] (collection=faculty_offices)\nمكتب عضو هيئه تدريس الاسم: ايه حكيم رقم المكتب: 271.0 التواصل: amhakim@ui.edu.sa', '[row:38|part:0] (collection=faculty_offices)\nمكتب عضو هيئه تدريس الاسم: الهام القحطاني رقم المكتب: 244.0 التواصل: eaalgahtani@ui.edu.sa', '[row:56|part:0] (collection=faculty_offices)\nمكتب عضو هيئه تدريس الاسم: مشاعل خياط رقم المكتب: 263.0 التواصل: mkhayyat@uj.edu.sa', '[row:25|part:0] (collection=faculty_offices)\nمكتب عضو هيئه تدريس الاسم: فاطمه عسيري رقم المكتب: 235.0 التواصل: fyassiri@uj.edu.sa', '[row:59|part:0] (collection=faculty_offices)\nمكتب عضو هيئه تدريس الاسم: اسراء الغانمي رقم المكتب: 265.0 التواصل: iaalghanmi@uj.edu.sa', '[row:76|part:0] (collection=faculty_offices)\nمكتب عضو هيئه تدريس الاسم: روان حسوبه رقم المكتب: 271.0 التواصل: rshassoubah@uj.edu.sa', '[row:22|part:0] (collection=faculty_offices)\nمكتب عضو هيئه تدريس الاسم: هاله الحشيشه رقم المكتب: 233.0 التواصل: hhhachicha@uj.edu.sa']",10,True,False,False,True,ما رقم مكتب الدكتورة اميرة الخضير وكيف يمكن التواصل معها؟,,[],,Q094,faculty_offices,اميرة الخضير,easy,faculty offices csv,مكاتب_الدكتورات222[1].csv | doctor: اميرة الخضير,ما رقم مكتب الدكتورة اميرة الخضير وكيف يمكن التواصل معها؟,"['[row:3|part:0] (collection=faculty_offices)\nمكتب عضو هيئه تدريس الاسم: اميره الخضير رقم المكتب: 127.0 التواصل: aaal-khodair@uj.edu.sa', '[row:46|part:0] (collection=faculty_offices)\nمكتب عضو هيئه تدريس الاسم: غاده قشقري رقم المكتب: 252.0 التواصل: gagashgari@uj.edu.sa', '[row:27|part:0] (collection=faculty_offices)\nمكتب عضو هيئه تدريس الاسم: اريج الشطيري رقم المكتب: 237.0 التواصل: aoalshutayri@uj.edu.sa', '[row:71|part:0] (collection=faculty_offices)\nمكتب عضو هيئه تدريس الاسم: ايه حكيم رقم المكتب: 271.0 التواصل: amhakim@ui.edu.sa', '[row:38|part:0] (collection=faculty_offices)\nمكتب عضو هيئه تدريس الاسم: الهام القحطاني رقم المكتب: 244.0 التواصل: eaalgahtani@ui.edu.sa', '[row:56|part:0] (collection=faculty_offices)\nمكتب عضو هيئه تدريس الاسم: مشاعل خياط رقم المكتب: 263.0 التواصل: mkhayyat@uj.edu.sa', '[row:25|part:0] (collection=faculty_offices)\nمكتب عضو هيئه تدريس الاسم: فاطمه عسيري رقم المكتب: 235.0 التواصل: fyassiri@uj.edu.sa', '[row:59|part:0] (collection=faculty_offices)\nمكتب عضو هيئه تدريس الاسم: اسراء الغانمي رقم المكتب: 265.0 التواصل: iaalghanmi@uj.edu.sa', '[row:76|part:0] (collection=faculty_offices)\nمكتب عضو هيئه تدريس الاسم: روان حسوبه رقم المكتب: 271.0 التواصل: rshassoubah@uj.edu.sa', '[row:22|part:0] (collection=faculty_offices)\nمكتب عضو هيئه تدريس الاسم: هاله الحشيشه رقم المكتب: 233.0 التواصل: hhhachicha@uj.edu.sa']",رقم مكتب الدكتورة أميرة الخضير هو 127، ويمكن التواصل معها عبر البريد الإلكتروني: aaal-khodair@uj.edu.sa.,رقم مكتب الدكتورة اميرة الخضير هو 127، ويمكن التواصل معها عبر aaal-khodair@uj.edu.sa.,0.6307617830262381,0.9999999999,1.0,1.0
ما رقم مكتب الدكتورة مشاعل بوقري وكيف يمكن التواصل معها؟,رقم مكتب الدكتورة مشاعل بوقري هو 127، ويمكن التواصل معها عبر mtbogari@uj.edu.sa.,رقم مكتب الدكتورة مشاعل بوقري هو 127، ويمكن التواصل معها عبر البريد الإلكتروني mtbogari@uj.edu.sa.,"['[row:4|part:0] (collection=faculty_offices)\nمكتب عضو هيئه تدريس الاسم: مشاعل بوقري رقم المكتب: 127.0 التواصل: mtbogari@uj.edu.sa', '[row:56|part:0] (collection=faculty_offices)\nمكتب عضو هيئه تدريس الاسم: مشاعل خياط رقم المكتب: 263.0 التواصل: mkhayyat@uj.edu.sa', '[row:77|part:0] (collection=faculty_offices)\nمكتب عضو هيئه تدريس الاسم: مشاعل المعطاني رقم المكتب: 271.0 التواصل: Malmeatani@uj.edu.sa', '[row:44|part:0] (collection=student_helpers)\nطالبه مساعده الاسم: مشاعل الحربي الماده: تطوير وامن الويب البريد: mshael.alhrby@outlook.com', '[row:71|part:0] (collection=faculty_offices)\nمكتب عضو هيئه تدريس الاسم: ايه حكيم رقم المكتب: 271.0 التواصل: amhakim@ui.edu.sa', '[row:28|part:0] (collection=faculty_offices)\nمكتب عضو هيئه تدريس الاسم: ابتهال السقاف رقم المكتب: 237.0 التواصل: eaalsaggaf8@uj.edu.sa', '[row:7|part:0] (collection=faculty_offices)\nمكتب عضو هيئه تدريس الاسم: بسمه الحربي رقم المكتب: 213.0 التواصل: bmalharbi@uj.edu.sa', '[row:66|part:0] (collection=faculty_offices)\nمكتب عضو هيئه تدريس الاسم: ازهار مليباري رقم المكتب: 271.0 التواصل: amelabari@uj.edu.sa', '[row:78|part:0] (collection=faculty_offices)\nمكتب عضو هيئه تدريس الاسم: نهي بابكر رقم المكتب: 271.0 التواصل: nkbabakr@uj.edu.sa', '[row:173|part:0] (collection=student_helpers)\nطالبه مساعده الاسم: مشاعل المطيري الماده: الاحترافيه واعداد التقارير البريد: mshael.almtyry@outlook.com']",10,True,False,False,True,ما رقم مكتب الدكتورة مشاعل بوقري وكيف يمكن التواصل معها؟,,[],,Q095,faculty_offices,مشاعل بوقري,easy,faculty offices csv,مكاتب_الدكتورات222[1].csv | doctor: مشاعل بوقري,ما رقم مكتب الدكتورة مشاعل بوقري وكيف يمكن التواصل معها؟,"['[row:4|part:0] (collection=faculty_offices)\nمكتب عضو هيئه تدريس الاسم: مشاعل بوقري رقم المكتب: 127.0 التواصل: mtbogari@uj.edu.sa', '[row:56|part:0] (collection=faculty_offices)\nمكتب عضو هيئه تدريس الاسم: مشاعل خياط رقم المكتب: 263.0 التواصل: mkhayyat@uj.edu.sa', '[row:77|part:0] (collection=faculty_offices)\nمكتب عضو هيئه تدريس الاسم: مشاعل المعطاني رقم المكتب: 271.0 التواصل: Malmeatani@uj.edu.sa', '[row:44|part:0] (collection=student_helpers)\nطالبه مساعده الاسم: مشاعل الحربي الماده: تطوير وامن الويب البريد: mshael.alhrby@outlook.com', '[row:71|part:0] (collection=faculty_offices)\nمكتب عضو هيئه تدريس الاسم: ايه حكيم رقم المكتب: 271.0 التواصل: amhakim@ui.edu.sa', '[row:28|part:0] (collection=faculty_offices)\nمكتب عضو هيئه تدريس الاسم: ابتهال السقاف رقم المكتب: 237.0 التواصل: eaalsaggaf8@uj.edu.sa', '[row:7|part:0] (collection=faculty_offices)\nمكتب عضو هيئه تدريس الاسم: بسمه الحربي رقم المكتب: 213.0 التواصل: bmalharbi@uj.edu.sa', '[row:66|part:0] (collection=faculty_offices)\nمكتب عضو هيئه تدريس الاسم: ازهار مليباري رقم المكتب: 271.0 التواصل: amelabari@uj.edu.sa', '[row:78|part:0] (collection=faculty_offices)\nمكتب عضو هيئه تدريس الاسم: نهي بابكر رقم المكتب: 271.0 التواصل: nkbabakr@uj.edu.sa', '[row:173|part:0] (collection=student_helpers)\nطالبه مساعده الاسم: مشاعل المطيري الماده: الاحترافيه واعداد التقارير البريد: mshael.almtyry@outlook.com']",رقم مكتب الدكتورة مشاعل بوقري هو 127، ويمكن التواصل معها عبر البريد الإلكتروني mtbogari@uj.edu.sa.,رقم مكتب الدكتورة مشاعل بوقري هو 127، ويمكن التواصل معها عبر mtbogari@uj.edu.sa.,0.615306731587824,0.9999999999,1.0,1.0
أين يقع مكتب الدكتورة سمر محروس؟,يقع مكتب الدكتورة سمر محروس في المكتب رقم 127.,يقع مكتب الدكتورة سمر محروس في رقم 127.0.,"['[row:5|part:0] (collection=faculty_offices)\nمكتب عضو هيئه تدريس الاسم: سمر محروس رقم المكتب: 127.0 التواصل: ssmahrous@uj.edu.sa', '[row:45|part:0] (collection=faculty_offices)\nمكتب عضو هيئه تدريس الاسم: سمر البلادي رقم المكتب: 252.0 التواصل: Salbladi@uj.edu.sa', '[row:26|part:0] (collection=faculty_offices)\nمكتب عضو هيئه تدريس الاسم: ساميه السنوسي رقم المكتب: 236.0 التواصل: ssmaddouri@uj.edu.sa', '[row:58|part:0] (collection=faculty_offices)\nمكتب عضو هيئه تدريس الاسم: مرام الصحفي رقم المكتب: 265.0 التواصل: malsahafi@uj.edu.sa', '[row:35|part:0] (collection=faculty_offices)\nمكتب عضو هيئه تدريس الاسم: سحر سبح رقم المكتب: 242.0 التواصل: sfsabbeh@uj.edu.sa', '[row:2|part:0] (collection=faculty_offices)\nمكتب عضو هيئه تدريس الاسم: امل العمري رقم المكتب: 127.0 التواصل: aaalomari@uj.edu.sa', '[row:7|part:0] (collection=faculty_offices)\nمكتب عضو هيئه تدريس الاسم: بسمه الحربي رقم المكتب: 213.0 التواصل: bmalharbi@uj.edu.sa', '[row:32|part:0] (collection=faculty_offices)\nمكتب عضو هيئه تدريس الاسم: مني الذروي رقم المكتب: 240.0 التواصل: Mmaltherwi@ui.edu.sa', '[row:73|part:0] (collection=faculty_offices)\nمكتب عضو هيئه تدريس الاسم: رشا العمري رقم المكتب: 271.0 التواصل: rmalamri@ui.edu.sa', '[row:164|part:0] (collection=student_helpers)\nطالبه مساعده الاسم: سمر الحربي الماده: جبر خطي البريد: smr.alhrby@outlook.com']",10,True,False,False,True,أين يقع مكتب الدكتورة سمر محروس؟,,[],,Q096,faculty_offices,سمر محروس,easy,faculty offices csv,مكاتب_الدكتورات222[1].csv | doctor: سمر محروس,أين يقع مكتب الدكتورة سمر محروس؟,"['[row:5|part:0] (collection=faculty_offices)\nمكتب عضو هيئه تدريس الاسم: سمر محروس رقم المكتب: 127.0 التواصل: ssmahrous@uj.edu.sa', '[row:45|part:0] (collection=faculty_offices)\nمكتب عضو هيئه تدريس الاسم: سمر البلادي رقم المكتب: 252.0 التواصل: Salbladi@uj.edu.sa', '[row:26|part:0] (collection=faculty_offices)\nمكتب عضو هيئه تدريس الاسم: ساميه السنوسي رقم المكتب: 236.0 التواصل: ssmaddouri@uj.edu.sa', '[row:58|part:0] (collection=faculty_offices)\nمكتب عضو هيئه تدريس الاسم: مرام الصحفي رقم المكتب: 265.0 التواصل: malsahafi@uj.edu.sa', '[row:35|part:0] (collection=faculty_offices)\nمكتب عضو هيئه تدريس الاسم: سحر سبح رقم المكتب: 242.0 التواصل: sfsabbeh@uj.edu.sa', '[row:2|part:0] (collection=faculty_offices)\nمكتب عضو هيئه تدريس الاسم: امل العمري رقم المكتب: 127.0 التواصل: aaalomari@uj.edu.sa', '[row:7|part:0] (collection=faculty_offices)\nمكتب عضو هيئه تدريس الاسم: بسمه الحربي رقم المكتب: 213.0 التواصل: bmalharbi@uj.edu.sa', '[row:32|part:0] (collection=faculty_offices)\nمكتب عضو هيئه تدريس الاسم: مني الذروي رقم المكتب: 240.0 التواصل: Mmaltherwi@ui.edu.sa', '[row:73|part:0] (collection=faculty_offices)\nمكتب عضو هيئه تدريس الاسم: رشا العمري رقم المكتب: 271.0 التواصل: rmalamri@ui.edu.sa', '[row:164|part:0] (collection=student_helpers)\nطالبه مساعده الاسم: سمر الحربي الماده: جبر خطي البريد: smr.alhrby@outlook.com']",يقع مكتب الدكتورة سمر محروس في رقم 127.0.,يقع مكتب الدكتورة سمر محروس في المكتب رقم 127.,0.9999999999999999,0.9999999999,1.0,1.0
أين يقع مكتب الدكتورة ميعاد القثمي؟,يقع مكتب الدكتورة ميعاد القثمي في المكتب رقم 127.,يقع مكتب الدكتورة ميعاد القثمي في رقم 127.0.,"['[row:6|part:0] (collection=faculty_offices)\nمكتب عضو هيئه تدريس الاسم: ميعاد القثمي رقم المكتب: 127.0 التواصل: moalyuthmi@uj.edu.sa', '[row:46|part:0] (collection=faculty_offices)\nمكتب عضو هيئه تدريس الاسم: غاده قشقري رقم المكتب: 252.0 التواصل: gagashgari@uj.edu.sa', '[row:38|part:0] (collection=faculty_offices)\nمكتب عضو هيئه تدريس الاسم: الهام القحطاني رقم المكتب: 244.0 التواصل: eaalgahtani@ui.edu.sa', '[row:53|part:0] (collection=faculty_offices)\nمكتب عضو هيئه تدريس الاسم: تهاني القزدار رقم المكتب: 261.0 التواصل: Taalgazdar@uj.edu.sa', '[row:3|part:0] (collection=faculty_offices)\nمكتب عضو هيئه تدريس الاسم: اميره الخضير رقم المكتب: 127.0 التواصل: aaal-khodair@uj.edu.sa', '[row:45|part:0] (collection=faculty_offices)\nمكتب عضو هيئه تدريس الاسم: سمر البلادي رقم المكتب: 252.0 التواصل: Salbladi@uj.edu.sa', '[row:52|part:0] (collection=faculty_offices)\nمكتب عضو هيئه تدريس الاسم: اسيا الجحدلي رقم المكتب: 261.0 التواصل: aoaljabdali@uj.edu.sa', '[row:7|part:0] (collection=faculty_offices)\nمكتب عضو هيئه تدريس الاسم: بسمه الحربي رقم المكتب: 213.0 التواصل: bmalharbi@uj.edu.sa', '[row:71|part:0] (collection=faculty_offices)\nمكتب عضو هيئه تدريس الاسم: ايه حكيم رقم المكتب: 271.0 التواصل: amhakim@ui.edu.sa', '[row:11|part:0] (collection=faculty_offices)\nمكتب عضو هيئه تدريس الاسم: خلود جستينه رقم المكتب: 222.0 التواصل: kjataniah@uj.edu.sa']",10,True,False,False,True,أين يقع مكتب الدكتورة ميعاد القثمي؟,,[],,Q097,faculty_offices,ميعاد القثمي,easy,faculty offices csv,مكاتب_الدكتورات222[1].csv | doctor: ميعاد القثمي,أين يقع مكتب الدكتورة ميعاد القثمي؟,"['[row:6|part:0] (collection=faculty_offices)\nمكتب عضو هيئه تدريس الاسم: ميعاد القثمي رقم المكتب: 127.0 التواصل: moalyuthmi@uj.edu.sa', '[row:46|part:0] (collection=faculty_offices)\nمكتب عضو هيئه تدريس الاسم: غاده قشقري رقم المكتب: 252.0 التواصل: gagashgari@uj.edu.sa', '[row:38|part:0] (collection=faculty_offices)\nمكتب عضو هيئه تدريس الاسم: الهام القحطاني رقم المكتب: 244.0 التواصل: eaalgahtani@ui.edu.sa', '[row:53|part:0] (collection=faculty_offices)\nمكتب عضو هيئه تدريس الاسم: تهاني القزدار رقم المكتب: 261.0 التواصل: Taalgazdar@uj.edu.sa', '[row:3|part:0] (collection=faculty_offices)\nمكتب عضو هيئه تدريس الاسم: اميره الخضير رقم المكتب: 127.0 التواصل: aaal-khodair@uj.edu.sa', '[row:45|part:0] (collection=faculty_offices)\nمكتب عضو هيئه تدريس الاسم: سمر البلادي رقم المكتب: 252.0 التواصل: Salbladi@uj.edu.sa', '[row:52|part:0] (collection=faculty_offices)\nمكتب عضو هيئه تدريس الاسم: اسيا الجحدلي رقم المكتب: 261.0 التواصل: aoaljabdali@uj.edu.sa', '[row:7|part:0] (collection=faculty_offices)\nمكتب عضو هيئه تدريس الاسم: بسمه الحربي رقم المكتب: 213.0 التواصل: bmalharbi@uj.edu.sa', '[row:71|part:0] (collection=faculty_offices)\nمكتب عضو هيئه تدريس الاسم: ايه حكيم رقم المكتب: 271.0 التواصل: amhakim@ui.edu.sa', '[row:11|part:0] (collection=faculty_offices)\nمكتب عضو هيئه تدريس الاسم: خلود جستينه رقم المكتب: 222.0 التواصل: kjataniah@uj.edu.sa']",يقع مكتب الدكتورة ميعاد القثمي في رقم 127.0.,يقع مكتب الدكتورة ميعاد القثمي في المكتب رقم 127.,0.6888242318402827,0.9999999999,1.0,1.0
أين يقع مكتب الدكتورة بسمة الحربي؟,يقع مكتب الدكتورة بسمة الحربي في المكتب رقم 213.,مكتب الدكتورة بسمة الحربي يقع في رقم 213.,"['[row:7|part:0] (collection=faculty_offices)\nمكتب عضو هيئه تدريس الاسم: بسمه الحربي رقم المكتب: 213.0 التواصل: bmalharbi@uj.edu.sa', '[row:49|part:0] (collection=faculty_offices)\nمكتب عضو هيئه تدريس الاسم: ملاك الحربي رقم المكتب: 257.0 التواصل: Malharbi3@ul.edu.sa', '[row:1|part:0] (collection=faculty_offices)\nمكتب عضو هيئه تدريس الاسم: ملاك الحربي رقم المكتب: 121.0 التواصل: malharbi3@uj.edu.sa', '[row:83|part:0] (collection=student_helpers)\nطالبه مساعده الاسم: بيسان الحربي الماده: جنائيات الحاسب البريد: bysan.alhrby@outlook.com', '[row:132|part:0] (collection=student_helpers)\nطالبه مساعده الاسم: بسمه العقل الماده: مقدمه قواعد بيانات البريد: bsmah.alaql@outlook.com', '[row:0|part:0] (collection=faculty_offices)\nمكتب عضو هيئه تدريس الاسم: ساميه السفري رقم المكتب: 17.0 التواصل: ssalsefri@uj.edu.sa', '[row:42|part:0] (collection=student_helpers)\nطالبه مساعده الاسم: بسمه المالكي الماده: تطوير الويب البريد: bsmah.almlky@outlook.com', '[row:45|part:0] (collection=faculty_offices)\nمكتب عضو هيئه تدريس الاسم: سمر البلادي رقم المكتب: 252.0 التواصل: Salbladi@uj.edu.sa', '[row:44|part:0] (collection=student_helpers)\nطالبه مساعده الاسم: مشاعل الحربي الماده: تطوير وامن الويب البريد: mshael.alhrby@outlook.com', '[row:69|part:0] (collection=student_helpers)\nطالبه مساعده الاسم: لمي الحربي الماده: تعلم الاله البريد: lma.alhrby@outlook.com']",10,True,False,False,True,أين يقع مكتب الدكتورة بسمة الحربي؟,,[],,Q098,faculty_offices,بسمة الحربي,easy,faculty offices csv,مكاتب_الدكتورات222[1].csv | doctor: بسمة الحربي,أين يقع مكتب الدكتورة بسمة الحربي؟,"['[row:7|part:0] (collection=faculty_offices)\nمكتب عضو هيئه تدريس الاسم: بسمه الحربي رقم المكتب: 213.0 التواصل: bmalharbi@uj.edu.sa', '[row:49|part:0] (collection=faculty_offices)\nمكتب عضو هيئه تدريس الاسم: ملاك الحربي رقم المكتب: 257.0 التواصل: Malharbi3@ul.edu.sa', '[row:1|part:0] (collection=faculty_offices)\nمكتب عضو هيئه تدريس الاسم: ملاك الحربي رقم المكتب: 121.0 التواصل: malharbi3@uj.edu.sa', '[row:83|part:0] (collection=student_helpers)\nطالبه مساعده الاسم: بيسان الحربي الماده: جنائيات الحاسب البريد: bysan.alhrby@outlook.com', '[row:132|part:0] (collection=student_helpers)\nطالبه مساعده الاسم: بسمه العقل الماده: مقدمه قواعد بيانات البريد: bsmah.alaql@outlook.com', '[row:0|part:0] (collection=faculty_offices)\nمكتب عضو هيئه تدريس الاسم: ساميه السفري رقم المكتب: 17.0 التواصل: ssalsefri@uj.edu.sa', '[row:42|part:0] (collection=student_helpers)\nطالبه مساعده الاسم: بسمه المالكي الماده: تطوير الويب البريد: bsmah.almlky@outlook.com', '[row:45|part:0] (collection=faculty_offices)\nمكتب عضو هيئه تدريس الاسم: سمر البلادي رقم المكتب: 252.0 التواصل: Salbladi@uj.edu.sa', '[row:44|part:0] (collection=student_helpers)\nطالبه مساعده الاسم: مشاعل الحربي الماده: تطوير وامن الويب البريد: mshael.alhrby@outlook.com', '[row:69|part:0] (collection=student_helpers)\nطالبه مساعده الاسم: لمي الحربي الماده: تعلم الاله البريد: lma.alhrby@outlook.com']",مكتب الدكتورة بسمة الحربي يقع في رقم 213.,يقع مكتب الدكتورة بسمة الحربي في المكتب رقم 213.,0.640223513063747,0.9999999999,1.0,1.0
أين يقع مكتب الدكتورة هبه فصيح الدين؟,يقع مكتب الدكتورة هبه فصيح الدين في المكتب رقم 221.,مكتب الدكتورة هبه فصيح الدين يقع في رقم 221.,"['[row:8|part:0] (collection=faculty_offices)\nمكتب عضو هيئه تدريس الاسم: هبه فصيح الدين رقم المكتب: 221.0 التواصل: hafasihuddin@uj.edu.sa', '[row:12|part:0] (collection=faculty_offices)\nمكتب عضو هيئه تدريس الاسم: صفاء حبيب الله رقم المكتب: 223.0 التواصل: shhabiballah@uj.edu.sa', '[row:35|part:0] (collection=faculty_offices)\nمكتب عضو هيئه تدريس الاسم: سحر سبح رقم المكتب: 242.0 التواصل: sfsabbeh@uj.edu.sa', '[row:75|part:0] (collection=faculty_offices)\nمكتب عضو هيئه تدريس الاسم: هاله بخش رقم المكتب: 271.0 التواصل: hibakhsh@uj.edu.sa', '[row:38|part:0] (collection=faculty_offices)\nمكتب عضو هيئه تدريس الاسم: الهام القحطاني رقم المكتب: 244.0 التواصل: eaalgahtani@ui.edu.sa', '[row:54|part:0] (collection=faculty_offices)\nمكتب عضو هيئه تدريس الاسم: هديل الحصيني رقم المكتب: 261.0 التواصل: hmalhosaini@uj.edu.sa', '[row:62|part:0] (collection=faculty_offices)\nمكتب عضو هيئه تدريس الاسم: حنين حمدي رقم المكتب: 267.0 التواصل: hthimdi@uj.edu.sa', '[row:22|part:0] (collection=faculty_offices)\nمكتب عضو هيئه تدريس الاسم: هاله الحشيشه رقم المكتب: 233.0 التواصل: hhhachicha@uj.edu.sa', '[row:25|part:0] (collection=faculty_offices)\nمكتب عضو هيئه تدريس الاسم: فاطمه عسيري رقم المكتب: 235.0 التواصل: fyassiri@uj.edu.sa', '[row:17|part:0] (collection=faculty_offices)\nمكتب عضو هيئه تدريس الاسم: ارائك طاشكندي رقم المكتب: 229.0 التواصل: astashkandi@uj.edu.sa']",10,True,False,False,True,أين يقع مكتب الدكتورة هبه فصيح الدين؟,,[],,Q099,faculty_offices,هبه فصيح الدين,easy,faculty offices csv,مكاتب_الدكتورات222[1].csv | doctor: هبه فصيح الدين,أين يقع مكتب الدكتورة هبه فصيح الدين؟,"['[row:8|part:0] (collection=faculty_offices)\nمكتب عضو هيئه تدريس الاسم: هبه فصيح الدين رقم المكتب: 221.0 التواصل: hafasihuddin@uj.edu.sa', '[row:12|part:0] (collection=faculty_offices)\nمكتب عضو هيئه تدريس الاسم: صفاء حبيب الله رقم المكتب: 223.0 التواصل: shhabiballah@uj.edu.sa', '[row:35|part:0] (collection=faculty_offices)\nمكتب عضو هيئه تدريس الاسم: سحر سبح رقم المكتب: 242.0 التواصل: sfsabbeh@uj.edu.sa', '[row:75|part:0] (collection=faculty_offices)\nمكتب عضو هيئه تدريس الاسم: هاله بخش رقم المكتب: 271.0 التواصل: hibakhsh@uj.edu.sa', '[row:38|part:0] (collection=faculty_offices)\nمكتب عضو هيئه تدريس الاسم: الهام القحطاني رقم المكتب: 244.0 التواصل: eaalgahtani@ui.edu.sa', '[row:54|part:0] (collection=faculty_offices)\nمكتب عضو هيئه تدريس الاسم: هديل الحصيني رقم المكتب: 261.0 التواصل: hmalhosaini@uj.edu.sa', '[row:62|part:0] (collection=faculty_offices)\nمكتب عضو هيئه تدريس الاسم: حنين حمدي رقم المكتب: 267.0 التواصل: hthimdi@uj.edu.sa', '[row:22|part:0] (collection=faculty_offices)\nمكتب عضو هيئه تدريس الاسم: هاله الحشيشه رقم المكتب: 233.0 التواصل: hhhachicha@uj.edu.sa', '[row:25|part:0] (collection=faculty_offices)\nمكتب عضو هيئه تدريس الاسم: فاطمه عسيري رقم المكتب: 235.0 التواصل: fyassiri@uj.edu.sa', '[row:17|part:0] (collection=faculty_offices)\nمكتب عضو هيئه تدريس الاسم: ارائك طاشكندي رقم المكتب: 229.0 التواصل: astashkandi@uj.edu.sa']",مكتب الدكتورة هبه فصيح الدين يقع في رقم 221.,يقع مكتب الدكتورة هبه فصيح الدين في المكتب رقم 221.,0.6844323396344354,0.9999999999,1.0,1.0
أين يقع مكتب الدكتورة روان بلعوص؟,يقع مكتب الدكتورة روان بلعوص في المكتب رقم 222.,مكتب الدكتورة روان بلعوص يقع في رقم 222.0.,"['[row:9|part:0] (collection=faculty_offices)\nمكتب عضو هيئه تدريس الاسم: روان بلعوص رقم المكتب: 222.0 التواصل: rsbaalous@ui.edu.sa', '[row:76|part:0] (collection=faculty_offices)\nمكتب عضو هيئه تدريس الاسم: روان حسوبه رقم المكتب: 271.0 التواصل: rshassoubah@uj.edu.sa', '[row:84|part:0] (collection=student_helpers)\nطالبه مساعده الاسم: روان الغامدي الماده: جنائيات الحاسب البريد: rwan.alghamdy@outlook.com', '[row:107|part:0] (collection=student_helpers)\nطالبه مساعده الاسم: رنا البليهد الماده: شبكات عصبيه البريد: rna.alblhyd@outlook.com', '[row:179|part:0] (collection=student_helpers)\nطالبه مساعده الاسم: روان الفيفي الماده: حقيقه مختلطه البريد: rwan.alfyfy@outlook.com', '[row:13|part:0] (collection=student_helpers)\nطالبه مساعده الاسم: روان التميمي الماده: اسس تحليل البيانات البريد: rwan.altmymy@outlook.com', '[row:67|part:0] (collection=student_helpers)\nطالبه مساعده الاسم: روان السويلم الماده: تعلم الاله التطبيقي البريد: rwan.alswylim@outlook.com', '[row:60|part:0] (collection=student_helpers)\nطالبه مساعده الاسم: رويده البليهد الماده: تصور البيانات البريد: rwydh.alblhyd@outlook.com', '[row:13|part:0] (collection=faculty_offices)\nمكتب عضو هيئه تدريس الاسم: لطيفه الحارثي رقم المكتب: 226.0 التواصل: Imalharthi@ui.edu.sa', '[row:22|part:0] (collection=faculty_offices)\nمكتب عضو هيئه تدريس الاسم: هاله الحشيشه رقم المكتب: 233.0 التواصل: hhhachicha@uj.edu.sa']",10,True,False,False,True,أين يقع مكتب الدكتورة روان بلعوص؟,,[],,Q100,faculty_offices,روان بلعوص,easy,faculty offices csv,مكاتب_الدكتورات222[1].csv | doctor: روان بلعوص,أين يقع مكتب الدكتورة روان بلعوص؟,"['[row:9|part:0] (collection=faculty_offices)\nمكتب عضو هيئه تدريس الاسم: روان بلعوص رقم المكتب: 222.0 التواصل: rsbaalous@ui.edu.sa', '[row:76|part:0] (collection=faculty_offices)\nمكتب عضو هيئه تدريس الاسم: روان حسوبه رقم المكتب: 271.0 التواصل: rshassoubah@uj.edu.sa', '[row:84|part:0] (collection=student_helpers)\nطالبه مساعده الاسم: روان الغامدي الماده: جنائيات الحاسب البريد: rwan.alghamdy@outlook.com', '[row:107|part:0] (collection=student_helpers)\nطالبه مساعده الاسم: رنا البليهد الماده: شبكات عصبيه البريد: rna.alblhyd@outlook.com', '[row:179|part:0] (collection=student_helpers)\nطالبه مساعده الاسم: روان الفيفي الماده: حقيقه مختلطه البريد: rwan.alfyfy@outlook.com', '[row:13|part:0] (collection=student_helpers)\nطالبه مساعده الاسم: روان التميمي الماده: اسس تحليل البيانات البريد: rwan.altmymy@outlook.com', '[row:67|part:0] (collection=student_helpers)\nطالبه مساعده الاسم: روان السويلم الماده: تعلم الاله التطبيقي البريد: rwan.alswylim@outlook.com', '[row:60|part:0] (collection=student_helpers)\nطالبه مساعده الاسم: رويده البليهد الماده: تصور البيانات البريد: rwydh.alblhyd@outlook.com', '[row:13|part:0] (collection=faculty_offices)\nمكتب عضو هيئه تدريس الاسم: لطيفه الحارثي رقم المكتب: 226.0 التواصل: Imalharthi@ui.edu.sa', '[row:22|part:0] (collection=faculty_offices)\nمكتب عضو هيئه تدريس الاسم: هاله الحشيشه رقم المكتب: 233.0 التواصل: hhhachicha@uj.edu.sa']",مكتب الدكتورة روان بلعوص يقع في رقم 222.0.,يقع مكتب الدكتورة روان بلعوص في المكتب رقم 222.,0.673928651482716,0.9999999999,1.0,1.0
